image_stem,bytes,sha256
000bc83c,87800,1c0f36c121d3082955935a2a5aaa80de5d608da5d878118987931226df2ab045
0011a5ac,107851,345da796d207cecb0e289a1c3ec3f8300f83f5bc0de859d25d64ce3e479dc4d0
0011ecdc,86853,b7189d3ba16eb3e685e1c402d81d06e98951473762b485c5e1913f5976f755a1
0019356b,78546,3afd67399397f8a4946c157b18389cfea9f115bd6f49868ab54f648bd3ee25cf
001d986a,98324,0dda98b9324e11273c08826064b9f68d06d97fc7d44d8af8bd728d880780bc45
001e483f,114862,4e6008d14452b64ea43a18092170e3d2579391052f28d5df900e81fe7b0ea2fc
0042b15b,71826,8780e54684b37649075580d13875d16375d5eddef0dc4d9a43bea5fd1b7c801b
004d25e9,97493,daae2a8ae5d90330e680f17bad853050aa2308e60640fd59c9ff474d62feefac
0062a23c,82252,25db4d14ea1d441c23dd535aa85477618f4cf1ea35a093c26e1fa58bfa008db1
00681b1d,87312,c9e2aff9641bd639f3b937866efb143d1cdab9e1d0e7741340a3ba08a79a6d0a
006a2b09,69308,f53bae0f5b22916a500bc07240f4e81db577ecc12874e8c79e6f2c68bc067295
006ec13e,106614,a92d43e752dcb32bd4ee23300e2a8429088cd3d8357b5e20a259deed3dcf69c4
006ff13a,73621,c1cb08a03d88a54130706045b38af4aa73373f4f2186e98475c6e9c632d0a75f
007ed6ad,2448587,1688ea93dae3bfb188120c9f49d87b5db51c0e8d6770461935ff01a20a24f35d
00883f62,95841,608838351572ce94d0b34127f673b1c39ebc2e64ef3e8b142368a893f595b9fe
0098cd58,104981,bfb2cfedd7c4430129180639d5b2ae7881111db4448c57cbe30e91724554a7b8
009ee0d2,104600,e818af7f6346edb6d7a6f43fae925c994f1a14bfc92183f9c8780ba645073d22
00a354e6,76114,bcc95346dc945760beb56c900a92fb5399b32c60d5d02814a7461abcefaaa5e6
00ad64c4,103396,dba0a0147fd301c7f771d21daf3b8a56698dba2cae97d0605fbe764e247357fd
00ae488a,96024,bc75676eda49053fefc85fe7d73298bd51f7439f85e892e53d68febb59cdb057
00b175e1,3231782,ca74821d8616720d549d2cc0c55379ca3c1eaf3f712cd321f718566574dbb737
00b6e016,83418,8434ce9781a94afb500348c2f8ecc1b26a4198b5c27f18727aa5379b1653868a
00c431b5,85572,436346d9bc0f9f2a6a0355c4f62d166a05bba9666a9266c04430aa129eadd1ab
00c44019,100173,d2d09edba846da991918bb32bbccc9ee117c596599ffbe0dd8fabffa01c8c927
00c52566,79965,cd62fea7640cbdb7460c2e65e87159791b5fcb686e2ac9c2f8949363d6521b2f
00ca8767,296279,4033b484cc25ed36d18b9e7f44b09880d9501add969de6d0c5b173c8158cccaf
00d2d8f6,80982,0d7402c1b42c18ec1875e29203bc8a1de8007452007afec623e75ef1978e8dfd
00d33961,97902,893eb061a9f2007f0f9507cc0e19abb69480b09fc04ebd3158bc7c1b01a52696
00dbcca0,66233,602e37e15ba486ad04a87aa58d179e2d495acaa9b4f25218229da8564d895b7c
00e0bac9,127788,77c49afd4b682dc0ec268edd141fc94b9e748982ed3b73c6c3c3e526404a37d5
00e0fc6a,50875,864c73a675db52c6336d2e724de74f1ce9a7eeeb07a513d5669c05d0854d7993
00e496d0,103299,58d109b4940ba083bf418395c7a4b1f7154ca692d277efa73cb99540ae0238d8
00eb84fc,74910,20cc830ac7259f7287e76803ec0c0f0508e545bb85b05c647d36dda54b884aae
00f2258a,90636,4a3d9d0317ef464261f140f9b8631aa94a24e02530b22f41b6a38d0e431d79fb
00fa0b74,399787,bcdc42098815266be34c98454f52437925f1032dd92b5c1c4bcdf2608cba4955
00fd4702,101293,981c956bb91919d5af5eaf4cdd14416e4ab411e0d19d979fb9486309533518d4
010465a0,594452,77ccf478dee5390c08557be9e5305d5a5e441a140588230436283b762378a381
0108eea4,120697,dcf29d712df65f26e4376a9b4c917a2e9bdd0482c9c2cf81f626c7d5c2a9d32a
011d4053,97297,b6b9de188d32d66be93369d50b075493baa3bd865ffe6cd0cc6a80100c99566d
011f2d20,98635,488f5549512ab12d386113e0436c9b2d6d46fe0098ccdc656c2ab2d46d677141
0127815b,218695,89aea5ea362972204aca70c24f3cba4acf54b11764dbffb4a094c49c0cfd718b
01322f51,77661,cc055ed8867369bab81332fc8310dc2e6392be65376e78cbece0e86f22d918dc
01331773,2220434,6d2f1a0638312a93104ddfed73dd14728a58f530b5b63ff24e16a492fd2299e4
0133315d,77536,a723d5293608dcaca056ed595e330a1b0210f813095b29a9edf93f55c6499631
0134572a,75738,c478dfdb773a0af85c5943318d40be2bb799f261e7dbbad36d365cce9ad6ea05
0138a4a1,103065,ebadbb05008b3caad43b07aaaa46cbfe18d1f16e4c90d0d4214704583c4c8f6e
0140f2cd,83948,fb97b506668f3ad4adb8f28989ee56fe79c60aacece045dd161911b6e2133d30
014165fc,69913,5efd736b8510577dc41b2d96060445d24b0eb95e6b6ba6a9cf2bf1b679cfcc3c
014449a1,89224,49a61615d4c94a8b23e784e5dd9797ccff5743abc622d235d2461f1f2d80faa3
01482088,108019,c2d76eb7d7fb4d47218685ffa0250b5240644d849bb56d58df78575e4adb4fec
014834bc,122252,3cea059f5954ec9d203fb8bbcc9a7b0a1e7c39a4199f69db9a7c198fe75b52eb
0148622f,76385,70813416b8b474830c0e51e6c13bc1484dbba568d82137fc252d3dd090094f1b
01553107,84065,a0f6980ebe92d535cdcec07b9e3133cfaaae6442e93e770413db055d098393fc
015b830b,126209,84f953ad63cbbc90576c4be423e02c452c497db5018d7236a5dfcf4818706173
01688b49,104846,2aba6990cd8c84f73e6b1a5dae310120cda1d0dfa5b03ae8e78bd1650531052e
016ce849,98118,b04f21698e675d1ee083d208a8990bacc2fa3005cf5f3f414360b8d3d9c56429
0171f9a2,108685,8d602f78c6069111d956e5ea2e69e1284be3e8be1f625b021cc3363e2ca81419
017315a7,83074,7b330883fd0eac7e1691c0814d63d65f06eae57f7b1cd6397dc7bf34ad257099
017d536a,101408,c0ab29e41839cb5064fc1db9ad803adf0f73a7ee24dd1aca142e34334bed9d57
019adb3b,4023040,08163936c3c6bbb01c689ac76fb96f421114246cce23036344175b5206be378e
019beb3a,101912,be2c5dc8531bf28c4fb48e5fe441872668af4b3e9376ffdbd91aca090f2f0ff2
019e6ef9,89601,c65c94269c55f1fa662afe33755c4031565d3c6adfa77373502af87688074c6b
019f9713,68582,e2fd5a3ca3f970b09fa08462d426ef8db0611879c6758c1ce30faf6dfce3dd5d
01a344f2,1933410,0554f7cd120e494d68d6cbd62bd8907d99da152c8e19d2b7bd584b27771080e3
01afce85,81453,06ac2906e9d60f9146eb281c2dac0097ede325c04469dabbd4f1ab99f82e370e
01bc0ebf,111927,7bed9d1ec385966bece571f6048c4ff3d64aab47f89569466d47d6cbd1c01fe2
01c5cce3,100941,24a6b4066724c0d73d2c86cd8a441863cf0bde08c33d0958ceeffd731caa93b5
01c60417,81756,939fbedfd198ed0f68c6f21da2a746863705c182122b6d894065bd3026d87bcc
01c8c517,83656,309d1b7e676d41e8ed2b7892c1faa947da5cd406768eacdbed762e18feae34ba
01ceb696,110963,55f7be3a707728b5451f592ed948f4be78cab29443707d1b1d66a1124675d737
01d1e79d,95026,0507b5bcfd373067d72c6b216af1c66611930f0023de06f93367ecdbb1f0bbf6
01d6229b,80186,39f76d0ed052e3d186edb885a9f017f1e89ae71baa0f989897b0760e3aa0502e
01d8fc3f,95630,f3baaa0691f8b3d29e8542eb6e8db974a1bd4f2aab05e0fab96682b078dc375e
01de5210,98817,fea7b275ade163d3564f3dfabc023b57d765a208744efd77bdc251d34620361e
01dfa468,110984,8da0b0a7ca95f8efad9a6c7d8e09456dd52299cabd32bf0c68b392bfa8e3908b
01ef4019,74439,534b9ce888937ed278995351e0c5ff900f1096d4b733c37a470a6f702773860f
01f03f72,83510,aab45bc48a18f7713752fabac5c2499d446ff30de3a62b07253cfbf3cd97801c
01fab48a,80527,0a56a3ba6b4f077efede2a0785809a7462029f55be6ba9f7aa9f16c9cc03603a
02074061,73297,4e44416320c5997f25bab09f7adc200e5726f80a2eebc49d5efd592dc061a54b
020bcf2b,119654,b2fd7a1cf0814f74280298202ead0ddde6a7f89c0ce68b18c99f8f13b6e0c887
021096af,91435,8191353b29e301148e9aa5e830698b8d659d64652209fdeaed2639033d538c4e
021e9ed4,102280,dbe9ed384346fe9d7ab72a94c1e62d9c24f56b88d24cfcb04b9fafa385ee79df
022b1e62,75717,06a08496480c1eb4634c60bb14d24f184436309c1ac369679efb9014a2cd08e7
022ea82d,106787,5cecf1cf01ac00e07f3138612c70576accc7ab4f20e81382eebc58e1f487e7c4
023c9380,94210,d543b26f887f55f67889c6a7a5466a94da5a8c6e1a5782989f4c9c3fd1f0d927
02457e61,80657,1f600ec6ddd835bc203a679949ddff5a966dd0dd2ebedd5968038208b6080501
0249287f,87270,ac67b4b556440207154b4f211e895c48a6a6aa3c802ce9bac8bc7fe91f8e310f
0256c44e,71717,812a379e22df9a8126d0dd6f08d335f88fc9f6c6dc85874c0468d25b1492a7f1
0261099e,951330,faeb083b2e8eb6f927f769da259da91df7d94486839ff4618a3ddc114faa27fb
02639b8e,75428,416aaa35afd9c30ffadc4a670a3b714715cd91cad9954fe382539ca1a666531c
0283a8c0,272961,0332a3d2e9ec561a99d82842af6abe8f3d60ebb9ea9a287175393ec41cbcc8b2
029b9af3,105530,efec94811749bd930638563fd8fd4c7b5f3192dd0a8da0bfaf2db34f595de15f
02b1ab96,78120,5f1de6980f92a90b9409d90aeb34c673546d3c5f0decaed4884ce209c380b618
02b29ad7,93539,a0781538ae01ae2e0a9c39cb091b14d02fa91ed9919adc10760f31965fb00ba6
02b86114,99104,e14930fce84ace8ce0a0747f160034e87c0c688211e4f077bb950af9c7f1a17b
02b8bc2c,97642,622e01b995e842254b7ca483665d6f718173f03d6ae0bd79a8eac14d777df8df
02d86221,85044,773331b4774d96e33f8b021ca49c14cec3a58718206985d841096944d2d70a57
02de5642,116018,7342ce5ef1f7fcd12799ea90e730eeee00eb8e0d5c291bc347db52253a7c6008
02e6c23f,97899,76d2acc25736bd124fad99557a0e7e4dd2747bca932df3fc4974f1cf8c7b9bfe
02e6f1d8,89934,5ab61daa3d83c8b5f7e083e7a0c363618d0fa63755caa6fb32eefb45ca13d28e
02e81863,101650,b7508b6222abf4aecbad5076cc38ef97036f4b227f8ddadac15cf14ebc0f548d
02f53e58,119779,d781f6707f2f91ecf809538f6212fbd857b672f8cbfa3ea2b82ae044c03c344d
02f69fc2,101307,677b92f3354353c249b21decaacdd4a23667bcfc3e8fc6b186767701fd26ba08
02fa0b48,86683,144a2aef1a91cd511959a3608c951f72284dc858efd27c5a16632c0328745b54
030742b5,99797,9ae7acad018bbdd8062a053fa09701177eb9b4e0330ac8ef553732b9032a503e
03285031,78981,554d741ec2dd191b972909be2b909dff88633deac21c73e18f75deab452730ec
0346d379,2054139,10b968274de5568dea455bb666b096a372048d2de5ef55924019e2d60315e964
034948e8,115485,8c4fc99e7cc199fde791cff3034277c90e9db5c96e54b8f30673404c67c1306c
036404a3,77507,89f8c44b919fc0310dd03b04991b5b606fcad1771f80d6ee8c068b625f1e7431
0365e66e,75294,c8165823b29388ee951df84b6c58b1774a042d08b2c9bf5769b9f4e89aba89cf
0370c010,76303,ed9b6999f8dcfad28287e619b1ea750bd8d8c9198ff123cd4a9535c2608e6284
0372e98f,77166,1820b2910b11d5dea60c1f536f5a141a367e5643f9c4b6fc04c0075e5d03a01e
037b6303,65134,bbc45b90bcedc7add918a1c89ebddcbc90102ad2b36489bb52ad93ddfb23f8de
039766d7,76808,05393e0e4f9f6c208755ef5ea87680d4b08b3fd317fdf374d171b3203e6f928a
039f2af9,83180,9209057b1006023b0de3e11973d58d14ba777c3cff7a9b9383f611f8cd04a1eb
03a01d10,113869,9b9470638d164b91e41b33d9708400da1a5545e2f8b3ae997692a081acba0c18
03b1cd76,110218,5e4f517f9acc6c465c338fbc5daabb535ad46e79017cb1ded0d5b6fc3342c6a6
03b69f2b,90007,7eaf869fba030e029bfbac808869ff0c77b6867d129bea24e9fe84daddcd0fb6
03b7cb98,84276,91d6748bc3925b9b1e7c32a4f720a23603499a5d900a5c9f27a5ddfdb8a7b7a9
03bbebe9,71577,5c032840666e2687f14c7718ad873b92935866cb24bc20006ed605ff6ba7bb1d
03be8109,113068,794f3a0894e374bec509126cb69d9f2d2a504f3f63db0708f773f6966f5861ce
03c0058c,103572,598500c86a04ea7f2eeb84db724e4abaab5b5aa272a93e970cbed6827b2125b4
03cc4737,79168,4e03108771e9a57bc68e46a4938b0ca073287e297d483a83028c8bf9d3e6340b
03ceffea,117308,cb4959d1c715094bac9c4a935c6760561e6a2d8c3add8cb1a2b1a5544c874391
03d4d336,79932,9ce57de4f8faed0611937fc4fc098abb7c6d7ef32b2f72de1d0d70f599126d35
03d78bbf,88299,05773cfbc9be265c865332e6703b41d0e3aef7bfd6e1b7bf79f0f1a25e3c8ee0
03da277b,70214,27032162dd669dc3c4f20fa18776f903f2e1111ea2702b320c4f6e3c9f2cf45e
03dca2ad,92755,8829b67db35edeab1fb7656b65a4e39a2261223b2abb37e6ae6beea4b0248f46
03dd7620,106136,9b554fc358a70680d6be8274eafe0b83fe3aa7b3f6f0a35c647961dca7c0d737
03e18b94,78488,567c38e7a7875a4f6bc91dea7470cc453a2110ff3d363b63ed75e35ba8a16736
03e64360,315803,9c36b8b98770b70738f5d27b517564a2da66ee5cffa73e817a82b716f0cc1164
03e99b39,103789,e88b7fc421eec486f51ad32e9d466c160615caeac18f149c8a4241d0a9ec2d6e
03f1b170,104975,c160ad6d2f45f6fdcfeeee90cc80c6efbdff24af62e8e56dc0c5e9ae668e88b7
03f95b94,1367867,ef5cad7265ad6577703480cb11b20c027254ecf40ff47f5953f3bded497a9637
03fe565a,373248,8c4580818a4b4080d53305efb8d40870750981f6ddd36af67a2903fdd360398e
03fffd42,88815,8c4e4ee1508767c3f587daea8dfea3c5a23cf57c46f6219df7ed66e40b425517
0404afff,2344829,40be15b4d97d40f9a6e21fcb1eac4b813c25086a0bc727aa12bb1bc27514376b
0408b33f,115584,99943167a6a03c51ff301a50bad6f469c8dfd9f70c44a592b76161c86d831f5d
040a7978,97222,318e286900b606da00b5edd5461ff1a4a93e1eb548bb038d0ae83f6292fe58c0
040b3937,73733,a945ee172217432aadc42501e960ab245a1c567a58470a9a2df49eb3c39b577a
041aaa07,80889,883cb2c26742d8f0cc139c8f0541c1d7067333e7f6360809752c8dcbc997a307
04224384,107718,2a513e152bf8f5107437cb27ee2511d42d1cd62ba9603b9db9544ecf23148279
0422c486,84555,f5243002fa73e5eace1e98665135fb65477e786b3a77a25dd88e64fe6d388f6f
0423da0f,84934,7736fb070a05ee770bea14ca97a31673e80e7f3d797153f7096e0897ff536abf
0427674e,94569,56c102b4cfbc655c8b416e13426b2c0bdc478e3ef8cc64dd511af5cf9cb6b376
042b8f7a,80829,fd4bf659bdfe0578ed4b1ec80c4bea49218d60ab13b8432a3b1a4717175a771e
04628ea4,93853,543007b3a1fad5d5b58f285e1ed601895e2ca203279c55128686c050f0dc7081
046561a8,101447,1b86048bae8c7cb1d2387e3d66b972765dcf9b6d7802e943f7e37c902e20b44a
04687078,657922,675a20f28cd5923329f2766814c3fbdd2612189f5875c2ff0dad7d9d510a43b8
048f3edd,100971,dd1bf4e98a2d55ae88e77864513a1c936b822a5360014148fc7bf269370b0c8a
0497145f,111217,9a28763ec0805369b785ff0df98b4e69ae06d09509c768cff2b05a2b4e3b4a0a
0499a09d,74391,9a4bf7a0b60cb2b32481cf045528a2d641b6f8dee9cca90f746ce537c1c24115
049bd600,95984,37912b2518112e73af2fe33f36a349db72f43d750021521f2dd608d83c984b4c
04a6296c,108540,d3d39a7e93d1c25908b75c32f12a92945f0d09bed76471d25e7c0c0a4011f149
04c0ce95,90805,a952af4db4f53307195c2db03a7c052d00c22804c05583c77155bfab1b37d46a
04c28cec,87721,94b78789bf10af4965591eb0b3152e3991b1c443a3bfea4ba42173a9d3008718
04c2a628,107521,11edde6c6c47cf5830ada3a1041237dcd5b0d437988909a53892ed9ba54fcf0c
04d8f9ab,119803,ba28d68d4dfea58138f6871e855738edb3fbf60a0296f9bc0def6033a54c7791
04e1b161,83032,9151b9d8a3e10ed2b80769236b713c97b8fdb5a6dea5ede79a878d40df792ea7
04ebe849,141204,82e4487986046823d6ee9a9f49369fb2d9e13f7f6ddbe4050321fdb45c5b50d7
04f32fbf,106206,58f9a1ce5f52428c65cd5cc4a7a5b9d64c63263b68389c790164782e516fea22
04f570af,85057,964f4c74c77c0607732deeef672df717800200986b383f7e6b661bedf0a86d3d
050c9c26,451218,1a9406d4daf3d0e5ee9499abc930e7dd22c2314c6a1b985118d39adeba4933cc
05120601,101073,d1f297606306b6e89ecbc69d5788105f796960ff36f532dfc129ce724f56e98f
0513b2e0,184877,0ba09111ae99de540b731a522fa67b0ee2da8ba70a3872fc334b76d3d841f505
051e31ff,76119,fb228fc714c815e494689bd661d794ff498c928c2993b49c0566bfff0b9f4e0c
0521cd9f,84918,8273713e01bbb81149daa8602d0ca2762173cfa8995f618975ce2a83c2ad7b7d
05259250,71806,f5541979bb6d69c4ecb2ad882215c4ecb76bb00a3e7747591c1f52f29aea3fa1
05381c3f,90204,f0995437309c0825a01d99e57aafc4e45aac7e1eeb3f818e5568e6ae1f792cff
05441ecb,111978,200cd95b869393cf338fed53bff3567e44e948d47dbfe0875d7717cf901b1130
054a0854,109470,741fb3066e1f19f615bc42085e82ea362e3b4bf11bbea9563bbe42a4471d9197
055089e6,443732,70841204ad6fbe59381d716911a1c6f9775ea69aebb85d9fb704a99da7f4eb7d
05568143,77286,4a603c72e823387549d398183d4b436d0268542a1f06d370e32a77b22706e571
055fec6a,75189,3089baa20f71633d315d034d54fdd6825db5cc7a37cf3f67dcbef9f8b93aba1b
0560274e,103105,1db0b933e8ed05ee1def3512f7f9114f7cae7aa98dfd70ef38d4257d9ace6e2f
0566e84e,102697,d9bf93e88a9ec004dddde63f7645e904721eae6befb5e6d1d18f1041cc8d72f0
05672baa,102574,8eb5ec3ea64f35379581d29038653ff02f6b9ded23234bf43082024f180b8c5a
056a2d91,745206,7c312fbd48414b51541650c593cb3ad9c9be0bd6e9217e419b0e7e1c14cc1fee
0575b64e,105152,f079b9ac260006e9bf5aa2b877b4fc4981975be328f932869e42b50881052b62
057943d9,74136,c27f82e11c3d579f44815bcb81eeeb50f5111c2f148286eba93f7876fdecd63d
058ee5d1,80702,568a85a13557e4ec6e370d314557fa4c79856fbb69eeb22e282a46869bee3b12
05916d42,81507,24e61572cde56fd885994248d40eff06ed0adb19793ad8194928f8acea2c84d1
059decc1,279973,9115d578d35f8358a6338f6ece21aa2ae468486bdcbf85e05b2e3a2078817dd8
05a3f5cf,80415,301d6c6f84c32899bc3f71b8ec53be3d7adf74974698093f1ee8b44b9ac0b0b0
05b17d0b,658051,d029bc91bd8ea2ae59a7cbee87c2cf26effcfb87ffc55835db10b8d0d4201abd
05b890f7,101554,248816160f0c1eb62fecacd02644e71228d333ee62a98562bf74768370fd6f0f
05cf8031,76623,e78b3464c8433f71d1227df25ccec8fb5e3d834bbcb35ac3e0fd22732b3fcf04
05db3639,97746,ad2e9740a1315c504cb632cbee9751d62d20060592b5bd578a8b1896c10c63c3
05dbf967,113632,17853ce73737c2b1d8bc302230aa8065e4660273e0d0fee84abca312cbffb9fd
05ecdfc0,70459,49734571996653b59929d91c26e6144325ac459fe51c41b09782573032d51394
05ef230f,71485,2bfe0a2b6d6d044a1044d461f9082f1982e9c7ce04a9194e149c50fa6526236e
05fa31ed,78726,b6a828a61a334274b8aff184057ec21b230f9fe9886f2235da2ee1647eed81b9
05fda9b5,78269,442502653236fb82c761f3ecbb5489abe5950c407c2393b11f9f7d150048a99f
05fe1892,100464,94b7d26540059940b66d3378b517778a476b0defe4835d9bd4985d0fce1c5f99
05fff871,1877389,8f83910243770af36223306ef60a8db679d1420edadc6ed288ad19cff8c310cd
0601921e,122423,a6d8f51d9fb6c553f636dba191483c022beee6f5f601b04cd2e6ad16c92cf259
0606771d,598152,5fde32fe40e40e0a0d59b1db029972d97b728983538c99a6a12aeea7596b7220
060bc9d8,1509447,74388e293452186f02d6669abed1b36dcd92ba0a379bdf114e454ae98842a812
0610d6e3,83737,f81860723e8f0f47b272f97238bf315ce1089f7bb79127fb0d241cbbd5cbe662
06115eb1,117012,82a8bed9e118e85f9a43acccd3cf84d2f4a6974ea0a5962b158d344aa8768d06
0617dba8,78337,276c86a066fce3efc7b373f8248e3acd748996369b8d169ad51ce55e1bc6afca
061a287d,85231,fded28c950198f71dea3652718740e270235bf0abe7ee8b6f5627cfe4cc0c2ae
062e4b6e,103051,e5f0616f2ea7e484ee3e40aa7c8e3456ba884ae14091e093c035f4330496d1f4
0642ea89,109301,cee0bc17ef63fb9e4d475a48f59dd3522a3b46cac7b02b1ee95515dd12418449
0643b299,88502,d4d5b2855c1ae01b7db687852ae8984a9946f88f1d8c8e256821adc812ba634f
0645ce05,212506,960c6e43f47eeea95e4fd24410803d703f44343289a2cbd0d0611c706b24428a
0649f5cd,74271,5a0a7219e4ccda754c73442881ef4ab4932573811fa131f2a6c21e480fdbe649
0650a089,81755,fd0c1e7138526a4b9b36511677629e7fb99cf26b9f22745416b532e9205ec29b
0689b0ef,84587,33799d990e738b5336242c80a1bb33f6a4ff841832c32fe876786bbe16286d0e
068f946b,67951,699e6e357e263e0811c0783e2aa7840e25213782d8785dab5349f13d2365f73c
0696b8b6,101720,e4430342f4552a09742ec1bacf9278103a69cc72126aef93a3f5816543ba63f4
06ac12a1,96169,24a08c31c269de172f1b84ab5c14610cdd4bc35ca5f8f3cb2bedba890a2606e9
06d5e22d,74860,41731ae53f5f4e59d782402ff6e2e1514deb1be9db5f36fe3cc15287bebfaee6
06e114d5,76496,a75b5c610ac367880bf239e8533c04b009abd6e3defc71df5fa7266a94db705b
06e6c130,77971,4f756ce0a67f3181fbe0a3814d0491a95330e2d8b2a42f022e7b15c974b26210
06e7f8a1,86195,af9e2439b53f88eca1af11817e92343d257424da53dc34ec418a6e4f82b86297
06e8053a,87032,23ff970239d653880ee6e59c9cd2304b87a049781a7d991ade81bdaf9419be46
06e95b62,73983,79fa505ea1e7ca9244294b42b31069e64701ac579c29ce34445f6b922b9af31a
06ebde57,99934,efdeb0d1716f0da8bb6baca5534c37e52b0ec49bb926bb21d252d01c2abe2f6b
06f548e4,70910,70d0e1094372e3014aefbac8b63aaf1cfeb5d407a397c95d4ce01eac903dd950
06f58cc6,88336,83285496c5ba04efb71d958d957c158a892714eb5ae483389b772541c9638a97
06fe21ad,117380,a007b7be73c1090f45cae675e11d12b05e14eeef653259df31bf1a926622a48a
07008b75,79908,4f5d220d37e05c682c7e85e455a9e98fa5da3ba9b0a9e5f1553b1115d1607c06
07027000,92609,e135bd9d532db4f1ce152227cd945e44183f1e422acdc9d8a4383094ed4e637e
07147665,77936,e6766096b40e9d940a449f07e28484b0483683b2951d58174bc27a251ca8d67b
07213f25,107585,f9bde5f1feda3c51288d34f4994115a8989e95e78c62656f2600b21706b1bb17
072b4186,115754,84942eef3413135c9371a7ba3ac169188e1654389bebfca46de2cca8729cf247
072d2c5b,76081,916fa53ea7b4590821df5b7867bf156c97f1fabc03635c0e5707d546cd76e412
072df349,73360,801dfe984c1bf8179c3f489673421eb8a037d09d61f90c80b181268ba49dc18f
0731cb67,82819,0796706d39d1c3f0d8622b4e6aab7665e23dbaf7f4dd94b3536ca8601d07ec58
073827e0,97556,95bbda6910c4119dfa4099252f27422cdc87caf55419cd29625a836f163df3d1
0738f541,96998,892dfbed2bc32a524f59a8cfc5c87a49c90dce96b400518e40de0e432c9f62d3
0745ba98,90374,53cbeba308bc45de3d286719b2064f4cea077bf3aafaa1681a88d408a7e962ac
074b5670,98714,7aed3e55b8b29ca60cd9fe89f4e4a4c2176ccfc0d16fdf64ea8976a0f7d56c38
07581455,88055,77a5a57224ef4bf4e58a99ee65ae1f6d0a450a6467c7492d06e41180ff692aad
0760a607,85799,e4b551c20113326b5e1fb5973581f721fdafc57262179bb2b46a9c46f75a4353
0766e8c8,101469,e868dbef87f97a49191a0d5f10b30342200312fd7b4194189e7c3cdf040013c3
076e716e,95596,0d818f3cd6d30311a4484cd5176092b60328f811ee47a7dd86583b1e84fb3de7
0775eaab,84658,f2fa2a8962e4fe11df196d777bd709c6046bcffd50137605425850cad2ad58d3
0779bbb1,90494,9c47458a11dcb505db042d6a207649111d27d13b8cd91624772a88359ee61969
077e4af5,72751,7f0fc6241ecda40e643a33758b63d52a162ed9278bbcfbba9f855a1c35bde38b
0786b9ff,229514,dc41c0204b02c1f4b095cdf4c82400fa2072a29a73d34598e699f8730066ad9f
079b17d8,111910,54cd97c5e14781da495f6e990037d5c086009e4a536ec27631f5bfbf20293415
07a2471f,86832,391547b39ed3db7b1e29201b2457de121b725cff8d11429bd73528cbb6b89fef
07a55c45,120989,3962af98ccd9a44798118356a929399aa1978b95e7cd1320df83abdc3834d8ab
07a626fa,89020,5078257ae321febd1111e669ab0f6f41fb296de5c0505243ed01d121d74a700f
07abd7c3,65460,e800262b43e293cee58892a740d385d19c0458d7f067264c449af4e97aa7527b
07b59dfe,97386,e12eac3f3d1e174a731d3310a49c218cc7fc1ae83da954577065f37f54a1ac44
07bd9f57,92162,ce4d42c15545dfc7d7f0de25177d0f7b7c662df8ef2acc16bee63f3c07bb0ea3
07c7eba8,96427,e5704d18cb5c6c1d1f32e31647d381d2a8cc52fc92af99c1e3601f52668e3488
07d1fdcc,76669,854480eaa522ee95abc5e8f1610308a6c5cbb1f4d7f5e28949c0c151b44b784b
07ea5ae3,117205,f2f1ed91a36f9fdf1ac9700d6ea997f263051f8c57ef7bd0c54f3c2948bc1df0
07f01a46,100884,d0f11aa9b8b65aee9cf03c0075c811b0c63ee96dccb29145efbdcb576fba9779
07fa4155,310834,4301d52edaf31ce19bb9310ef661b9c0e3da0b768d27534b7c8f836e4cfe4b0e
0807a6de,71996,0319771aa9df4e5ec3c49d4d0fc363234f6f587e9b39cb80b3e8be0b7822baff
081335d3,114614,2ce14eaa460e13a3c6245b2d10261128afb704c7131fac7a959f62c97fb2f96b
082a94fa,77519,eed9271efb40aa3f0cfc756d2f83662b2299a0c63394ca3cc0b67495aed21271
082ee6d6,117483,238b4bdbf55702e566c5b35acbcd802279cf43f4ccf7dc1ac0e862ace666f3ab
0837168b,121301,d295186d47c6f710248920a005e3380abde0f192be39f8a11a4948a628e581d7
08575bb4,54818,cec384a910dff38f4e9477a361d0715e092e9d46159bb377bd79c70a3201de78
085b3259,82559,6ce14623ded62688a5ec893f5ee291936f439f788c34700b78ba883609c50548
085d2bdc,101560,b65708ddc1a9bd3ba674cea48cfc09dd2b191ffc4830e650fa257085a19fdc02
0864c114,80447,91d50c4198a6109834db96c97bab8f8cbc258121fd0c811debac369fe61ab143
086e1a88,82585,35681e1d41e4f1737c2c47375ce94970ab8000d3da1898d8dc4d31d24318ac63
0870dd54,99093,e46e2d9f4b7e5f4bb1448e2c9771bf446802921069ec5b7b2c5d19a1d2571ca0
0870e110,97319,0da49034ab9332decd70bf0b1ea2e8a3f4f6891619917062785d7fbf6f215496
0878f54d,134032,af260d870a1e1f3db8ad015a65cc697eaaf7caedb714cdc2a7f5192882a482c4
08856379,598027,3ac810762b9efddeb0d759128f1a2f35cdee5bfc9e45a66206f060e4ba761f60
088782ae,104305,146b7a9955d406cd120c6b0a3410c01cf26d19c24626070b3c0fe162c35b8964
08a5143d,92126,89f3405ec03e3ec2e3c4425859ff3d25b5fc596a11fb534d369b87022692afb0
08a6bde3,88117,ed49cfc644747957f81111e5d661bf2bc1b49f007cf84994ec67a81bce382208
08ad0114,84212,44f2dab24594e576b45730d5361c15b052da22344838ae65f1942f4476efb432
08b5a850,107582,b5e5e3f3e92e687ef321e42f4dbe500d522d1ea9c78d69bcb92798765fdaf6b5
08bd2fa3,98766,9a87629220df71278f5353e8846f8e5e88987fd681df277e8ba592eef3b33ef8
08d2e196,96571,6d70fc896b7a26c7348b7ce692440f6e9b525d534e21c11adf6346139d019a41
08d627b7,65596,2bcf796d986733b5e4b764ff9494e79a01106f9447ed08263c2c8bfba152c0eb
08e1c77d,98695,b4f90a11bc0803904d29ee1df1d0169886b6003eda58f4a454c792739494fc80
08e35751,134909,f0ee5c2831d76def171ebc9b70f3e4f540abccdd0061711c7b622811265b5e10
08e401ef,102526,0a0cc1b860167e4bdbde2193deb8223b6a010af376b7acbb20ae77fd3ed269e3
08ea83d4,74900,4eb4440b4a9fd4ed61aef62f3e300946000475b06743c8b2d548c446c5dfa57c
08ecef1e,74798,e62302e0770b0683786af3f0a64fadbe947c1448f496f865fdf7f2defc8292a7
08f021cc,89209,fb6009146c897aa1865f4036727800b29c8f32681aaf60bb8f95e2098c4acf1a
08f1e8a8,92700,f28e3c004f86b98afafa52a59e3320a5dd680fe0425e1e786fc88e036f4232f9
09109ec7,52300,2d81ea861ee2d7d237842e92ed27364a225d4d94a3e4527e5f3245cd0138375f
09154500,101359,83924f00b7b30458994ba6e6bf85640a3d72c7a0019e36b5eb55b7755fb88ff5
091ce8f0,106234,cdf6ad7ba777edd803504142832faf6d227c76f114e222a9c32e4ba041a13904
0920c95d,212467,0bd019fb9b4f8b1cd576a4763e4610420760ae56dfe37c9ff7964bfa168b8577
0924dd1d,76841,0a9cc80ba19235ff2bdc7b92676631b3860e9328ddb135e6ba5369cf90669e54
0926d2a0,94230,75f6c239702f5bcfa3c68eb0800bd4601e0399e94fab88e1ac2ff7d7d6d4e698
092e44a6,97778,d427936a8772cf433909dd0e0ee7ce6f73bae1baef530a1aaf09e677a745db03
0933fc64,87514,0c55822cd2490e6eb4f104ddde9f4567ce8bfd50c49eafcd2937014e5a9ecf44
0934349d,87765,bd29882bb626666d1ada389a691f01748718bd0348957032b762f3a4c7a56225
0944801e,106981,dd9e1c776814faf5b9674b392e0eeec79452d8b587d32d7b781241b25aeb7822
0947de45,114928,a33b24d0ffe470efab241e1c12482071caaa08a0759ba9a80beec73e8c4fef51
09557ea3,85695,75ab785cf79dfe949f6d7725a8e5c8926a7ff2cdcc673bad54966c9760587419
0963f388,85763,d8865ac6812dd42d182cb07a897a068d343ffe528f561b0b76f91dd75d134f3e
096552a4,86828,e2fc8b8031c549bb8df386690443b30dd333c278ba810b39c83c1d0df9d5ed99
0980e169,102222,c712ed1b5cd1d8bfb7a534f62a633dcf9760f471f8f83a8e939d35887bf8eceb
0983ad64,95009,21d2f0336cd7421744344d310d04dbb88f69de8b00469d49ba7bb4e5faddaebf
098fbc4f,84226,1114b789b113b29c2b9d11e65b764a4afdce237ef9b38e09bfcc85a0bde8c150
09960737,86613,df3aea184fdedda85b3888ebd176e14ed6e27b06a819b2f2e5f2b363882cf307
09b4c642,78527,54033cd5142e64f1b208c7a3d272ba73b8528def8c29142632bbe3c053a397da
09c864ec,79881,8dacd4724848c7e5b48c501371d7f3f1f0655917b0beeee60b3ae4d468c86d9c
09dcb486,92807,23bee595aaa7dfe3a206f653c9a14d5ca56b55897293569712b00835b012a03a
09f4e793,104489,94065c8b718491a2de07a29de08f25e1c925175c8ceddb31945a3e6874f0be2a
09f9fe37,97750,8200b443571f6d1001f6c02d7f5cf9e8a310329ecf71148b604882dbf91460f2
09fc09a4,74822,915c1a4113757091de6e7b2b58198330bea0ee5a85638ae249ee9cf0890a1e2f
0a030de3,95856,db015abf050e99879bd8f551fa1017396d53b9af0c37a1e28c0d78363c418474
0a0b211c,87042,c053cd4a1dddb51bce0a7c7edf4ccbcc0177cf36cdc6e0a9dc0c43da613438de
0a0bca2b,82972,6886bb73c5c3325b3c3e943584bea7b5fada1a2ff41dea108551d47155720816
0a176fa2,99517,2a1c99e85ab4c3da416745dfa1afb97e98cb4c6d80842fce41de099892fa40e4
0a1d74fe,110939,dd1b966724ef81527592f80b28a44dd5e5c6d2ac7e8958d7c46fe35fa77d407a
0a3268c5,72915,109a7ba1ac8f64ed4a04e4992ebaf36f7cc8d62eabb9febb13d78ba962d1a329
0a375299,101485,7b750184f97244943708fdbcc156dfb1d2ece35e54b5b4e44e3c9a1e7233c353
0a387497,104019,1bf047fc1f500f0770c00c0ee074ed94fa1ca89e9b512ea5af0e9b33b20fbc40
0a4bf28a,90658,fb813910e71b5b9f8f5a05e7b5ccf7bfeeb3d425ccfdf961161ed84543df2d6d
0a69a145,77611,e93c2a420a499271564e232b0cbdbf419a85d4fa3fb8ad51da156aa72375c66a
0a6cbad3,84446,c11ebedc2bd7add1c0b1613b3807fb3383ae3400e8ae97b292303e8005f72b73
0a735a24,97762,bbc4dcbeb93be8b1c35872ac2bcd5c1bdbdffdd3603c053a6c6ce3be89a163c7
0a785464,321892,a5e990895d382a2a7902bacc5554355bcbf8417679794537e1d6082c9556a284
0a8cee43,87843,82b253a593c96d6fd39edf5e1e952c48516ee534ca790af06262a514b462f727
0a9b6f86,64881,38d26e2762554a6d071d540b00b01a5b66c5743002db981459950cc4d4559d9e
0a9d5aa9,97768,9fa26037bbf1df2691b515dfefcfe941ccdff66db6f5671ba72af103d40a646f
0a9e0f44,78140,fb1877e6cbd4b9c2cb9731acc263a1161fec8d39c4ce8bfb9583e4c06e948c67
0aa31d66,83910,6066c0588dba55b832d5e09ad4057befd05334c2710b2417df80335d1a67f1b2
0aa9e8b5,392072,bbdafaa8e5a16c06c715c0af72f690a262bf683f1be00aaf1016c9c3447cc71c
0aacf28c,79236,e183acf255f4b225d182a30d8729186d023fc2b14c7e9c73b11474da945671a5
0ab3ee56,101714,1e5419093e9037cb6072d47f5c5f77baf4681420a6530aa83e20b5a8da2c9932
0ab838ef,86897,ff565c7e594dbc5036bf5584a8ecc13f6665dbd17b4552feea9894f9a66e72e2
0ac0a19c,106641,ccbc714d32cb220b06cb789a65ecf834b9a98e6b8d6364726ce12e868aba281a
0ac49382,107957,8c67b67c916f21dc22d82cbd731d5641234d640e52dc742171cf64dca49b3367
0ac561ed,103075,34e003d50032a4535a87a49f291c4198a0e0f394eb52f63e5a39d489162ad34b
0ac62abe,85902,0c8bebb4ec8cc7168886aeb393a9d08ea5ac4cfbcbe5e83313632153944f455d
0ac90377,116405,a1836375ef48b9ff7e632987f22ac2d6f7375a91310191de20cb00f78a7336fc
0acd5732,102367,792d384d49d097b6788eb413a4fe7a8c3e16cda9f6e65b7f66f6ea5158e5bf62
0ad2c6f8,69192,94af2beeab5a40a6a3c0bd6cf77601c34cf5712f8b8fc613b7b864974c4bae68
0adabcee,123312,7821feb3dc7ada8d8ad933fa10408c2f07ad4793676cba79376f79cbbc78ef55
0adb684f,117359,98fde7b5ff7672711890167c01f8ede1a931361aef55067a1a1975dfc24164b8
0adfc1a0,101866,409d331e15d5c4198d55e7edfc91b13056f38d87c3794d55dd5f125ad6993a94
0ae2a62c,112257,54d962c314e8999a55fab9c4d41f371e8aa1d640af65d27abf5c373d65fd0535
0ae7a4f3,81169,6bc6b9d6f167fbabd78a97065ed6293625402250f709ee636c5f5abe80214ff3
0aec08dc,95418,35f6f7f1f3a3b7f91d670c82c93b8b8cc62d8d1fc885dc74c3e871fa9f103b02
0aed0fd7,116750,719e6de71e2d01a8409f2dc45d6b1910b065ed686e3a4b176018679b1c4f7dd5
0af79233,352149,e66ff431828f50dc79a8133ed802010592e9ca3cb1c7d6224ff69ea5e1c068f3
0b042dc7,78855,71ed64b77ec56a2ff8394595fc800131c6e003891a476277ad767f7cee6bd8fb
0b048fe5,100661,d8de7feabb6f79e5a4dccb2229b5c2458c58fb6e011dbdf2389ceca25324e96c
0b0a1a4f,55934,4e8558c3bf89df08c9fe6471abac0b5dab5add2cd9d431092fc8a09099f6aa9a
0b0a82d1,113884,ef625a55a5ed2fc706ba09208fd60a60a89137455979b3003fd6b2afab52f5e8
0b0c21eb,83105,a2137defe2560b5b12529dd84ce79150059739832ae0c4c0eac4b972e916c7cf
0b197991,77310,fee7321458599959cdfa2cce5072840a0408e3efc4b3a7d045008581f85ecdd0
0b2b0f28,85556,265bf6cbbf558a1019e35e74037d39a5a8c1f7c53ac1ef65818befc3f22a0ec0
0b45cd66,100917,6a73b647f280a6b26a40bf40280f4fa4980b461e6c163be5055cf066faa5f0cd
0b47a266,77231,4f3d1395e2215c19b8902de4305a3c8dc17dc2ec26b72b8e5d27ee4e81592276
0b4d9960,85076,757c5990f61a9bcf201c18b8509ce7301be3376a37f0866c33cf05ccb35d033a
0b58bf55,73330,db0b797f2cef0ea52eb4d4cefecff6d8663922dd742c0a6e3c9f37fdedde5e12
0b5ef06e,104046,d4bd2087651759218d8d378f33f63ca68ce9423363fec94a1737369d02b20626
0b61970a,94233,ddd38ab2e3121d557ffba5efbacd5b9e9a5553f3f6e975b74665f28eb93dbb6e
0b77a41f,100794,654e9d4a3a3542b8e59df168f7cd2bac3855f09c17fcfedad4e8f496fbffa6e7
0b77f5e7,100282,06829623daa3be329a406c8d5d0676839f6ee6c0aed051adf177426f27c52606
0b86aa22,77019,36c1dcacc73bfebf9670102b23675da9649daaf9c6a2b3a8ff6a343787ac8f48
0b905848,3513579,5fb54d3caea6825c83bf27eaa5405734c420a51af4b485d609f833e1a7403c6d
0b925b7e,87267,3283215cb1fd47b34a7e2d2c94f44721165d2012733a056e36eb5afaa62beef1
0b93b70f,78411,edcb6d17781ea2893c938c5633165c28d53e01f5d9babdc1e51d3e0d9427fd06
0b94a85e,84615,18e1eb2819a337308ec7f58a91931342ccf8cc068f19889a356cb3d9f4fd1eaa
0b97e816,112864,bfed9bf21cb010aff4bc9bc2b5ae6bd11515ea4070ee46be6fdf2d8376b44e1e
0b998bde,316997,63f7b19361d471d02b7d2a8f2f80573ebcc34036d0aa275801018a825b968fc6
0b9ad921,325192,c0d47c80834a5b8ae394e5a9ec913d56d9546b07834d6f664bb5e2f9c1cb0e00
0b9f26f5,220279,880e7de99a1ba6fc1658766e665aa9489a6e7fdbb98d22dbc7f99a05058cb69c
0ba7ff7f,293041,e31fdf985bef92db7ad66b68ac944e461aeaabc3f4aea56ad3fc2a52992776a6
0ba96ad9,86352,c0fbf4e1bf435409f990df0f907fe2bf5e197126dc81ca0f6df1ba9f9c1d5ae4
0bb02e36,101439,d55bc0934e9b219052db34ee923a88cb297283c976fedb98366f453deabe6d1e
0bb2510d,79534,c43132b7184b2a5edbd91a3d315aac0749a8203312544037571240904ef6218d
0bc504d0,1923096,d99e341ab012a12a49d1cce7e369ca3e5795494a9b5de505cfa3d303bdfdb12d
0bc88886,2062519,b61f3cd1db7785070608ada8870131abfc94e1d089b035a01f469e561afa5370
0bca7495,105021,4fada13bd840e0cb5a1487993e20a1340bf2159fbceb85c564aca01d2e75dc83
0bceb179,71055,fd1d70358bc5f64ff364276b92c39b86e0e6c84ae26de5c768f0408ad86b27da
0be133b5,80839,2d36534c4c8880ff87f9d1715c9579db1fa5a8cdec18807b413185214c929e6f
0bf74d7e,92414,91a528acca756675e14bd485389a9f6c654242566c7f31a92724ae612cdcf48e
0c06a2db,82467,25ab6c473eb3ef9d2e9241ae2b14d254c1741204c2270ce61abb92efbc38be48
0c0a6b42,94544,db0b15804eb21473c3add2d4e2af749553e951fbc5dc1533d387c8c979da0a7d
0c0be986,99298,db82ec6e856b5f8979715f9eb824c6810f5b16714421abd1c7ddea7a7fe7efd1
0c0dd49b,93769,1629b2531f67e6193f0ff0425d9dd5cbcd1faa7884662bee312fd65feacd0413
0c1d087d,287052,aaaf6a931647138c5d96b3803c1580b2e3c9469aa16603fc2294cdf5018b39a6
0c262097,76354,a42e4bf9085e9ca4885def0728d2ab0665f58c7009c3801896c1ee2ea2055bc5
0c294e66,81636,629a863783d1304124efecfd47b53b9081bbf1d5a3709e086fb10c84b50b1246
0c39493e,71395,6483d53ab4e38de5819225b1630c40ef7f7c9189d94cc160034f701c46c86c41
0c3ab0c4,110967,7c65da6152b23fea43d727ac95af64cf6931a06c87b26e6c37cf6c94ab4f345e
0c3bea90,80377,90cb23994668246993c23a8ff4d09fb929398e3c8bfea6a9b89ff595c5c8ae12
0c3d981a,283401,3e035c4e43861bec1c3e20b772d199d6a161c509395e73a854100d42a81c61c2
0c476067,86460,4a12b0e65dac150655999e1c6bc29719ce2d66b4a1cdc164846c91ebc8db6607
0c59555e,97466,dda483236a2fffeb7178db852e199475ddc040f82e8c30c30d29642995ba4e98
0c607ec6,90940,c2f08f14ea8e1fc50d79e691e64145172a3c247bc0172436f612323ced01af7f
0c76e625,73538,13ada8c789d058baa835f46c3fe0397a03104231458003b8e7d3920b0673e35a
0c787f21,109561,6ee614e7f04be34ba33bd98bd17ef2ce74a250ad98f698fc4369af52777e12b9
0c81b9c8,73293,17bdb7d3a82e76ca7f23575ae59fdf7cc0b437b4b997f265f29d73ceabbea03e
0c8499b0,298675,0259c302fb2f18c5519f28453191a06534aaae3da694ed352fd40202d9d17db1
0c9bca24,86986,57f82a6e369bf07774f88e3707261104da14909b80a0af900c9330f9f7576588
0c9f7b9c,98538,85eba2f4a3a7ba5bace28adf27951be58024131fa6a01e438ce147e458617226
0ca5f293,75154,1d1e2d7c8eea38552c474d214f90988a655fdb365046cf2df0c3a953b5a8b64f
0cb83b5a,73275,e67209ea3f3e1e3c7a08713830ee675de03083a56665a9739a687537e429d833
0cbca657,2037949,2b8ccabf5d9616e8f76266d2ce755d7775957927522ab3d874ba47d094e32441
0ccd5709,81496,30c2b31cf88d1189198b38144303cbf0d8a467b88982864e1daaab7c2122dea4
0cd3614d,2468808,6a6e0dd550111f1df2dc7c58b69bfd5dd6b5014eaecf15c220b74584c3c8ff4f
0cdb68d7,334100,946ac58ecee05ec0defebdecb6c8e7716af1e9906b5c37c3f6a8baa6b1f6100b
0cdda529,323374,e0fe702a4385e242e18640f70da0b5f9b7bdac164a65683f27910aea2b4a972b
0ce4e08a,73079,30c0b36b12a0b0259913ca817fec4d864f8c603f505873b637718011b819dc60
0ce8d154,62024,949467a6b8a59d491ca907caca2eaacba6a00c9756e6f8f7ccf02ee5ac703da4
0cf82ba1,75449,5b2a8931383f3df2f99e81d2e192aa404eb671ebc85b0660880c3c4140ec5a4f
0cfa1906,115929,3347685fd5132119339e69f09b79e0569151814857ffae2132c4cf9847f80afe
0d03d166,101752,cb8f204d0894dba7996386e1f1f3dbd9263194490d08f9cad352bcd4ace96102
0d13cba3,108271,d0b2cbacefb3180bbbe6514e02cf126daf75031fc49d4388a94eea8e76e7940f
0d141c67,279993,d860fa63b6cd960cbb20563d1d2ddf9f7ad862d53e9d2ca6eafe4f658bc2d834
0d1567a8,77690,011033ff9a1c512fde8ceff9e87ba72390c0ff005f49748c7eae666b6f4546b8
0d185768,5469445,99cc61377bc0d18c399b0b9a24be2d7f20dd315538d6b2880b12121d47dc6418
0d1a7a6c,96710,b1be35ca592e3cdcee49a295860c1ba10fbaaf49fb769b05f506e9dffc271bb2
0d1c2e9f,96315,4298b21d13b3c499c338e9b193fdd8babf21946d8b5d050244bb461c550fb7e3
0d204531,107572,c483386b7b45333bddba9a16aa603ff0e7baddf48815db3cdc735039b7c22509
0d3428d6,106097,7097e1613da87e257001f55d23f5633548a0d6aaee65139e238c65b2288638df
0d45c6d3,70574,04ade13c10ca07fe8c63b56178bb81494cebd9d3022f71db189b2ca0be9b24a0
0d48db51,80026,922ccfd0d88862266f27b7baac24334dba8c4de350b126d4d70307ed05f5bc72
0d4e39aa,88048,d0d6490b6aa6ac17e523a738b99f6970b6e913dff7e4febddd1391699a2fc2fc
0d4f6603,75282,ca0813a091d772ae21a55c05e3e730223cb92bc8db346f69cef30a78c2227bf0
0d6ce0e3,108057,56214f52ee3206b05220cec2bb26906642056603cef82f7f22c50e45a5e43739
0d87542c,101221,e3039b0c122f7973abd03fef18ceee9943b0cad9a3f964f27dcf591d087d1310
0d886349,119544,512215c6d6154adde3a29b8694d00cfcda02d585d5601543680d4456b062b3f5
0d8d4aad,95234,65175631caecb4b48c1257544757d2bc12817eac545faa6b75acd84d0931f7c5
0d9589e8,82725,e2a16fe950e0628e1338845d0cf9606139af661b69dc50ec2afc549047dbee59
0d9f3a78,103087,151331efc502affcfe2bf58d9113230282457729cd272ed116e8461a6d589109
0da0812b,108468,f49ee71bc6a45b1faeb95df85fb12c8c893a805fe36fafd304f57d0a352acaf8
0db14319,74558,d8fd795e0d6fd26d7dac1dc53639e05084e174a5f8ae1b088be070bd6d029a16
0db86a0c,98240,6827866b198cd1faab32cfb30829b4cc9e78348673810ffa327675fb05b9c202
0dc68845,91195,ef92ad4514f261cf681512b12da26c0e178259a999d0e94c54ebd8f66ccdd393
0dd112bb,129632,7e9034b5abe8489b8360b1b408ee2ae5c2e4a2271df460ca2c11dfb0f8ad308f
0dd5a6e0,360302,7c0219b6f9e85b6b797c54d6ec4c02648de90a00f09c1dde7ac6f6c3e40bc38c
0dd8be0f,101454,2e3ec1b7455f99f51b6b8383cb116c5728956ec7de5fede4e3cdb345b3422388
0ddc7a3d,83639,68d82ffe4220963a43beed2c1172621ff7b46f57ebdd253ee6ab2a2e95025348
0dec2d26,77113,48779bd32522e25be65db73fb405653bb6304fa6fb4cc308049f743dc95f8659
0dec7f67,112084,8e602e2042788d264eba9a707c930f6eccce2a705befde18359257531a452f67
0deedc75,112132,74abd6652a645c501df3bb9f1a5b36374f8c0873f8315d1934a3f7268b1c0874
0df990db,86212,80c4ff51857a545515b7a14a4458a2bf5f5472a90330163c7a391c8a43e987df
0e03e814,112408,949dd65e3a34d7b9dd85cff570919e29d620d80562e8171dd4a38be0f93e2b0f
0e0e5612,86477,ef7809d6d2dc300299d5517049200f8f41e936732ef4eb4efeeda8d08101d278
0e16c447,440486,ed9001fc2fef964248d9e8f179f05ada25479725ca16691facfe5f087ae06976
0e1a7283,78173,512d3b54eb280888fc5a5abd4b2aceb20b0010a75f7b8c965455038fb4116c44
0e1c3023,94975,4e80ab6a10262a0d2c2087553affd7acf0176f485bd3b3e16c3f4ca1a9bab7c7
0e1d3230,1027695,3f54b1eba9a233a92e307ae054766f1737ea016815b72e8f62dd7c61babd6d89
0e1ef690,85323,78e390a5d288aa89be6469baa4ac3735667986adafd77fdacce4e8e049b89e37
0e22d74d,98735,013707a2501c001339472d9dbdd8a16ca82259e2e8cdbcce9178d272ee554e1e
0e2d3777,94439,7150b37359ef98b357e3f67b4755b45903da01703c17d5caa059ae7da64c7044
0e364ca4,80642,6ec15a142b6ea3915c8e69d85e942d474fe351cc8728700c3cd99a2f1aa7b94f
0e4385b5,104330,08092590255fefc076f16a03cb33feb3feae61689cd7cd5a5b0b0197d7066d3a
0e49e58e,67819,d8e39c50a9dbe11b5ba1d29ffe25b9fcf3f7abb935fe224692de8d441a1825de
0e4e0521,70170,87e026f34c2e8f353e995a0be0a61f8374035ee1d9a39bffde3afbf6b00fea01
0e4f8506,83063,5dfcba28b68d68cde63fd04c5ee34c4d411a4c39a53c4393e50b213b9d548772
0e63069b,89389,cff6019ab9392b5681e8f6c39e7132c263c81e2d8a250aeb34fcc64d1887e5a6
0e654a57,98827,16813fb8f2baaf6133d05e3153fc59adf4ad539aa7ca708c6af8da2c7a365f25
0e6999c0,102725,e4f9348161b6fe2214f5a3617af071b49254965be1332d31edcdd25473e8f2ab
0e7340e3,91585,17c8a66d163fa967344b6cb720542c53d04ad158bed757eb315d6abb0d55076c
0e8019ae,98194,0790aa4758c4090033cbed1e148b94a8d3fb9fb36e5377b18d45b04249534c00
0e8e4c8f,77473,fb9ad87347dae52db757c4b3914f09426be3c2de923da10e1bd1f3ba411b1cf6
0e92c1e8,97979,eca1a0ba3e2656b225738031be569dd3c052f3f43b4eb121f887caddd450cf00
0ea95876,89316,7b12aec2bf8e1f74a10ab5cda66fcb75cf69617821ed7f39b959531125771534
0eabc43e,103012,2eb339f2d48a93d229696a60fc2bf4738fed5107342b6fc4c19b5a5fd70c7d5b
0eb133c7,83177,d07df6171e89976fda00196df2c9b0718d4e3c52f63ed44404826d0dea028a30
0eb18d06,89933,1725946fd514c7520dd1ee7d56b4a0472560f9b31b316d86a58b5eb2e00b20d5
0eb8c24f,108955,78b5faa68f7b565c71f8b5dadee7af88894bcadaea204b25d498cc65caee0f88
0ec9571c,96880,4c22d880464f96a511e495f36396b85b46ba6ab1e35a84660632e08d26240f92
0ecc3ae8,99696,ccdfe92fe9c3d7ff5336350157c671098b63291c0dc257dba9299ffae8f48d32
0eccace9,104853,787f16e90b83f06130a628a4d004d4657b6d5b8cf363b9ab14af96b9e300c6a8
0ece1458,81061,696eb60b348651d43608435610ef8985235bcbd55fb09a421b62d52c2dcc16ed
0ed791e7,100982,60672963fc104d01562bb3223b1c9f3f458b3a193f014bee90cbc1ac2f2abf9a
0ed92b08,93011,aae13c96983e8ed7a88776a03446e44aed3e4665a9804c689e5af1aabc4944a8
0ee8376a,85531,b0f2d614a73a1a139ae174522541f98ab380b010cea22fcefe8b6828c472b5e9
0eff1323,103054,d1535ea7ddb10d186f9472364827cc8730c0dc394c15ff16dc790752773070ee
0f0e3b4a,83040,5c84990f8794e6143a8f6fc6e0a3ce0dae096f0834c093f44e0205484506213a
0f0e7e80,71150,ba00584145554e63786888d5a31281c2247d0a7f267825f35d6b63c3c92daab3
0f117353,81469,af99e67535a7cff55575c75ee1d297eddf52b2b2ed8ff9e5adcbf6643dc3695b
0f1490b7,93122,cb32380feea07dabe2ee395c9ebd7cd57a193f303b75f84db903d36626529ff2
0f1aa7c4,72361,b3e80b78211c0d04d8dce60d14760d4e4dd807e8640ff5cb145432b68ce29bcd
0f1ba2ac,67833,b4cf01ac4e46129beee256c9e57ee4b4aca1250f2c071a4fc26501a1157de6e6
0f1f0010,106632,3e192b3dd5e0cb9920636779b8e37fc992290a33a5d1305fd3bb1e34f894f1e0
0f3b35e7,82914,778958db86effe1d28324b33e9a54bd41abd5028867f844aa7119eb838ad61e8
0f41a12e,73251,1911e30255fd5367104efb949d8826178d1bc08c7280fab580e927584792e838
0f49c7ae,64414,0f16cfc94ff9310ff8bed493ba5d78982cf1ae6a5e3d330678a2c8f76c63437e
0f4a77fc,70533,d28fe89c77b1cbe1037d83a0f74c1fca56b197128941948c86d48311b61feebc
0f4b9b02,81245,8639d4122377dd4db8be0d9d7a144e3b910c3c39ebb349091e3788db7f832663
0f61da9e,96008,2952822566f624aff7baa010d114dd11a30facb4fbedd49e386d5228ee78d388
0f6780c6,111999,6e067272de2d3aaaabff89197e3a573387fb737f1eee0d304a8dc2152ae080f7
0f7853c3,85985,3405ae7a1078713d35cb9602c5a7c5277a9320d0eeeac15e115114f5b88f518c
0f7e61b9,103509,e5f131f00b7d23fabe601e8e31dbae0efc8974570bf4e4153f6be184be47a564
0f88dc7b,109271,441086edb5e3356e76d0ffc2d9aa21f34a9d4b5b1933321b31fd9bcfd10842c5
0f8bba7d,92345,39b94f15945307a5f4318ccfc8240ecdd7c0080264cf2c7c68efb314e4d24b84
0fad9783,70961,2acdd3569549eac654e107a7d607a6013c4fd7b98e07342ef56e037c345951c2
0fada1b1,76834,5076ec8f0221fb44837e76ca65c340a03e1131d24d837c485772867c8daa49dd
0fd502c6,1007618,8ca3657ae4f307a650bf1c90117c3067e25bbe77dd2b4d6c1da911027e79edb0
0fd60b24,70806,fc8c1362654f1561a558d02d55406b7feeac3fb9e266b7407af43c043f1742a9
0fd7850c,237022,f5446183edca6f14095a3678e5b70ed535a490ec5e15992925db2e6c58b8dc77
0fd86e9f,104110,02a8989d36c43b3dbabd6bd4e697f933b0fef2f65c2c55b60f2f2b437db8737f
0fe55177,65882,161be5174cf122a8b9ce603fc0ea85cf0eb6c20f78016bae9cb4a3400d65dc5e
0fe7dd75,80901,b50c04293b88c50f251d4a763ec4cdfb3220fc246432dcd229045de0b0e670e8
100852d6,79148,7da9ced493c38825f422d6670eba174c37c34195a6b5a78fa025a9e86e4e09b1
10129fa8,75580,35fc43dbddaa5f180fb621b6cd44381734cb632ece8a807a2aff41f621fa5dcd
1022c297,108464,be83e7ce7ea3b7d5bc3122a9900308e7f6abb5871d8b3abeb58154c2ac4066dd
1027def0,123030,0359a436bd58e02f78978d8e320048a5ad4f89aad7c72bc7e942072b1499fbbf
102a10c1,508535,0b3e7e5025a5d7385038095084bbe39ffc8c7da7434c86ac5324b18f509a5468
102ce8b4,104248,411cb1bb4533f91d75500abcb62cf1bcc365b8ca8053ce7a3b7f479e5d470f71
1046019c,95922,3c0eb434d7a23381b01731626b119c087166242897867c9ac1f6fd362d57e17c
10544b5c,108329,5f08f2dab751c60621fb5e6d3860c9b0939022ea1fcd2f79893c8fc0d68c2e0b
105489b3,81425,c3d79c5ebbf18e71d54095a66d56b4dcbd885d3ed5e9ad8d5053bf920a596c41
105c9eb9,87070,7e0ebd15bad93bd4ef90664187103c55e56574cd5424f4163ed1de8b15faeaf9
105df101,104487,31541bddef83f16d83f846d6963097f0617e18e9d93eed4ef55ea84fd1b1d07b
1065be2e,72591,a6ac493e4218a69de25e5e0fa83976aeb5f20f523feb08e8177b06c0d9eb51ba
10684db0,326460,4aa0db10ef99ccf79e3bd1c1ae5a62aa15fbabef4056c4686a4f854f1e5b1a95
1071d292,81688,73eb1066f1195b3c457ff3c8b7a7165a4455e900aa898e35009881ec8849c75b
107b97a9,114335,098c42d199bdac555f2a9526708168ad84ab40ce19f5f2de2e2b647a2be03349
1081d697,81234,bdbb8a44787754fba9229fd17489ede3295c60b7f65075295da824a58c411b6b
10825c00,105511,73a3944b2d6f65106169a3b5d2790632cddd81137fcebfe9da81b01ee82083ea
10844b7f,89564,30f3f54bb745d78151274f1b1b6678aeefe497d096714cb9f871d48baf3aafb5
108fc896,107797,37bcd5aecbc0e907d4ae061e752c220ed97a30eacd94b86e6542f7ed3de60c77
10957079,85250,5f4c0b30bdace96f81aed532fe31a94192e57974514b65acc852751c86b780b4
1098619a,81204,dcdb69054f544eb7f35a5421195dec6ffccfb4fb1de1ada69b16085329b8e427
10994bc2,77967,15f723b18f258891e6add5fc85a005e788d3b98585b2cbc6249e7d5ffe091a5e
109b22be,1895915,61c8bde039b3b1e45bca180d6d2460540f3794f7fd33e013d40cf8dfc491a495
10a01dd5,295759,dfc39ca16205ebac90bf6f09ebfddedc638ae78bb67324476037c3767c7fd8c9
10a97bcd,107381,0b30c3f31c63546b356aa8d31a09e1ff7496f3dfe2010294766f3a9b723a3ca0
10ac9a2d,83016,e8904abf2534c11f5309c8e7bc58bc3801abe71d1d2e18355097bb58a7c8bde9
10c06205,120403,e5214ee06c9922da3b6a821164a5f6716d2b6d3eca6a2f453511f1f4970b91b5
10d1e3b4,102734,ba4d8ea932b2646976d8279a99f4c193ac88a7d1f6505f179bb4df1bf542cdc6
10d52764,80358,a16457b7c1b1f12171daf31443bd87cf9b07463a60b8d195d13537db304575d4
10e2f4fc,84355,eedea01a2ce1f2965a4efd7f8962aab948e5a9b774d12ac443a627fc24447bba
10e58b7c,105978,a6592e83f9ff521cb98ff038a91f56d4b6a52e3b7e592643b5d47db5e1d04fe9
10ee7714,120506,290aa76ab5be423b65e4812033f1bc35e5bdf0d9ccc68e5a6b35674b03ce43e5
10f1ddc7,107699,54d5a000f9d73ad58b6a00cf654af17b025265e73f92c854190aa5b59a8f74a3
10f541e2,123775,ee7c680013017357bee289474e6b395f487e46be00a7ae3d14762fbd9b282f6e
10fb5df6,85750,8b895dd41b85df61e6c2ae4671016e3b83171c7a4784ae8e95952f315a159310
11015113,115914,f901d95460f4a46f398a3f687e5808e2534b8eda7ddd76e2e26fca63da102d02
110eced7,74944,29e5d70c66efd357c9e474ba075badfd347c5ab4c640f37882e9e7028d12f1e7
111826a7,83560,b84cf933c685e45e458bfa8fd4231b04080c9a18bdb36845f3ee27b13bfc5a62
1119567e,109100,2d6884bc3243bebc6822b0a24208fd25549f68c46aae20197f3600dcdb8a0270
11208c70,77429,4e2d04777eb2b97d2390caae027a6d66deda319376c581a6d811d8b453ba2c6b
1128e6f0,99718,97110c8d34121b3db0d33446a86524dececb0eda0f5e7ee42586f5515a8cd5f4
1130310e,87932,3d0b3ef4c110a0b8c0aeade3b980972ec7e554bd3ec25afd64e6611e77f22514
11350cfc,97049,658248489ae34fc943bb50eddaee3bf761211fad09c4935e0c65c065958ccec3
1140799e,99074,9c9e8a73233e4fe799dafd54637dd6d0b6648d1848e2c0bfb024440af09d4d7b
1142cbe3,91421,20b739e5d450d3df862bcd82d9e29c2ca28e7191359111806eb0ee5308c3f822
11448b98,444712,b42f5bc26da84a3551540310c87b47e4ccbece1ea92103bcebb2ffbfc6120732
1150a8a7,102463,c4fb2146ab3ba4c7cf10cf6853aa977c3d82cb0e52d12123bed0ec8c90ef9f69
1154b70f,79334,5f8cd6c6e5a53dd25b1ada19150a479a37b16c471f9524b6d7b884ab51502989
1159ab8c,97979,3b2b9b4b51cb79902afd58f7cbfa8f09e9c1581743f8a144f67409cc5310bbc4
11622ca0,107248,9c19c2b5eb31f057c532b2533148a5924a2b26385ec89ed8f8b0a43aa96365e2
117e9208,101163,1bc6ae8be39cc9b5ad6e30310996762b4920efed9bb608acfc86b6019bd2cfef
118ea8be,76239,db3101102c0dcc76368bb751754b6b35f96620bd22401c43500ea3a610546a27
1198d4ff,324207,5bb4098e2a9ca59425b466035431701003ee07d84f253811f54147f53ff24bc8
1198f08c,87165,3903ed1c7266ac65cf5ab9c5df80518f75bb2a4aab7809e0f621aa805bf315e4
119b7591,76391,95788bb9db0f39c2c35d7f9cdae699d156eec99819e4e397b2a57112bc696ece
119d0435,76586,8a1dd1f77b9d389f5dbce38d4508756b8d8aba44e0919270f5effb123b5a1226
11a0e6b5,115624,e19935b94feee95a99bc37789fbf7945cbd667b2b15cf716dbdc45348b394668
11baa5ad,80603,0a04a3b086e1175618bb78ec2e23d48ee66be8a8b58e95e3ca3b0661b0d9fd21
11bd80f5,115446,7844e58aef17ed45746278abbe2cee69198b1a8e163f33f3a92dadb7aafc0437
11cfd7f1,77799,a08d48392c8091f757bee6b8e30b6f7620a2269dc642a9661a900d442b430b84
11d41218,69591,38595acb51a12a426618a24ea18fdb5f8968dba99bf77dfcaac144a504d12f07
11d4a822,90552,3c456640919e4e12291ad0fc5ffe40fa5f6ac226671b6d2f27214672af67d283
11d77f93,94390,ba11c146aed0f5a2ce995d76a08229da5fb5a6130883825b03e7aa818bf4cb74
11db13ce,92883,b8b5ed20a8d73aa69b1b5d4692d486542b4e02b7e0a93c1b77c862a7bfecf5fa
11e6833a,103289,2bacbfc67134f7cf363a04b8fab77c9464343577f5c163ff37fa893d4a36a138
11ed70fe,117240,8b81d84ee94abb095e642d6d2a0e4f9ed25423687fb2af5b498477f2ead6e910
11eeaa7b,73708,427cf0bec28b7d9781ce5e537bf50cc3efcf480f7c337642bed7f7a5179a1a57
12070936,82164,b9d7ebaabe501542fa8178d0eaa79855498752dfbf0ef504ac983c77a945aca2
120914bd,105408,2063820f21e3d247ab9006ebdba0b78f0fbce3acd4f34f4010d87d912122a256
121ab060,79716,37fec4c52ad33822deed367507cfd95b6238f7db5ecc0dc7d9b3ffce904c80dc
121e1195,105887,a8a59aa0a8fd5337c43f2e37e1d889f14bb3a1b8d88cd20f37c91e21df916f6b
12265631,88748,765254246f5d90d1991561e88d846cf4ee61c8dc807131dbd74b85336054aa14
1228b4ad,91138,624db9741aabdecfa7661682b504c4778c8830d3fc44d31ad20a207da4bd665b
1229b702,87180,a0242730aabbd05bb02c909d7061dd666b61acef7d30537295e0e3218b456b08
123f4fa8,103426,2acf40fd8934f58f6bd63e36e9563c6be67cfd7c38fb6fcf11496508b99fb4d6
1257366e,97236,de6055b0c60623d778b3f48b7e09b1f29268a7dd66d49e675a31c122bd9ee79e
1266cf81,94955,d59593946d2585c11fbc5d1b6de5f162de4952d55a2791f24bc6527d7066ded2
127d9edc,89915,9317b9cba00ddd26b7c8ae8997ddb14f0e0409f157cb911e83695f69a94c43f7
128c4968,103254,5535820ab3afecaa8cb135dfd143467db30dafdff1f4a46c00388d8efb529ac9
129b078a,98895,c7870a356886eb14964f255190fad5286caf32972364707c92e7b4b5a7dad9e5
12a0569b,72414,e02a90e712ade75f7ac1678f690670be6fcc99e889dacb04303be3b6390ac254
12a0721e,97582,e8f00c17520548f81dd0c6a97e8c9dec4ad5da9dde14cffb14e5ab3f21bbdc69
12c51ff7,103140,fdb45e17f5743d08cc676b3289f2098abe2911f6070355a0a39f1182170fff5d
12c57c3b,103683,f834d88d40e0e3cbef80b1345096756ade29b5542721902e564b9888023a2235
12c60253,114595,4924533aa32cbf124e93e3a22a56eb7e5b241eef6f32dfe2bf332343b98fa5f6
12c96028,100554,158ff3ad4ebc88df4717c7ccc4c17195dc17aeb2dd2b4d186786d4c60b6497d9
12c98ca3,88672,1435add5e3c24e6de2aa054ddb34ef5983e042522a26c22d8903ce57cb893db2
12cfb619,103160,b8bf4ceed196d03f5ff5661f58c89782e2e3a4878ef1dac196e0d4fbcb76e2e9
12e8eea5,93901,a2b8f2e512542879319420067ca1aaec508d74fc7f59fc727e75df4bf9fe936b
12f2cd38,99282,e7fe610ed0c794134192323438feb921a613471d2bcb61990fb176d675a53aa4
12f38703,71126,826bf2ea1d584fb65fa597b7dd29ad405f47de265fadeed2fe1f430d91db0717
12fd4e87,83083,c5e2e1e4a972fb2fa00b749d5338ad4dfc0da5df13f65d0298afc5b78c26a761
130aa722,211626,5225c2af22de0597d92533b82e862996428213f08a67461e1c80befc0967a069
130dd13d,76999,20042928673756b0490ec2f6948ba4a99917f2c975edb16e9f858e4313911c8d
1313349d,119939,340118d0e13ac025a556d49cf8ef304e3e64e792a33059ac7683a20190d26c65
131b3ca6,89541,3851026cd00f9a86208629f57bc02c16870720cb57ae6cc3f07f4b8121bfe7d5
131c0362,93348,6a8ba534d8fab86dbd666e5e8ff8cb195c105f7b0026c5a3025680eff46f30fc
131c4c09,95356,22e696521f01778dd9c15f3688286fc131b61e5e7686924af0a1481dea652d6c
131fb30c,111529,bbdcc41573c45029b5563ecd0abd6d5962a64d717ad5e737c4f8ca636fad95c3
13259fad,109451,e49de21a064428e62743d02051945edd323cd2fedd1d70e223cd3a967d582c32
1327f6d2,85277,8a6c0f770a9d459a744b2300ec9a379464d3e3076a899efd3b5aa0fa224bdabc
133adade,109036,a3d05148e7fe5557489684e36f259388462740b6d161e86cca84a61620b9de59
134a9b17,70784,d251194195fee5305c985aa3ec6bbf871d47c196091c59b2c7fad6c13349a091
1359d6f9,108070,c9a1af6ec4c8a8a9f5752f735d0e3c2dc3925d39779bdaa93541b9f376f34ebe
1360a0d5,104083,1d50a85d93384578cd3db75d424712792a245d56845dd8e418830a5ec9c9e8a8
136da5f7,100202,d5053b8b3c34786918c07617f8126bb495139558a7dfb652f574d2010b0371dc
13752978,318116,60fd8aa8e0caa6189654ab3076bd7f10f37e40a7445240f75d19de2643670028
1382dabe,109210,af537a16c498fe8768f88a3ce6878a74410a802850c3ba833a96de5a05695a53
138d45d3,288195,e5cd07de4d52d5e527f7191385436d42a212bf7ad3a5f2b62289e188c093c773
139b200b,68969,2103107b81678a079ce3ede6f822c577363b101eac5325edd48257982aa6da57
13a17ffe,100135,ef3dea9dd64cf297039be04471754e182950d698e317ba198f27bab0d18f3ee0
13a94b21,69322,75f97c4c6cdd5dee8cf76ac2b121c5f60254881541b34647697bc7c6dd46d4d7
13b28098,84881,d65f2e2e9d2dd58a2d8ecca77c87e67237a0453231e00d76779350ddcfaba74d
13b3972a,2268921,c21b98a5cf89a7e1baaccf44a13f7bc82145f29efb4121c63ec7e8ae39bd7674
13b66e97,99914,17533c143adba9d89b5ae5c414b9cb2b7676edac7b00057ed30df9a75303b3ee
13c4d88f,100186,0df806a8e3e6a8f8c66d4493c07fe4129f175b605259188afdfab8bdf8acd37a
13ca2f11,325820,ecc4647edbd7ca687891d337b0a4293e93d0e01a30ec6c38c5968a8500894975
13d0abb9,74453,5632e63769b0eca6956ae9326ce98d76f1f3cfadc1ebf8f1867eb982e16f1b7d
13d7b54f,99001,1c23da149a9bdc1f2aa6d8c02cba55af8d7e8617909a5c83ed69dd0813471324
13db7368,90414,d12a9abd231e8216b286d780cdb9fd4b25c4e5488acd63e11a1ef15f195d343d
13e0e413,117540,8f6780982956213a88e9bd7f9a54164ddbd24608ad9a0354ae528aed9fc84bfe
140290c5,898440,10cbb53c539d7a693a2f112ed00eb5f18c7868a11cb2e3b265ad29a2cd633f18
14070141,1091130,2bfe82c7e8905fcf597d4f6b039ba1978b62ce54434a3bd17683dfa7d69030d0
1411c0ab,107603,a5fb46b7da3909ccb569dd45a23e8c1ef3b1a1a11d0025773dd02353134be651
1411ebbe,83292,ef80cb6d54e0c4a48f6d18b0b341cea37d10c29928201292628f11c10e09010c
14169abe,69448,9b21cc3c4f6f283ea743cd672d89c303b08fd4469e73ef1577bcd5deaeed30cd
14180a94,106542,a39739d000cf81a7ce080e893a41ad2262e1fad1e9c6ce972a48618c5c2c0ddf
141ee018,102611,8d4199d0aebe6c6df962cb0755b3da1d5123d18c01d2a5a7ad12910583e8dd7c
1420ecbc,76018,7e7a0b8b31b169305d90152c53f9feefcf9008748928f418047b55494a264a66
142b2d1e,85681,33e44098cb57c5cdf0242af0ea557795e84735534417cbb581c67ac9c0bfcf92
142cc6ce,2158349,ed20f265ef4cf18da16aa06c9973539d819ec44da14dd1b9453a9fc61be0605d
142e5912,82158,ef2fe2d09682c4fb8d288a8c57907a2a20de756089954a10407ef06fd0e5177d
142f30ff,79880,3c0b3b7ba5a618270b56b2019c3b6db582b962a20a5a7ba616b511c9bf21c760
1436b42f,72411,dd4946861c83a8a6c4cb398f1d158da30b5590e32eb1dc75d03bf4fc7f04cd9f
14605c4f,95058,203e6dee226c8c8cdd4b4e30315a3882adceaaaf8006d0dfe7e3f5cac0c5740d
14629c28,80171,da745ba3589c9aad920ec1e1eac64708fdf90fd391e84ac6c3509da5bf9f31d5
14657c4f,79695,42ebb4f7ed6d6736107a0b37d26f29021178014588f9b1a0fe222cb4d6fffccc
146b34ba,90669,c7afe51d11019926b3d324c6008914801428aff41e728163cf7c075689a440a4
146d113e,79692,f633987510805b8c30fb4aacb164aedf752ee22a7fa65af7a02c8282fa0ac72b
147a1e14,81848,df564ff79cdce748686796960d089ea3470eb727b103ff58afc9246905feb965
14859ea0,115903,e83b79ac59eb2add6827db0c05e6f42504d1fb753aef3b16a23b84fd6ac5be22
1488f91f,121784,83acff8e7b747a26ee6cfe92cb413a714ed42373069cd447323f02a8096556cf
148d8647,101190,e8e7cfff7c06c323fb00c7c169f4e13529be4884bd5eca9736b080f95330f603
1499c6cc,1919899,2d7458df52ec0d821951fe4edb18b62589eb4917dcdde452bdef0c96a4bce881
14a46526,108700,921f3f5c6c49e4eefad8f8a4b06785f7e47ff9af7d97752de20337a138efd714
14b3576c,54159,efb1244e064459101070f3727ee561bc9e003a87262f1416579030a9f6f560f5
14b549c8,350640,6aae43576d353b4f3e70c1cc0f9928a3293eb756a8601aadfbecb2d1cadc284a
14b7af6c,127399,53fbfd26541f8169fdd506eaf6e519a22bbed61fcd9cf5530b87ff7ecba0bfc5
14c841a1,110300,639cebdadc1955142b59f0e7d46dff98cb4a9b6baf5e9fe29ed1fd3228024982
14d0381a,96781,155522445ff7fc9e5ecb23363e65c0c24d9fb57ad673c7c3ad9397457542e6a6
14dbc02f,85555,68fb1a0d618af34cfecc42a58f358c9d4982c977c0c00a8a7abae869847d7ebf
14de05b7,114774,b126b294afc76f2c7cfe5df2f76f5542ed9c7c60f9e2d4ef14044631a7404885
14e06df9,113804,c9616e0d491d6eced2d72602a849562a13d525333fadadd7cc9259430615303f
14e5c45f,129781,ddd0de6294ea13e96296174e551e6d6f904bd6dacd87e3db780b69ab948b1409
14ea78c2,106911,fa2979190b1611fa246dd7e90a196c2c86704e6cc7ddf370efebb96e331bbdc1
14ea9e63,122807,465e0dc367d2e9c9149cb880eaac4dbe3bcc6e355bc5d8e07b96dcecb8323e8f
14ec0c45,96566,cd87d25eed782786b7b201d852d5a31dec16500c185eade29d9e1712298afb0b
14eeb548,283909,3f4ed11940c2434befd60f19b3060fe47d78d11117f78ecd44e6a3219f6e3c92
14feea0a,84668,dc7bfe93670f46839cc3578bdf848ddd8a59424887c33f13b0606d95162edbd3
1504f5d7,80977,93f77d9e77d56a707a76f1c6594aa3a10aa391f32424a1c1fbb8bb5e8758eff8
150792ff,92696,f09ad5283e97ef94b8bdc2afe89d5902342b62de87cbfb733560c55c397b7915
150b39b5,1513936,8e94764be6f51137581cab51866f2de64e85a077cefcb6fbe3fff613360b1a56
150e0edc,289234,76f33f3a3af9d7e65c31ddc0c478a6e215c9d1410a01cfbf7a78791d51ce36e1
151a0585,85656,3a9ea0c6558b08df453e8fd612c6b43bba15c2bc4d513a0613996f73353f87be
151e725f,103201,b98b68db5b526ea5a3d7692bd08ddcd9fe43284c6c026047518c4709cdc1f9a8
1526f172,73293,557e2f0cd72871e5e4dfd2c3083b26449469ca7c627fa0fc83ba01a207ad9ad4
152c959b,112495,a9ebdcad2efd45b7ec4c6cba3d757fbd4e137155b73059af33868599d1c824da
154272fe,80836,f1665779e700fee05ff0d3d1387cc31b1f64d900805410f1eb307af472a29c18
154a69c0,70776,70e03bd4c8048e22aa982157484cf19b270e5e09ec3d75531ec95aa655391e82
154ce86a,78793,117e760f5d62b8cfeb068687cc30405bb21f84a6726eea3b33987601477eda4e
1552d568,70906,aa4db3141963ef5722a633fc74b592d4f99a10800705feedbb148be9dc1b8118
1558df54,75445,9b7fb6f3c91ef1a944c96461866dff1d69f026558c93e53af356e0beced37476
15598a77,50048,7d84cd604db04615c5c9bd712388bdfd158a8e83877217910eeb50249cc114ad
156ce31f,82783,553e8d409e7297912b3b73bb8b750326694dfcacfbb0737df867befd6bf48721
15761342,79522,0d9cdee100ca63ddd1d374c6dda377549637bd585e4a499791aaf1a39778eeff
157d5154,100979,0f94bb27f55700eec1c3315eb25061f77dbfd35fbbba715d5144e72c4491e083
159d838d,115133,4243d59afdcadb073a37bbaf3e0a647b42708b47a7c47cfb0b9352373d1ec3c3
15a510e3,96390,20db66aece42442949ef5e2154242bd0cc0d2ba9441f6a8bc83f6119b639b899
15a520d2,83580,86543520984815e65bdb3f5deb538181e93665f1204876cfb42ccea58491f3e8
15a634ec,84952,acd272dc9839f7a186c8e00e7724147d10f9e3f386997f8da6eee0e3633acc1d
15aad409,118215,864dcfe21711618cf94a9455e545cbaef5b09fe53e425bc560b4ff17ad5b03f2
15c283b8,107172,e78942f59ec60015a21510a3c7dff750e7728c1f9a9209b84936ac8eea03295c
15c2c5b4,95320,d542d0efd286bf8510ba5ca309d424a2fcc0fe861fa333c20a7d8e71c3cb32a8
15c60d7b,87373,fb507759855e2a900fcb862001c2893dd86e3145fabb3cbd30e2e4042a307d41
15cc04a9,83664,912ab68fc8a083f05cdd335f238be488107e607b399b8fade7aca5b3a8edacc8
15cf3e62,108689,a2fffab1642b7544d20ee65927442366ce74a819b1e1d173ad00b7b4de0b4e4e
15d63a50,81281,fe0e7920162180ec1aeca2ff6eee52401a64d9db5f6af5b5d2269d70bc4658d4
15d75913,128915,8c4f15be5902e39f1e793272c28aa0463d0756bfbb6f9b2c246e28ff7a91e3c4
15eb9035,63631,2f0e74d7a0c140893ccb000550d8bb30cdd04799bd2ff4ae01d1619db81a2a79
15f46a0e,111182,6442adf4616489ae616a73e0a8d0d16305f0b53950e1e6f0cb55f45d11037342
15f9994a,3735300,d380e4716f3e17eabe354167754a957bbb4eba3c40d1bb58dad87dcd33027d76
1608db52,82228,b6db4ac19c29ef1aa2248106547437bb7ae7e6f143a2c9d5f7355c20fcc30bd4
160dfc62,73584,f764f2e0c0964946c674c5e329ece0651f6717c36db5deacc9a2db9c18f43f2a
1617f291,101572,c7de31a8dee55613c7f2776c79a3b53417ef9bd22aea0e015cc1e8f90bdb2b06
161c03b6,77512,50fe93294705d8177e044173df9ec71dc06831ac2cddcb84431a2720a2bc7a9f
161cfc16,76467,9c068654f6c7c8d02eb894d475fa7c2b88e4271cd382dbe60857532ecb02d943
162739b7,110294,f2443ad2bcd4b350ab4e4028ae832848a109a0c7dab2c7a523013b90db0292a3
164561fd,115554,ce36e656addfa5ab2f45375518e6a607d4bc66f2f945df49f3e40e99fca69d0f
164b39eb,79398,7f379641798a4495a28a1625df1726c3c586789dc138697d50bd72e7f4159942
164c0823,85244,27add21789efd8750fb89890360159149e9498ab101f07a8deeff58ddc4d5970
1653659b,82152,98f72a3539d3a539ec56d1c3c44761912d407b2c941aed2699afbd0983e0900f
1661a70d,75128,fb719849a045cf3d352f6b29cb9718ebb76e15328e687d24133b892bcef9fb13
1663bf16,73473,d8d71ae2ed1dd9ab912b08b7174301b863cc1d541eea8a43525371a08dd0fd4f
16688a19,80440,f6dd478036c8bfbce366eab6491e774bc031a98049b579a85e74e89fdda3385b
1669cd12,86880,3775396d4eb6baf22da644bb630cc211c94c254191faa2be6ebb49b4fe15af47
166db948,97787,00ed84df68ed36bdcbde071312790e00e033eae7d5afaf6a5e53c7b5bafeba3e
16873055,111786,35ff418b558be1a8e20b54ca2cc1e3135b58b083c1a27bccb282a1c0f5d9224f
16873685,99557,cdee780ee5a592a94fe8f752bac088145c1b6c211f12b753aaf374ed9b420568
168ab76a,81055,8b5dce21281742af01b14f7c18699b705c38eab03a93e6eef9554bbeed42562f
168fe2f4,87433,b752337660c35d9ed03fbde42693084ef8e1592080098e6f3178a5d7ecfc4684
16956ab2,117530,2b5cdc7121868e692a540a4c91e88921e8b8cd6dd74d22028fb096a17c218980
16a65612,84562,bc1e294d283bfdab1f70e00c05a7ccef9fa6a9a0550f4530182eeab72a31b382
16b47208,712129,07901179b3e4ed1c436d85a1d554925f056153858e7e53424b1751b77f816209
16b54b2b,117434,966dc78a3dc4153da113c00f4ea2fd4c0971dadde6fb00e16223ea473756329b
16b615e9,1592871,6edcdd8ba9963cf50d4cb902c382a30b3600cc805a6125cf176eb4d89d084be2
16d498a7,121348,e68acfcc76ce04e5552d1bb6ef360f3e50dfee52460d7e39517d836177ae4855
16d573d1,325379,b81d9d9f83fe72b6625f4e9bbdc3cedfa8e592ca353042e286fd97b2bea2325b
16db5047,101005,59cc2567f181fe67c51588b050ea3c00f3d2808f26a4423f2a82b37f2fa6d8e8
16e0a527,109944,32ac36c00e7a5e11ba09f7850cb644685ef0b6475bf5ee4feac8c1857676ec87
16eeb936,81173,29442f1f702104bc992eeadc5e74ded61415a5bce16b64dac25e520341cbff34
16f4f112,79686,fbf4324f0f68cc25dc7e6a489274e6a73312b78c95ecdac7863faaf12f5b0117
17027cfc,76352,519b9c5fb4c1b54a5c8a146b4209f7e078fd2d35c6201a776a61961108ddef6f
17104a6a,2106581,9f7147996292938fc4396563058f43d83590c9487dbad21c74ca1da5511a3073
17146c0f,79760,28de39c7c7d7cf160d04f4218ee3d7ae9ee34986d68de8cbf12ee3c9dcf7e04c
17157f99,105941,ee4ad60b3a10405326f9f64b42e594cc93dc3245816ce7564c2d3157646d4c1e
171e5e6d,109866,0f46215ee1cd4ac9f90814b6ef39c35ba6c7dfb95b28d190c7e389434cfed1f0
1734e6d1,98379,ebff5235ba914a7c3452252512d3143274a7529bf0ca1139ddd7b915806986c4
17481f8a,115329,2c899b39e1b10bb81fb08853416485781020116b563bfd455bdf7328e2c2cc88
174b9080,4705150,06c784d9e598ea939349b28cfd7c58a63b510be59ba7f7ff132d597c0e35c774
174ceb15,100801,3846f9749c09285fe6d6d50fd17cb35eb0822c91815850b41243aac5eca44ab7
1756b1de,97585,7f4fa314f1ccf5955a87c62481bf768d69b0557432a135c4ef76287edb044d5b
1770dd44,112975,666006fcdf56c8f2220bdc98d6793b2aafa1a90daf6b3df5ff45f13d68c0294d
177b8d99,80359,d733bcb174199df18a92894b60d43ba94ee6a97c578d323242073aae51678d7e
17838c83,99580,080137cb505212c2444b3aa9569ceb42ddc8fc91abfcf13560919c70ddfdb5d1
1798a644,115918,aac2debe4fed2f670fd68073a77be370f6051ae1d81b13dda88e278e94e87430
179f13e6,77635,a3e28b4392ddd91074f1d8d4e2daf2a23aa294f987f8492337093bbbf9033883
17b15847,96914,d9692d57922633e4fb6d1cac5ca14033566f0b6e391d8c060e00a44f9cf3b5e8
17b21fb2,715217,e3eba80389217fa2ce2f87aa9925f5cca33a0599689d1faea2da6123c5dea738
17b231b8,80264,ef7da312cd1a5062a3c29ad4b52aa5d9917a9d85db451572a7bf7a9c97c89639
17b30848,76347,107e368c9789e84876f284ba2b24b93694c8d99506018b92d88914013a3cbaea
17c8ca47,83178,7a62b4e4bd31f908832391413c0cea1ff39b5f0b7655d04dae28fe14d17d534f
17c91059,106486,5344357707b752b2a22c8793d8a4bc61d0fbc84215f233ea3eca6e9eda9b89a5
17cedfb9,72676,af8b39ee6442beded64a1b1ee7b7ada12ee41d97ba9722e5dd57ffbdf2a6b1a3
17d924a0,78445,18ef5ffd079fbb5ac91b601640ccb50ee3772757652a288112af7dc63cb88607
17dddf37,114304,67df359a39f72921c20e34c092afb7a833ef9e8a3d1b2fd118aeaf77d27b631d
17e35519,340430,aad1fa5b4432b24b08cb8bcc1347a9191c92514db7157f137cf24831584671d0
17e502e6,100487,387f9e11090c2ab997d9b45c1e97fc7679adadfc712895c33eb4ea70dd4ee246
17e8761f,106526,18406b6d669f035facd2f3ee922dd750f7eefb794e274971eb4e5e48d7ab3854
17e89e49,75009,a0ded95f384ba482df97800981845f212c8bb020ceb1cbb6849f3ebc858f7507
17ea2bef,111238,c88788f1cd7413ca30c3f2caccb52aed42b8d891acffb7bf4eb75ed76deb778c
17eedda2,90899,f9b24b50a45a7bc837fd5b793bba6d75057aa0653fd33c8987f2761f8e59472a
17f4d941,81466,984639827096df7c33b89ef337a6d328983497ebba0e744cb1e20a0f5e78ef89
17faf6e7,103449,2245e4f5c3db8179be7f9b5731e7b90f452e8fe682130da08ac17130aefeb2e1
1802abaa,92345,27fdddd330514d2fa3aa89dd7bc6ed0f366daf735dd8cb420081bc387ab0bbc0
18083dd7,72362,1d92df23219342a3edb6cfc0702224ff85d53a76d085fc9545b3b6c9f7978a88
18144488,74180,2aa068feac2c565d1a0d6e7237a0a36ac64a61b16c70208893b3b36fb39fc9f4
181ead5b,68673,8971f36dec2c6e1640a57464e35f097d2222b44053af81301006c3be7b2d163b
18203558,76610,8736e612cffd674f3b1c34d9a1d0ea3c11fd49e39b1e986dd5ee9b50dfe8ac42
1825b127,104610,5f1c3289135700e1a65f9a74b46e9f5e4ec65527e4229503224e338f4c26ef55
182c362c,76544,0841fabe8e070b35db97387bf9c141264e60cf60e4f8eda1c606709eec1f6496
182db3f4,64438,dbd24eea2bc00892fb4c9dbcd615a83167a6a7c528e9603549940c9376d9d595
185e5396,2116344,1570bafc89f439811b35e2267ead9b2a99cc254d102d528fed9b800bb054ac4d
1860a97b,99489,401cf9080102a43d49aea6b897a9466034a99f286a2167204e10b25832c3c7df
1862ab0f,336591,c0e00df03ae55bf907a03e541cf62cbd0872df36bcf9483bcbeb177f7833d5a4
186d052b,102739,9c7044edb269292e3a1aa735825649bc91f927aaa62876ed5074cd3f22cacc3e
18797e82,103358,c5c586fbfb87f804b3d304b63314b47ef6e865c81e2d13fa428cd0b70b6fa1ca
18899eb7,81703,3b093887b253e07e26018ee3c817c981d7cafd0e9d07e7e5a44a96f90f5d0fd5
18a0972e,99007,8c2a2f00a7f65a142b7715e4df675627fdd1cd84b5e59324b1b8fdffe6f0edea
18c156e2,120914,164264a84043ae6f26341c06da11bf4f9590b5b10c6ab25e8bd455db8a30fc05
18ca330a,83988,405e69cb34522c00329a440030015c9e2acec7f80502ddbdc9721b5af874ac04
18d40260,94716,5a897f57851e4a46a67d26032f1f8afaca89ffdaf3d38ceea1181ff4ab5e1d05
18de355f,73773,0d300a57844d51eb5ffcc17b0d3e48b569ec6a3ce30ef70cb15fe844ed9d14e4
18e5b5e3,88311,bce5f6245e262dad9c22cc025791be63b8651e3db3ec948a2cf695be79214148
18e5ed80,101429,94f142339ee78c851be72b580247b99230acf23c80fc3a7977be06c805d47d93
18f0de78,72762,700c441d48c83e7f94682fd62f8c81bafbfc39857e3d8f091e507c2b5764ee05
18f3e717,114889,bc65bc52149596945e19b8994c6399e3ae8a2f2e00269516fad5c34e656d7bf9
18f41dab,96150,b69983b6e2f1149cc6c36cf05e7f5375bf2a40198a7dd5872e5115feb8cb2f58
18f49b3b,85249,80c4ece9dda7f3b341819f3a3cdd417cad47169aea1fa350b4b1fbed204a3138
18f9a2b4,109350,7df1d3e96f495e2c8d743fb8b24b0a42b372e4bed221bdd3ab7bf27417dfe089
18fb20d1,282237,eb12e4b1c6f54867b55f4980190483dae1ba5a9afc70dcc66dc3042dd99773fd
18fe4b14,111299,fe43b9f30547753b8b420533cbccbdd7f05634c8258891c23d3755917b1c499e
190347f2,1453265,4df29647ce31b6a1f75ab44a50b5a122777f46835ee55037eb870d047ddda52f
19055e0c,2271046,4bef3f566073ecdac29fcdb1f77f7fa6309967f634c777a1bc4da439ff84f2f1
191bb1f4,97502,4a167b98476bf29f83c240a09acb965d7daf66ba38bed9e476d4f3f1e0989a69
192d8bca,120640,39fa036051b576af2abd6ad7a01bd57e2719def47f34def53bd292eda7c764dc
192eea99,82980,3b52a05fbbd09180773e12c8e08986e88661bbc9890380c6c38beee38fbd47a2
19358b99,264496,0994aa5ec680cc5ead49e1ff2e7c92ead230953841259477955b69d9642feab8
19441d5e,70244,c1b782927e6a3b4fa06d3d48f6f9118c404a549a5c4e3a91e149d9aaf59b58f2
1952b513,63774,e1c9b08ddcfb9e3ba035121617223ffe8bcc3ec725428fa5b5dc9a885292b5d9
1953bd4b,137163,156dd35ca3d28afe81daa5b9ee419430780b311b00b96940f63460c969830037
1963e387,95798,fa11433abf3b505dc0ff14760086f23f6bcf30a61b101e918f6645769f06a1fc
1966968e,91879,8e41ff5bcd6714e5994a35abfd99803b3de300db2438e43f3d683afcfbda26dc
197273f4,83561,f9c029086a23fabf56833d5626ba5460a751b22427d4837fb1580f6dfd276c63
19776a96,76408,16e35676b42b7a5744cb463c5e0a1fc157179eed36dd9e8b9d65e6f8daa34b98
198158bc,326511,4e0507a04ffdf38d0a1c5ba41f4bf7c45dbda0f2f5ee1561a7a38ce3f4722921
19865405,73907,c8760974278c4f9b811976df1d1a00cf2999316fa7ae13fd8d511840d773c7b9
1994c399,115384,6046a6fa9259a9dc99d43f90afee15df2e221f098d06869f721959bdd577a170
19957432,55751,cd95df3b99408b990200eaf785d868991fedf43cd51d88230d8c228e01545bbd
19986d6a,79413,8bfed8eefb36931c32451afcf42cb205d4467e8e908d70f37af2e41544efd9c6
199af27d,56104,9c7ead6a13feba02aacf9d53e73b4b5df1b9f501c3395951bdc13630156d3223
199c0244,111991,4d4811dde1daecf6b0566a3b5d5a6f64b0ba0cf4316bb531d31cad785a4b7f5f
199cc0ca,72084,c9f8bae62a487c9f17360328112102c48c22f27162f40678974d4352addcd4bb
19c00601,83798,642bf27afe61427b595f36d3c0d751f68f20f7a61b0f77e5f6498b8c5eea2607
19c0cbf4,56914,04176cebee2113639406448338c1ed65873415a1a9ae133203e881c0eb1dfea9
19cb9c89,89475,de966930b242a215f435ed934c43bdde89a4a5952634d393e591f64bd99d810a
19d06e7b,95929,4bd65f1757f3c84966bf1a9c2204c128be42712753bedcc303c2aa20956c6ac5
19e0a4e8,73138,60270831db526007656fb64ed493a19bae679bc8334e4088e80740791116a9f8
19eab9d2,100539,46030ef2aeebc28888cce34c6596c7020fb5178a5517d9ce5b05201fb51cf634
19f4ddc2,109548,c73eb70179ee65f1e0f8df628a27f1a2c0d0d3cf41d979cb9485696b2119378f
19f5c5ff,2165963,f3979f326088f9fe7840f26d87d7f5ad296652d96c6e78d62a52c9ba83efd1b9
19f8fb95,1859177,293b057ba0bcf2d4ece4f7986d5b61d7807f5ba25b025f211aca6839dec06cd5
19f9ee90,99328,90e9bbc5b20d153a05d78df67020151fb135880fb2142b8c1b4b34e525abcee4
1a072a5c,80329,a9780cab0c19a49853d77534a89f379ba6fd85eb21d89c8db587b6bf0925a3c6
1a0fa80b,75424,000ebb620df3f9970b2ce66eaa4ae1acb18aa30b3b6ed43f1266c395f03d6ef7
1a190638,92641,fe67a113314a8bb247487c70a9cbaa70f480d2779ac80ab16a2441b1c9780dd5
1a1a6669,94394,5598581b9960449f55ceba753ddeee4573264a9c68a7675fee88a070b9dd9a0c
1a1b91a8,98183,50e5b1fd3e61059db0cb6a067d4823028cd6f7f07c01333ad5deea60ce79154a
1a3a4c37,78643,4ab0c487b1a0fd3d9f6e34077cc884c188483608072af13257b4579c0a457852
1a41abdd,781343,40b0ddf831315ed93b944c800d19734c47ecf80762b525e719d548544ea55779
1a42398b,101078,23fcc68d64aa5d7e6abb7548e2d84b97e3297a64226366a6ef9b960b3a93080f
1a486f18,94449,b8519d11dbf1babdf78f4c9d813136b7fb39dc1a510eb459bc7e46b4d5a113ea
1a4aff97,94363,169e2e86da5be6e0923c1f888028bec2191d4666e81174ab48e7d702a48ef458
1a5618ec,114961,efa903fabb729dcdebd647b801c8e82e00ee52bf9a85f7015d93314ade0107d4
1a6164d3,108344,4ab715573537a10a61b954ed00c8862953b54630f19997427ba6244cac264899
1a68b530,1393409,6e8ff0b7b6abbffd84e190749073365d381ae5834f7b1e49bf45f03df505f5de
1a6a4204,104467,f160b28b02176164088152c6dbec40c94495c6cedcc37802d551020fd1002cbb
1a719625,82523,363bb23b66828d81d697c511706fce6df09dc937493f5134bb7b9781559b4095
1a7c8b16,110301,4267080f763852d03c9b620090fdd5f4776da9a3d6a536236a1365e9a03d4d46
1a83e512,85375,7f7ef77d46575e46866e1cdb6b0ab93c0a0a77dc59c1aae28b496bfb7b31731f
1a83ee4a,104832,92ac9d0d1d5278caf2f305867e98c0d6dc9d4466e40bbd4a418090da66bcb49d
1a857856,101433,d1d92d0a1a30594bb19ca4963b1993b3914976293ea1f06c451c6219e6b9f26a
1a8c934a,97083,4366b51b38dbc5c5728e2dd388818e1ad4bf00e4f786b8284907177ac87fce4b
1aa08ce6,101833,bb7071680f65aaac741af3a4c702098386e0769c2e5da8cd57213f3d078ca95a
1aa4e896,101425,d013fb47830d75fc54ef020e30501381c10c26d3128bebb378534f7d0329cd22
1aa5825d,288512,f723efaf9956474df43fba356d1f033d7220e894d8d927fa6edf74e6d5f6c069
1ab12700,91345,02a6f5325127a2faab980f54aad09ce07bc58812d4454908b501cd229845be12
1ab716ff,95243,4f189f51b2f8915625a895e848aa2899054f070cc6ef71907f4e545544387b02
1ac00fc1,698989,e30d39bcf9d505bcba7051efb196593f9f94a1668092782fc2df4334267c5285
1ac7a7b8,72834,49976e22d4de59b1f6c753ec7d8f3897ba97eb843c839875e67b3e88fd74ea31
1ad206d1,134639,467efe88a5bb69c3af43d3aa8d7e0a5d6d6e19482cfb919e89e424c36218359f
1ad6ca1a,90076,f0b4436105c27264f5c7e7d0ce5de312bea1b0429b09a3605101cf609b11bbbd
1aee9f7c,77907,1c633dbc78c5bc70a3598409b2c53d6d5302f3ae1a20974df4b23d43d9d1db79
1af5fb82,94635,7ec46655b5d4f115df505f73e9de5aab70f12f7953f0e2c117bbebf7cf038c60
1b183ab9,4259592,1d1421138ed00b74fb472758f21064235b06ff36cba179fd8546528ba76f1a55
1b21e8f9,77107,ffeeb773704b67d955d110583d45b642ef5bae2237bfe0db30a24b874c460479
1b2824dc,96928,3db278adf8cbf10ac78454d9da0179c38f62dd8e4c9ad59b7b28c80c5967840d
1b422acb,102816,21076e54fe2504e482dfe10bdb0637604a016cb12751de369d70fbef658a180d
1b443b78,110919,8814fc427b425e31742864da3dbacbf73aca205c528b21b50e148468c37f794a
1b525e2e,97275,39baf184fd8efecd385260e8024a5d27a1ad659acf87f3d2ba4d58f9c28efe29
1b5cf499,84054,e6a9c2809fe527a1be140476db4c91bd2b5cc01a0cddeb86b0637f42de5501b9
1b725352,99261,23ce691d243a1ef6e0567d5a2764b5f81bd2f8a3bdc67e6299b1d50b1bb11626
1b76f0f6,84395,514213aeb27cde0823054bfd0f354cac7069567cd12c07d526e0302ab196024f
1b7d44ce,87203,d4ed5115ffb22779a83f8db4f5c9cbc6be16b7f15514258a8b31faf30b74c89e
1b8a70cb,299300,52542dfa20142d5b0650ba33be91a5ee01cc492f8f1d12e8c4db04b600e9cf1d
1b961d2a,125357,a94e6e28bd75d36abdfdf5515abee913062001b4b547b0a4c4ff894845d42e62
1ba6395e,83652,6bcb7edbe80d72b454bef37e3078ddec743f8136575ef1fe10277cf102ad4b0e
1baba142,87562,ee1eadb39fbea175e385e229976fc8cfb2248eff766d8b169476cf14b4c4e576
1bd05f94,380331,622c7a3592bd6e16f5d22f34e797244e221280c1f0fcb70262a27f8f009593ca
1bde0dc0,100584,31674a1a7be5403180251664a93085b70387fdd893ffed3a62cd57c19fa79509
1bdfc544,109153,373a43ad94d7c88a698c574a6ecdc075420e90636f23afe940342f08fff40de7
1bed29ba,100590,a00dfa36293c268704b042c20757ca08a49618c82774907ebd53a82d3544b5b2
1bed9354,98534,836ecfd32dea261c2f26c80e5d2b4ad9afe9af640e5897ec90ba133efa07eeb9
1bef6e01,99868,0b7e690e67a5b8069806296f9819aeca82ddf733e9041842d184b137c6158633
1bfeb9cf,98506,ea1b5a562d7858291bd1089571fb8de13d82eb13a8f4513118740c3578334763
1c06ba03,82279,5951d890a176d8848e8ddf8b9550ea63cbcffd8d3dbc3d155f2dd0c375eddc41
1c16ca3a,108232,eec5749879b2e8c50b3d0b24f62fb9ac1c0d14f5cf84daed624fdbafc0bb4faa
1c1ba4e6,80784,9cc6aeb7cf9f2e8a207fc995c67d2eecfd660e21f85027f41968a7facfa305a7
1c1cfd0f,89115,3fb55bcef276f56d03aa43f2dd0c7d073b8a301ac25b9878fa375f0ee7c1350f
1c1db545,85410,4f1d02880b902e0ac0ca52ae25698f858837cbbbcf16d8b6f931abdc3306d362
1c2a4498,322940,b805e5f98c9fa97f5e4bf4158b8faf7d1f4c934dee6b08a97848bdaa5976bab7
1c3fc093,101547,8c13eb7e0482eb069e68ddf70bb94f64d8963ac727948d321ff0520fbee50797
1c58e66e,103579,d022561caa1da1dc0ce3f7cac865aa798650deff038a58706a357d34d967506a
1c5928bf,78486,875fa3e48136d80a62c445e9e92e5373011abcb1c62675afe2d170be1797c06b
1c5a0428,85141,c9480945498763a28aa99af3c60bf0e05210c69cf0a060d88eaf5170eafca593
1c5d258e,98375,52e265805fed54f07b09139b042f3e6c4809551f9bc33e73d2cd0674a2faab26
1c67c873,80487,938ff038ce0961d475b9b53305e095c6565e473b20e4624a35a4c115a10b8fdb
1c7772ce,96755,3101dfdbd18dbceedb251bfe1b3f838187c3b19c6c48f7ddada8153a778804c7
1c784593,698842,2704255cdce61bdee7e2d49152c7e91f954774a7fbdab4fa0e5e503d5e6426d2
1c8a6068,90057,822134ad0ce602afab85eee79ff84f05616b680920e2794fc72dd2939101e678
1c8f5c38,83784,76a93e92500de8e30428a288a3c8f29d04e3426a99b8f667cc6a42598b810380
1c91331b,87288,884eb77afd4e2779c237827c2a79ee1f34d464627bf5485bf82e49b3d2c08450
1c92f056,90943,c1d27d36c0d0f9e6e3ce289037ac482c43773f897a89e0ceb183c0984f190e72
1c96e849,75579,3635051ad44d42e4422c4dd8abfa7864c57eb21bca0498b5d0358d36f2a79a07
1c9bd3a2,81297,a427dc7d6bd819148669e64a90fd8a3821fb149ad8e3d9f3351d7048809bb119
1ca43d22,91841,8f3ef24978b9df2258d96396a075bba66ce76a61ebe867693173de31f2c94e29
1ca78db8,99353,c919711c2363fa60503e981034d56725154f9093ebd3e6a88528cb307ec4cb23
1caf8182,127731,26a7259b4248d7a6ae42ba109d4d516fac5e24062e189180d654cf159b2e1ed9
1cafb608,1956393,ac4688be6c289bf25e8d2e1eb1b0db995710172b0cb44058fb43d10a749e1494
1cbb4ce5,100285,0d7574727275085eff4e1a6a7f873e265e9fded513176a2508e9e7c14efb9ac4
1cbd4084,100540,9bef54fdaca659fdee3f3e4ff1fd9641b20eb0f48fc6e726ef7dd08d9d40f22a
1cceeae2,106512,4501893defd9844947d1ae900bb9899856285da9b5afd6c4bed6d3f039d52ec6
1ccfe15d,336255,c7ac725ca89602553077b40287ce4ae6dce0bdf35eb0ed152dd017332e062959
1cd40aec,106638,3ce77e3d450afeebb45a1cdacb36fe1a87772488ff382ed213e2935bc9a0edf5
1cdd2df5,78725,468dcea8e667fbb2611ef0626871505e4b9b1da583b9c7d55fd06f0b73cf9493
1cebf960,74821,6bb9160a5ebb32aa8fb11b3ae8242e8f82f205536aac1a97b8fcd5c473519353
1cf0dc6f,72758,ad6f4f9b3b80cc15c43ea483996af16a11093abdfc6cda1844740dfdd24c3ac8
1cfabff8,70513,8c2db30871e9e095850c15ee0f7792243ea210f6a05cb4b51d6904567a502dd8
1cfc75a6,102511,e3ed9c29bea83ca342ed262ebfd8e074b16961fc0fff68a609ac25de27c93842
1d010860,76878,bfe6a76de7bc03c073a3c03c6ceca1c217c1a06d068601c075a1ef98ad9bddb9
1d03c3d8,95614,9610c3eb67eccd7ccdd033bba2cfe1006e803b52b2bf58f7ef567c2dd27cedd8
1d0ddf4b,115757,617cb7f352676a3a65148575e7244ce54ac6d10c29b87252d94403d06c10ed8c
1d11efb9,92341,3f521ff655f6868f4fe4c5346135cff4687487d32b9f5f177e0f54d89fc57ff9
1d2b977e,83819,006020d513087243844eb3b41307fd4fa4a85cfec228f29812d0bf5c016ae33b
1d2ee440,79516,ab4a9f8cb51ae558a23b477e89c9155b40eefae89fe21ba1a78f84686f2fc6f2
1d42199f,107347,4fa0989c13548eb3083506db68c9d404ecaf7ab0705242c4a4902060bb6af520
1d5189a2,603859,0017727808ceb5bd5e6e18dbcfdda9a7f342303ba952ca0fb240be65a4a1bae9
1d57a935,75816,9df1a2c9f74eeef91860ada71a0a3406dd116e7dce4b6b5872b2e37dfe34ce9d
1d5fe785,100148,a2b69aebfc4ac85e266d8bfc48ce6b5d9df1ea7eadf4ff224cbf52ff46cae7ae
1d6284bc,828207,9782240d82015e160d9b43b851ad981457644c7409d386be589d64b99447c10e
1d7a12fb,98574,15fc34ad5c12c218a2e31517a25494f6fc7b75b4bd594010dd05d4cbd5aa8fe6
1d7e8dbc,93069,e2bfcf3027914977f50d97a50cfc94985ce1397267d2448e4441bca94a11d1ea
1d816fff,95985,a2bef8c4328480352bb4e52493b523f047fbae78b47a6843ea24209f12510837
1d83351f,90869,cd4ce6c24063f115ddf27d5ca9a5f4a694d84bddcb3c3d0ca1112a41088b1f16
1d83a8d9,68536,a8b9b16a83f0d0f6bb93cdee91a779fe0f304fe7f8d27483e5f77f00d9457306
1d88a81d,85271,d3c333cedb41863e50a49060060b9902819388378bf92747cec10f0b39a028d5
1dab1c08,76643,6439656bae707d485b21e558182badac0ed362f28e9f79454abb23d8d939ab57
1db16d6e,77274,687aafd9d8955af14c0e34a32d4a87a085442e167864d1aaf6b3785745c862a3
1db73c56,85787,7662e1745d10c918806fb378a8e51915fbdd3a7632f93afff1ef52ecda1a02dc
1dc3ad02,285197,b6cdfb079d7975f31b7530679421963ad72dc9fb2f9118c6604da8706e02c304
1dcee953,92362,e4d7a746d86d8358a44e160295cba6813535217709b038f1309a13cd5b8ef070
1dd5445a,55534,2570a2d0e5d1b1c65065998323b3c54eccd341cd0079b0bf511d07c3be4e203a
1dd8bb7e,84868,797e9d36b5942b4a3c80fd7f849e8bd49c2d057bb2bcdea6b2c7d28cadd20633
1ddc9c3d,97675,669414c2fb12cf0c7cd9201dcf7ac633b4f1fd10a16005b1e12651e1418efc2a
1ddd81cc,340682,bf5ac5d2df85cff31ee88ed4c3cc7bc285ab04a8734f81e5132cd4baaa2f31d3
1ddd81d1,91774,d44ac8bf551105d341458fa7db31227895779d44e91d9942688943c5a0db9f0f
1ddf6f64,97199,119fcc9ca2806220092ef1d84ac34070d80cb9b08a7bc668df2832bb6095b1bd
1deceaf2,69890,b8704f31497c29e4b6dfcf43179ae545b46fbbf3662f229bd99e9495794e4f85
1df07cd7,104426,939b3cd50b994a96a862421823af4adfb41aa16466077c0298cb2f93f928add7
1df6c252,59703,11cddde3f0fb0d8e2b893fe4691bd0c843272c56641e211f150d12c2e9063977
1dfd5cb5,332017,2498934f3192ee254d861293bd12d0326b4289c7ee446c69310cd1c5fdfb1d8b
1e014cad,96910,03a258cb8b8447284733f83953c1da431b39c6259c56cd3d881fbfbf3bbd7032
1e081ac3,92167,7004379e87688d88df49e1576ad53d2f16fe04fcaeddcf09a3fd8641aa9c81f3
1e105436,61651,3484cb399e1a953113d2b5985c968bceb4fba38ea375b8d46177955f6acb7b87
1e128e86,336464,5b8684aa135746cfdf8cc8bb1ad2d29c2f0b7db6e8be6fc4fa7527436e35b427
1e14938a,102524,9cabd5ac0a747e793000c08e96f60fb7d79b90c631e989632e092d480a9e5fda
1e3462ad,89328,8f2f4a3e51189e916d4bb26377886c08c579797864b9f9cab353d476329e3880
1e387179,88746,83f43be175f51ecb1fea543e4dbbab00896b6688604abbc1d8e68061ec15cb4c
1e38c346,116225,f980cf053c2ab9200306d1de3ac6c22c6b28e11aba8fbaa0d6fc4459cf077d75
1e40a0a1,92914,337436bb168d860e4c5f939d376b5154b5df584effcb7f869a9e746bfb13f030
1e47949a,104514,32d3d0cc2924f53051b3db4c4982876d632ca8cdb39984b76be10a456037e2c6
1e4987a2,75043,ecae94efbc4cc2ef33a06f8fc2de6d94815c4aa84d8da4d96228ed5e018abf6e
1e4f2577,112577,f455e25a76f6b9e5dcd2d66b5e6fa18a38cae3e1ca6b32622c6b4c18fdb4f183
1e612bbf,104139,4b651b0280aec91e576d9c61d5f8555cec643a65cad4be9d28cf5b07e5ca1e26
1e6b3a85,254116,a10589e5af42916f196df3ea54a94c9c83d35f58b1061a117444fd0e4da8f913
1e6ce22a,99147,8739b55ebd98c688deb19685af0f7b0d4749aef0ac7ce37abbdeed198fbd264e
1e70f9cf,83583,10ffb6693b26cbd8e7e95f8314eaf79f7510960a2d0f0b91db2442419ff192c4
1e72c418,72147,adf6e1eb5d276e7b260a0f3d923057bef5ee099c50ccdb9d9bc6fc6fb532df30
1e77be72,73539,f0743397ef37efddb5137d79b0c46b663e1a041f48478fcd5c6b27d226909046
1e884021,100212,9134574fcc24c4144f6f59bd75b37ce81db4a0293f8bfbe123b5076279ad201b
1e9db1f3,92027,a31d995fd25dd6f3fd30aec8f49ea2858844d384fca7efad3835f99964012f1c
1ea57d14,102724,4dfb010d4358f1b138dd3809bb1bb0fe254ba475c96c0610c7e1f9e1a9f186d1
1eac51c7,102217,c3085830fd9d6b880fc1b8aa7859ac5706f8f86e393b467bd8f865659d47bd73
1eb20b06,72261,74bb3d96f5a91bf145fe805a97a403b7575d216297033290c9e28fc677f21bdc
1ec18bbf,77482,151321525389d0ef144e871b16fae0e9197fb24f3048f25a4c9fb8cf7395ac0a
1edcedee,99640,df1d12b5b9447adfa64f49407a014efb214b33339409bf2f55ffac3148eb8976
1edea4f4,176439,20f93bd3b9b1b7838efab1a6fcb517265955a5e03764e207e1060923f7e9cdfe
1ee09b75,102229,6b623fa0fa5187a23dfdad548eab6cdc25c6c66a8d8a38394b266fd7cf49f7c7
1ee0cd9d,137037,7d4bd03efd641cace04c53dc6fe0cb18bc0dbdd8955acbeb2039ca6000fa5def
1ee1cc6e,74954,81d09456c2c255f76122d45a6a88f4fa9a4d4b6803e002fb676997d6100e7b68
1ef54a7d,106604,0c9be704369fc2d024b6d0771b2c7458a455cd99dc0a6424cdfb447477e4003b
1ef5e424,87680,d0f1872158237c0fdc378d41af59a58eae438e42c3a7caa0e04f852d000b2d89
1f03f020,73358,cb52c67ef96e42b849bbadd48208269e84052aff12c1134870c0bc6624286ae4
1f0b33c7,100700,cd16588eef9070e634d33f15ba7ea4e94a50fd930ca3f8f91a87343652b74535
1f19b1e3,236676,b570db44c08aee1578753ec0d44338d5556e157a8cb7b775acba24d370ef11b1
1f257a05,88752,a0c9b5664268e9372ca8212af1fae1a48bcac4ec46c5b40d3017ac16e594fb7b
1f3a3672,106003,af39903d9e04488b2d82c71bf3ecdea8a0cb61bb12de8527eeed8224ab9f9302
1f3b392d,98679,6c364cf49d32a5780dc2ccb8bc7d44262583acad17cf9125c328d0c4651a3fc8
1f44e868,104011,123ae9f9291bcae39e7c7435e9bc637421c49b92273b230a853da916e1d14d15
1f4f393c,86421,dc9866eeff4b9c5ccf960d66a48eeb6f830481596f102211b9f528503994a6fe
1f51eca9,75276,a16547839941e99f1593d5a15a016e009c87a6aa4ebf9ababd4ff2d6214756c7
1f5d8d73,78138,ff3a43d058e4f8cee77a5029fe1f869c88518071435b569bbe4ee62bc0cd9a28
1f5e942f,84544,ab963c3833ddd00c809ef36d30fb13ea5d0220e6f007a8f44e4e5ea4e812afcc
1f6e3466,87474,ec9ba0cdff9bdf105513884f9edceaff4bb7520e33ba491a556e4c8f5d10c354
1f78f86c,2118878,5476a733a79d56cac9610321b21b4976d818d8abd80698c0416fe8dffd9da2f7
1f797b53,78007,fc1899a2772f75a529c92c080bd0176bcfb9453785a4ba26ca36e4d489bc9ca0
1f825b5e,87113,7733a89906d8966da009de3e627926db4da0531169ad883f283ce25df319788c
1f881d00,994659,b6c45ce50b4f10249a1dafb399039c8459ec7f58bd60fa4dbb4186442862f7c9
1f9c1051,102904,39ab161ad54a1e1300f3fdedaae1a0a99987dd4f37229e53adcefad5bf4459a1
1fa1814a,117572,21c78731688d783c3872c7a8c8984984b63ab56ff955743e20d44805a477f6b1
1fa4b0c6,72239,6839bd465a861b11bfdcecd31f09dc5fc43ccaa2828868a4cd1cb2ff46cdf8c1
1fa5447f,75074,69fa0a50fe6b4ff5e70cdc43638a842593fcb7c94606d31e75cbaba5cae2a6fc
1fccde71,290844,620e701ade3242282f319c38881ee55e87fc1ca6edd6965344fdc1c121f6bb43
1fd07021,81432,44628aedca64dac6b9472b579bcd22d1fd7789acd25c66e5408fb1cb05a2a790
1fd8d6b1,82769,072c05856e611de76aa062be1d1c738f998e4daf5bc67e85fe4b915098184322
1fe46dc5,93107,3b276999d00fc88432d064c0c85e7ce9f9ae62387c530ad18ae4359d273bbdd7
1feb29bf,100493,656b44d9bc7c1ff190aacef8bbd34b0eeec596edd85763206706e40e5e247d93
1fede14e,94094,c1860775e2d7c260f22ad0d41b11b077719099ae2bfa2e2d745e5791bc58a67c
1ffd330d,86984,53b8473fc18c122ec3709272335d347a1e94a1d61e7f42e0275cc8d6391f5581
20052351,111058,db6f73e2e33ea9836c459cfbd83f0d986e13ac6920e82b5d4a3b34a800fd4301
2006c19f,83940,f073092af6ade3fb9a60c34e78bd281abfbcfad85155d93fdbaf907257171174
200b5784,98683,545734426aaeaa87e9af6c0c18b6c570976fb3fa81337aec3371361a3745031f
20112dd9,89230,83a003d221550b974aa6fe0b4181e1001500964d46df4d9a967adba6a6db4dc0
20198579,2224716,f7be6a6d81cba3dcd47cfdcd03a4281012fe70bc67fc7c02eef884d74e5b65c4
201a4f13,103808,910b23a1ce1cfb22b404f28b0b55c08e4c315ef9254df93f808f3fbd6c860a98
201b1632,82370,21a0c5acc866993fab6b1073f6684e83e8ed2bd884f6f0429e84312706012728
201bbdca,102640,51d8fe932ba8fbe2e514d2d49b7411c1a0d2ce9765f0cb3e0c8a42eadfc98d62
20242503,83230,2e7518679559e1aedd2e971a0a5ce388fb690a60c32483fa9e3f6ca6749739a4
20275ef9,956742,8f04125376a994a6725589918def44068e1c268325a4adec686b5e3bc6ec5b04
202c9cc7,80826,199bacc45aee13997701df9cb714e3ccec8cad308e78534c579e9a18c62c6c92
20442286,95194,dbb3177d40dcd836df7389dae1753f1592d570f1bd226d3fd615b3c1d4cad0c9
2045a510,70426,ebbc4e3825e444c6370d068f261fcbdf2e8dc249e0982ec34ea45fa94f3e9bd1
2047070a,82613,ec02d66e023fe5da37b905506abf8258ea9ac54872f26a3328e3db5f2e9fce92
2048a3aa,54146,8f6d1cde575fa8cb2608634a594bcaf856fc3a032787d768f2897c5ebc8800af
204942fe,82876,6a6f26a47b6b7302efc0a516ecf9909e54448ecc57314fcfc01bfe91b5421ae7
204f23c8,77773,222a00c0207d88b995adadb35fb70c2e79efb8cf28d2f0cb5980353849378319
204f8029,104032,34b516c086aa461dbf1ae252f6579efd7c03c1680bdb4bcb7f9794e306ca655b
2055e439,70397,eb4f39a139afc5373751f4016f6a274661366e25390e330f5bcf219e4f8292f1
205701bd,69319,f18b219c5c4cc5c8f36285d02a4bcf5de539ed6ec84cc56cfeb36b134cac5826
205a6048,74497,da757d9191acbab8b57efe0481e15fc37aa7dbf691666748c6e621f0f5493eb5
2062b4fd,76146,1962e07d09f77881c4e50ffb44b2623b8b82f6460695f10199af9a338ddc1e74
2074250e,92337,db1f1766171ad707ecd869934b87abe63a06f900a5ad98d637a481ae59e9867d
207e3533,1799972,4a15c7e79526637fa8e77de240c4caec0a731f4e9b2119d0367a7683854a5f69
20898036,96592,3cd34cd96a0d6f9786a168ac0e305ecf7050cf9102111d5138ef0e5af36ec017
208af9ff,304468,9396c0ec92133646300dd75070cd397023ede60b7840d45cb498bbb3b4ad08f5
2093ddda,102077,9a5d4c88a99622406fd19617542d46286c014667582efe3cece0545162276c26
20981a4f,93465,66aaee74a12fe8cb82b29201bb1859ec5859ddcfa6e92495173bac882c2c0920
20a97315,99949,8033d47e692f6c177ae112065152f355a630f33d96a82b0d511732dec49aa9b0
20b56ce1,133718,3966d9ecff64bee38e5194e13b17a977186b97edaa243675fefebf191aa75291
20b60b6e,72752,94f6d895ab94041ad2f3779d49f912c48641249e6e44ce1d3fc1078c8472262a
20b7c06d,82109,c2bcd857c3ac667086e3057a61398d19f12aacd210eab75a8eb7d1ea4f935d54
20b96dbf,83648,7b53dbe488476820f8e5a80c9431861fb71b1be3b44573a0e0e0a750537e7bc8
20ba2676,82273,fde30916523733b3e96505e705924d64730f17ab8411b5d477013b7fb997c150
20c31c6e,336413,83ce9bf7def6fb3f985deda44076f3b7f2c1202a43baf07c0d0388272ba9398f
20c96785,115601,2175da591445730c0cbfd62f62767407f7c240d106b754e47dd89c4ca8bf06b8
20ecba8d,138330,564c87a94dc3d608468703d9a36856e7dac7436da9ee566395b5634c8fb79f0b
20f1a8dc,117173,b6a988acc87ff37caf1e7cd4c545485dd79b5815cde4414244b9a5e962e8254c
2105b77e,69892,d5147205027ab7018a8022bd7ae27ccb87103402aa645b4b5ad787db22044604
2108003a,77994,f54be7e63df300cf7710b3e481657faed1849e4583cf0232a6b66f7d4390b3ba
2108e700,111973,8bee6c9a75388e1c6f556e9cdc7a954c727ad209e25d6908a2f01c5fe062a331
21119e84,102841,e3289de26eead24e5fe0ed7b38ec4c18c96c0aca8554d87e6bf9dcb4b9047acf
211343a4,349181,b6f575f63b394908b0eb9b4a50e82f46a07f2057bd85f5b126a7b75e408a09e1
2113c2c1,104833,9d808c14cb435bcb0865d84186b1bf00389d00f58532b0ca62531684306f9c92
21151f20,107085,96751663026f23c6446cba6c35c8e7f35ebd3383088fc395a548a927f5c9dde9
211806d2,97082,54ba428c70053a75cc71eb9c15d42b84b1660eba6ff14c253df76535cf4cb0e7
21194e9c,105667,fef451124aee213f028bca1f7fc09099a1bd148498c4d7290b852b1c1b81b415
21212239,119173,e2634487f295cf63edeaf512a2f9fddf26448cc00bb5c4ca32a4c27439f1fb82
21343b90,97495,11137a57fbf87052c21f18cbc3f01ae644b356c401d6eec6b70bee4308957941
215285de,83164,92ab3ba9f2b60d2642f5b80f225190f9a9d50f439be9bc959a107f6bfb3e5148
2172a81c,120495,6ce0cdd0c48bacb12f19bdcafaca3efc73b5c2405dd527d6ba936199e563570c
21827468,88003,28da3edb5a217fb53aef416a325f57c169c830898c686e7761ab69c05285f786
2190bdeb,80556,c7fcbe42d6c3a5421762af2fe2ffa51c6779f8d7edf1c2e4b38006cc1a1cc6ec
219257cf,83545,9931490b83e3014bfaaa59b9c4f73056cbd6d666e3473b9125764e29470da73a
219e7749,97654,880662f3e92500985a290f1609b90da127cca1a19898087a4aa362d0bb212ab9
21b7f60e,100680,db86fbb60147ed3d299b75fec22876c8c7a09168eb6e369d6d653d7edb5d0f53
21b958d2,98455,280a410ea14e382803cdc0627a7a8fc5bd09863d04046ac3e9bae90e17f26ae6
21c57276,87684,86c7aa620423046d0442e627402a4c267c80ec9220580a7532a1a6dce7842628
21c72687,120181,dd6b0f1098493dd4d668588b63b80808ae7cee422d25919352ccec6b50f45c31
21c8b1d8,107005,2b85379af06149f49ac933e456b60cc40d3dfa9508b3a7cfe2378c86ccd76a4d
21cb6c3a,100415,0a0e96877fa31b7bf7b63b017eddbbcacb74f137952a3e0f9ce6b2fec128f7cd
21cbbc41,73819,abfe56035ad8e4e5bcd125f49eaac72b6f4c033621befda7c3d55dd71006d3b9
21cbcc37,72953,8ac746d357b4eb00bb7d831e8a5bc39cf1067b31c033ebeb0857b3b75ca6b5f9
21e93395,106466,2677e64e7e09a325ceb0403eb0f95e589a9f1c174ed754e3c387f08a4b314820
21e942c4,82190,31a97ac1002971946a9b7fe535af2f8c8c4a8e28677e4378a7f8523cbdc0cff1
21ec4a6a,75534,9daf32653f5f7f5f845b0fae380071da8bec75444cc464803930bf308299960d
21eccaf8,73699,fc43f44e9696e3911e9d8af8e298903b8f27f0501bbf60dc215d2ccb89dc7b43
21f27834,74952,3d83684d786b8bf64c85c9162654e4599ee8abd463cf8130b5ac558007776d36
2218e60a,283939,7f53a60829726fde1f4f78e7f72d515d4d9bbca6e59ae4cdfd97ed4d95c9d77c
2230cac4,112928,09f4d931c09422523d220f7b68fbeb2ba5b2019ceccf6479f28ffe5b32269946
22383307,864914,6d3b3799def14fe23974324936104104f077381654e1656e6c1e3ee720c8d959
22537ba3,78016,a8be16313e665a3bb428abed5864d886e515f5a9af6391fd9e79b8c6337ca007
2256b819,647038,ffe45f216b9a8dd64806096ebfe289f9b23b9d3fefb2bb50f218fa099bcd74a3
2275d6ec,103875,53211114414dca94b48ad280b854b03fe303bcef5aa95452e2eac960ecc42d64
228bc034,68136,51ec0cf7d3949da4bc110856310342862dee134effed8463ef1e66b61526f349
228eec8c,134247,ba50ce76b81e7f6ba11dee07d5eb90c7ac3cc931594bb569eb37d435c2a60fbf
2293737d,84955,5692174abaa6b05353b2a22e8ec60fc9f26c43f47e731cdfc36c04b419f25eab
22a258ae,120463,ffc3b3089b5a0658535b1e45b81f1abc329821c23118d6062e40d3775474037c
22a7913f,73590,8b163a5a90d2a2691b55bc6cce967f8bd387743755c5f12d8222b4caec9a0136
22aa44b7,69506,ace737488da103fcb8d8166b059d9ce4f9396c443b68ccbb0efeeb45e34ec0b2
22af1de3,106895,fa9d8c855dd015dae9949cf2d5a4c6d0e357a6e3fe10fb61ea9d129adcb63964
22bb0658,96641,9327a61ba3a7866845416ff2d56a6c93a1fe9cb7c518e5c9db0df894f99539de
22c8560d,85739,ad5f12d5f59d554c6dade2467406c55639dacdd143722ea3d6f9c17031c193b0
22e13b26,105471,2bc8f524307dadf61204320d5d304a85a4326ef83d511b2b753d4c20691612e8
22fb4280,74057,35f0801e94be23ec2fca7e8cc50d0676a97a6c6e6777f20e1c21d9f7f856e995
22fbdd3d,74447,a4a7eddd4901f4a5ebc9b3fcb9d53bed528ad01731be7ebb0f81097a853c4533
22fd5bb5,131662,70115e0f9ace955699edb9efd57888f22d7ec285b1c1b40d16ebf3981854172a
2308e2a8,113631,0d446fd8a3fcac45d5f029f535f1e2a1b43ed08391366fc0f44f1c6ce9b0e09a
230b8d8d,80701,d3dd4a58ccc0d3faa3676e0f3fbbddd1f11597b8327f03918c685b1bc108d10e
230eb749,111976,8ce39f45fd757834f7eff328256cf83d44b2858b8ae8442c1bc15077f2c6459d
231f87d7,74875,b8a2620307e2c9360d24a45ef6cbeef92c552bbc84b91eab23179648379a2c40
23249d78,122880,722734a87b7eb7daacc3e0e625e46468287536838dcb112010b3336aae51c757
23388787,104524,832cb9cb8f3c7d45935a6d452d23bbaa872b3fde29fa34358f94eece5fe5ccbe
233bc65d,79819,7e8ecd70f4929c919c3298973d3c65bf12b295388897a71d88fa470a40a74575
233de240,292556,a2e0ff900b12e63b3081ea890b36b978f080d896bd1952d09a4d1643e298f6fb
23475b60,102728,f4473fce314d8b6f91fd5816f50e593981ed884c7b4fef9b7196b8d67e1c619a
234923fc,106994,6929c1111dd5ce55957601f0863aaefb705f08ab5599cd77c2ad2f05f9349097
23521da0,78711,bdda3429adb09ba48011a7ffe6ebf1aeeefa20bb9d7f966f0fe5fc1d52809dcd
23554998,104328,74f425376c4326624944e2e916fef1443de53325a1dd116825fe9412838672be
2359ae1d,97481,afa876d3ee0bdea4d4096be47feee57c306cd1f19b6ec89387fa47a44ff81348
235be415,74606,def5b16417ea7e89e7f7c66750d0a251aa633da94ae91fe903b8265ed37a22b0
235c0021,94653,735124adf7f4a8a71045950dc09ef8d02fc0f15b1ded0930247029c41e9c6a52
236846a4,454634,9c699e7b21e46f197894c68384f57d616b29d784c206f00c00d0ed3d83376e0f
236dfa52,64431,1de06e80ae1d0b18f0cc85579f2a9febe70501121056c92f923e6b886bd87efe
2374d771,85867,50e5e0df512d7db6f0ca658a3eb78f2a0ed782613cea73bdaf0da34691ca4533
238c0bd6,98297,443e13b3979a074e2071cb9b574572c72a7496332ad018a82e99087322b1d807
239238c2,105850,beb935cb9f5813c3837885354311acc0def6a28c3c0f5aec13224c8f5c81cc21
239c3615,94033,b4ef5dbe773db203e6757799ee0dacfa279072e5ea8d97ded6207742f7de2312
23a333c9,73364,ee3bb30095abaa90254e9a33ad8dcecf32c549dabdafad0bac6cb48875d5cfaa
23a4db74,96448,8a338fca13d176c010e7dd9565c1a7de2d52532017c4cce63c193d9f43081159
23a59431,73636,fb600731daff3db93f4ce6e322c2ff1c7035e7aea25ce211da600756d2c81c5c
23a847a1,117341,ce67312262853b52eff9bab6eb9163aec7150f582f18c670206860d634bad9fd
23ae17fa,229526,4671d3e08bd544e93a2b774d0db659bbdc050bf939a96a89957ba23fca70d1c3
23b02856,101332,1b6b3df43e68306ce30f16fe9594d07094845d2601eab83f42a1065073865bbe
23b236ba,72829,7fe62a2399bb86ed5b68e91f934eb017bbbc0ad5fbc8e5ece8805e68c9f88d96
23b416c2,98121,a0e5f2727ad24601cf4671fe4adbb41b189efa6c1756ff193b7bf0e2fb3e3b9d
23b41aab,102666,6cc4151397f876532b193f4db4c809557fc917f69fb72b0310d7dec0b3333f52
23ceade9,81309,7774fe6aca4233d7776ee8aad36988a752618f28dc23ee88c18b83248db8c7d2
23d065d8,106008,03e8f84ea3cacab75744421d2a84a0df91429a4ff14e8911c71feacc57d9b150
23e36d28,104838,0b1c20f8ddcc5d9c577c6b9df1b3e4c8611aae9192495fc59e0f23afd27fbbd5
23e5b525,106787,ca6ffaa8bf54d5303446d0d85765cd52060d6d6c2a4825dbc8af2d306112b75f
23ea610f,117393,6eeda6a6a39e7d6f959ebcd7eb25137bf9be48c1bad0cf63c6a10e46db8d49eb
23f44e5b,86823,fd0ed8b54b3e89ed441cbbeed838135267da7fb3cc061308fd2546124af364d3
23fe2287,99676,28fb3ba968d241bbd153103d8f836bbd1cd1d4f6d70118b5a40cfcbacd97a5e6
240517f8,111483,70bd198720054ac1b1b9e8c681ec937486cf1e1a897166d56658da08ce1019a2
24134246,83857,243e25472788a1d5a116eb54b69632a42d0603f91827a875721ee56313bc56d7
2414ae2c,74609,2679a9da7053878c2b2521ff9f1f21599323ef2ec6858291d258b894d0350478
2417fae4,88839,ae6e2c98b2c80f6993ddf24bd1092652d01835e7edbb5af3a46a2def183d7443
24240cc1,359995,0a1d7573a34c5bc404e4a103dc5bf8a4bd8ff98743e2fe005c7b9a210cc65ded
2424e3fc,108161,ebccba2411011403880642944f5b6279cdea486c3724d02fdfdc4ab3752ef900
242613bc,286151,9cc7e2cc3bc53b36212317cafcad673612700bd85cbb94a53883540dbc457b2c
2433d02e,68282,8a33461dc2b13b4d474363caa67d5a6176b5f9ee7f0ddbdbcd4bd0595c13d5d2
24429aff,117918,0d7ede53b31222b96f31fd3e71d246f7ab70b5fa3443bbd13846a6e46a0116fa
24474da2,113237,da647eb4ca444ceb3dc36fda8a37cf4d1ea193493932baad201a8dc9cb858e85
24591cca,110994,1484374cd9e4d5a7fc72e7316933211f13156066d149186fee4224ecbe5f62de
245d428f,52920,76371239b58575c4288303d62676784ce8bf0e2c92fd94ccf727fcca154959ca
245f4abe,102961,73e83d1a04cdda8613d759292ef7258c2034e37908ea0a742189ce1ef0c83e5f
2460c7bd,108854,381fe400dd10b3e7f669949754c5c0c103e04c7d2221b56f90f268290beb6f15
2462daf1,127884,d58eadf6ea7c5dd3c147c40dc88f42ac3792389f1a2b1f7fce6e8ccfd1556029
246efedb,70018,000bce5f2392c514feea86be8b29f7cb4b44adaef1600d92a1624f67ae8b7988
2471c190,1790245,0b37ac9bfd524387dfd8206700028492fcf2af2c697c02eb39df446723e9acdb
2478f0ea,97216,5d649457a3edc523f6e45c27b091518ba26c8d78efd6ee1e32d441072e0907bb
248ee79a,111547,01b05fb3a622063fdef9b4216db7608485f7b5a06f250b6bdc4a99f25a96b2d9
24a2dd49,112534,aa32ae57b3f8753cc42d4c49808098f746a4665bc449b68e899cfb1970d2388b
24b698d9,110584,29951edae8f3a06098914aef0be7357e3ccc8986c03b9a1efb50b8d2c28d3cb5
24c1dfb5,83771,addb4491aa92a58a9130b1e688a80ab8aa1332617747cb6a66afd27c54891dc2
24d52b83,87769,cb70808dba84272363e321624544ba2c1daa6c5d9eaade68297e17fa95e116cd
24e5fdd3,282462,211927b39d931f6107424c755293944b6ae63e33d9d76ce44924709ae8f4812a
24f16ac9,82843,0b2999c77dc826c720510ef7d495d49d7301589e74c98be7a6e5cf9de9127c51
24f1a967,90331,9c8c79375472383177732b0e5a3bd7ad36c0b5cf76ba3b7db21a3dbe5d3bdc8d
24f4c79d,114049,ebe328b88f37a1af90b46884464b3055e7f17cff828f205e27d66f38046e0c2d
24fb0066,98089,f79a12767c28edf530ececc4905cd48ae06418b51ee404affcd4438f0c5a38be
24fb1406,82999,d5a3bf6ef7095ba2e6c1a5b0bc642c5a2ab5d788906dd930637409e39ccc5e01
24ff3dc8,85775,e21d82f0d4a76f44da44f712ff89ffdd12e90d6e1622c46c5a679fdd6b80b2e5
250287bf,79011,7f06417355886375068fdb30ee4708c5cf114528b8d8be952da1ec6284dda804
25046b3b,91889,d82a027a39820faa68142d8a85c88875c308cc1821b924ed7d4195a6e6898479
25083140,81991,04d7ac44a2d96d499c2396560e05153994afc94069f7bc35a4f4bd70065acd27
2509da86,87760,ef816bdeec0cf3a6e439f459a51fee390bef11a6cfa494abd47d6546a632cee5
25169b22,108320,fb0eee79dfeed32cd3fdec3a6a91903f724c1e7da1d45d4c88d39ec089fced0c
2523956b,75898,58455b64227b1cc98c447830e685f41e5ef3f30c9a3d2c4141b55e0d9d8f4fd0
252b0dea,89335,2557f1aa1bba772382f1e0e9f2adc83266583329b1ad10c91100a88ddfe34f00
2535168f,284084,c7b3e7a60cb6654400aeaf378961e642a23f2d74b9b3443733e7e1e49014d675
255dd39a,70485,bdc2488f304243044a2ba3392b8b90c0d1c92268bd8081711650c0bf82b46843
256467ba,95637,bc194af4200bca3ebf8d7a96460816263e119fbd540f3d61efb48fd799440566
256b423f,1882566,c0b2bb655993b02836b13616c119ba2e2e0dc92a5912f3da25ac7b66ab37e35f
256f233e,72093,77d58436c62ec67d23d31be073b19a4433b82f903e9c11a654d33f36bc6a9b0c
25789f7b,114884,3a3d8c28fb2acd86703a4f7d9bf075a947326e79c8dea8f713030c60de526314
2579f2b1,83287,f1c8d8c7f4bbc69a702ef5460e871d5b6bcb665f46c4adba4c03b049949f2ba3
257f1807,83202,8dac083b06cab5feac93bb41440358a00f74648b6bde0691caf4d3903a8fab8e
258635fc,244493,1ff359bdc92898bdbb490532d26e3e9d4c9247cbbccdb3174d3d9263c8c7e4e4
259169d7,106136,dae1671eddb80073b68d08ce4a3367a063bf165114ab8d1ff7e9a47ebacfbb44
25a19d13,103940,b6e7436b190fabda4d98c3c5d1093302ccfdcdb2231fb608eda05d0d8857a666
25a3b3ac,76121,6fbbfe6e952f2a21c048adce9b7422c6995fa62d1a9c50603ca2e962fbd40d5c
25baf3c5,261202,dec97d8f6937a9feea90c5b8091c77d7c04db3b1d44faeb2613cfeda94514cc7
25bbf082,131076,ccdd3d7c09a1e7f333cfcc5e5fb016b8bbc88d82739f8ed234af55252d22409f
25c62309,233748,2c7294f41cf20b4616b426705c9bdd424cd5fbcae3fb889ff8d5337d299a01bc
25c70dcc,112914,f4e0ed64220888ff611def924fee0495ea0002ce1439414ddde02a1af646999b
25cc3830,75921,1331469a4d934b69f24eac7a04e3769637dae6f0eed3fdfa0f5cc47a38c28b62
25cf488a,102442,deb2e82a71029b9f55bf44aca17dea18babfde539643934fe2a78aa7d3f6c5f7
25d8afde,117699,b0738ff559fd76db64b57e0caef46f5f7f09adafc4f516961da5a1b9fe3dca28
25db9982,80452,ef9efa0b15de4b09c5f7b442a3ea321ba13937d48b62480421d3eb514a355b25
25ecb3c8,86594,e9da872b070ebea8e394afe7726a45cd03fce371332f07cdba76743ffc6c4662
25ed3b93,92219,e3acc6391737436e1933706c3caccb631fdbf437f6250d5be807b506ae28d267
25ef4e61,61807,699757d4d1bdad496b299621a557d78c26e304849d702bf6b3fa07ccd9f1b04e
25f20770,81041,7adc6bbb066cc513f1ccc4ebf7911c0630c5969b08896bc5785beca456db3a5a
2601bb70,66338,36ef2fa40b15985fbb2e0b41c1af968bd9eeb92db9886a0a0199176366fec4d9
26025223,95391,d044ba7106ec99fa9fc25aa0d2e7770e361306025c74f2212bf49234b2c8f7c8
2609e6f7,86731,08ad478d3eabe32f613a26a5a7224d6a2faf1559491a33eb9f5f6b658ab07256
260a8ef6,332561,ca4fd8e299cf53a6c55d0e2543f6d8eb69572288119e882120a3ac336fca3d95
261380aa,83385,c6cdd5cf17e184f017764d4b984324afe1597a97cf430fc80eb648c158d62f01
2616553d,106864,fd2dbd915429154dfd8f83e85fb047d21a503d2353eda2f8fe90dda35d2557f4
26452954,114595,0145f6fec2ddd74a77a62d630e559b2e3dfeefd9345ce9dbca8d473060c8a113
264d4655,85651,e9f82f156a3156c2c0b094b6f56bad7aa8b46db9321e01f2243ff56b924e4787
2659a4b6,1349036,7edb9224680e35c8015182545cec60f6332b6e8d1ad9015a7d37c3c56168e693
266f5503,100548,1795b82ce8fd57d58fcb3d6b572355874fe2f8329fd6943563fd234c647a5dba
2685f261,570664,0e016763fe7872af9f3c730a6b47562719d6407afbb9f65f3c452b2e262e1983
2687d6a7,93294,0148dfee1111e14027c3c2d529b23f8aa45e5505cbd23fc2e1edb80574a6bd41
269a68b6,113676,bd36ea979a486617d3fb2d293f35a9a2f048ebd1a830aa112f14f459afe634cd
26a155ac,99220,5cfffbc1a3869dcf7ffc1be40c8516f351f5d507f761eda182da7bc49aee88bc
26ab7c41,103983,f9e62941f1977cf9ab909ccb30407d2c5b0942515af5b32736f6d0b7ac6f432b
26ada85b,121764,9149d564cabe605f46a00165f7a912b0743ef01f0a19cf448a6f877262ef3ab7
26adffae,74194,c537d70f8a37db8e20daf9526f8af5b1ec2caf4e209334223b2f0d2b681161af
26b11db8,355495,764d359ea4db84852a7d371ffc3bc466f728fd46922ccfe0b7d796c9d04ad392
26b8e1c0,200683,f481648c3380096d77637f9df264e70419b413379b44ec74cf1667d4f4e239fd
26d2d9e0,73718,a1092176be89c9e76dc0a720828b4e4e402ebe024e1ee6e3e361ad89d3b9e0c1
26dd3f4a,71081,c828d29dcbf539553e105575f48267d696d7e6fc793de8a8249568ad1a9c2c8f
26e0d3fa,88339,d94acb17fa719e9c2b7e006d94fe226d004af759aa7a24ae89a2026074d358ba
26e69085,87158,546035e7a719795ca13931b03817361ef72cf4aa038d6f0749cba7dafda2c7cd
26e6bca4,75872,57cd4566fa91b167f8f2be6674ccec7968d8a6251f107d54eb71b22e8047cb3e
26f1eea1,110941,2cbd7d30ac33f2665e7f6e94f5d29a1d5fe091508bbf61887b33837b2b064bab
26f2cd91,112753,0f7442b57d67795536e33668cc62d5db88b9a8cfc8e89e5ebee31d1a137ff7d3
26f3a614,105812,b6bb3a237649557f19575a0448f98b52f066d9955d71226a4d32d651642a6e2c
26f68720,96249,d9330f68466306387424ee5a92e5de825473d3b16915a95c361294563addb02d
26f7bc04,72010,caf8b30afb2a7bddfc4dfdad66e406fd3e05c5bfc56c8b1afe9deec775d70b9f
27003e26,82466,08faf671b3b9fa222ca45fc6399774c97f843cb3ff21e3f8d2ed5d1dfd756078
2702c6de,99518,b6ecce599e8cf7094b777bbdc554c0abd25a8f152ef2c26eacd17cc6c987be66
27051686,137220,97e21707a3de31a569f2fdb9a3816c392280d8f207e03829b79cf200dc840925
270d1447,116790,f3a45b290b8a5789aaf1c111dddeff4c5bfccdf54de186de65fae5a13f5728b9
2711ed40,110773,9740b1ce10e15d4b67cbdac2e4a34fe99c3c4a9d422581e42eb951e124e26d0f
2716aadb,399155,cf7101bc8356bb39f5e3602d9778040ff80a1bfb9f61507ae097c65be8f51e8e
2717e9d0,79154,548ca1f87a2dfad6a0d3d274fa6b6161fc33267059751cb3294d677d40baba48
27189046,98152,153a750ffe6ff3276c5000a93f731fd1f05551ed2cb12f4a78262906ff834482
27200597,92612,899b41bea09c9194b8f52b9890cfd34c539f0f9caeefa9549550c860bd431238
273b9eed,89171,633466b461632715b495f852f8682b98b0c83316f3f48fbb44b6d2763bbbc797
273f57c8,1994989,ac1441afe64e6d4410daa3687c2ab07e28a52554c9fb1e3ac8190507f3d3a4c5
2740c8b6,62295,dc3bcaf521dc29586e09b8dc336dd56f4e07e46b5a8574f6d2a70d9137733e1f
27481ccb,116588,c21f027541e8c800bfd3b749fa15ec078ad94a97040f486ce97f3c7ab4b4fa72
2750e1c9,106740,5ca2b675c1663ebb4aaedb180074cfe3b04676f6405cce24f673dcca2ecbd9cd
275ca61f,85415,9f8ddd2863138808507a9a692e1bedd6098c4a2679a7a3d63101089019a267c9
2760abe4,102618,8157b11285999d2abc69cbcf1fe5782733e2729eb061cd224ceb302bfb3d0dc7
2769df5a,2096219,096c0eaf983c44bcd1f4bc5e7024960b64e4ff06f7d7fc23af2d938c514e5b60
276f9b90,131744,3db71127f886e7b4f61c6c81bd7ff3689b5c20128299796c9188561d9038e7f8
2778a6c7,289255,8f75f2e51bb13d3e56781184a7d8304361a44a3d853c94c37bb63d67e124a144
2778bbb0,80627,f08c931d297bc6c4ac526ad830af7b8291ea0ba1b975eb20187b3c800624d354
277972d2,85299,facc1a8f478eea0a2790ce2adf35849ba87eb04cc60c68c7b6f1e0d0e58dffe4
278ad40a,100679,54bde671b9e1e0a5b45467bf64f893cfa4aa0ad9d2b4384c82479568a9507c99
27abcc2b,85374,3dbd874fe760ea3d1006159ba1b554bb31eef00a8bda2e9b74d1f672a7b98175
27afa131,103758,2aaf6c2f7d5eacc4685093410d8286d80d43b09f0b0ac50f72727a3f233e32fe
27b77bcd,106274,4b1c4c75acd33c6f666fd9435d96ffa1f622fd5c6df9eaf010dfbbffcce5a5da
27b8853f,96577,dd405f844b45a5e8e1d5da31fa6ec21a5d86848e3e36e8679ce5194f64ffcee8
27bae262,108290,bb34939dfb4a35549982b42519f4803979c4698da6f7e00791f802d26de3fc4d
27c8f4b4,111298,071d6ec3bed9bd03685441409e5216e8d6e22a69c8e040b5bba26367c5b7d11d
27c93733,92550,0c4753cb4865810efa3011b7bfb6c1d4a06358c6dc2a353f72d1000fff584ec7
27ccc8f7,346895,df5268fabc624e661b597b1d533ec14f68dc9b8bd5a51e654fadb851323294d6
27cddbb8,85024,863327ee007f0046a28d453b47dce64e6f43e6cbe1950b6f8ee1194ce60f8d6f
27dc13f2,91877,d61d25c59aec333eef927d79b291a2db12795600292947da6630928ffceae435
27e2e51d,83685,d053f1ffa892d359571df707414f918997f17d685c88d731a9bbc62d447841bc
27ea56ab,64642,ddfafd159d04a975538d0e9044ba4ffdfe80337058d03a1b92d3ca6d6017981e
27ee8fac,104736,af269b1bace4d000080bff14037b34bcbec8bfed9e625ba10a4e540f9d775c2d
27eff4bf,342847,2f6e916989537ebc5ee038360839dec14b5e388b62ef1395c47ab101d49c107c
27f8805b,94506,905cb05969c2c2af7361514b4d1408dfe3ce19616792233958a9512dd7a024cd
27fcd2c7,74832,1fdfb9d09debf11a8aa0a027a3f823c00fe9a2291eb964b3a920806ef44e0107
27fe95ee,1870633,53d7976f4ef15e5b83803567662f6f3042dcd39b0ffad5d2082e7d57bbb74bad
27ff58cb,98421,eff44aaf96f83d007bb7975afcbf276c9e4e2fb45b72172a1c2bb6598ec40ae7
2809914a,89659,1db486208bc946c24d4c6d8357068134cb8c5604e4e415b5731aa5de48d679b8
280a89eb,100887,dd139323547972861c301ee2f60ec694893ec7e08d7bcda2c597bd4b0afe2cb4
28276d4b,320788,054dcbd2566b5f5f3967fcdebd8fb8f55f68097505e5483d98ca968b2332a7a5
2829d626,82974,1db2f727f1bfdd8720c53aea10d9ea1545036161d10e229a2e08717ca169171c
282cc26b,82953,9f88b56689028b59c3f689d3f51bc29bb4093edafb2e171ee7eb32a0391d25d6
282d48b8,87108,020371099173491ebc3d8808f526b7ea3ad7d2c9df9a0210fc307a839174fea3
282fbcf5,85061,6e16093c37b3096f9b64bb3ac3889bd9a8c19b8ea1e5a4dd453b768b92be88f6
2834f238,121167,56a186af0e490e0c431a30b01c9675a5467d445a068e774c14ad702df0e4ba30
28508893,72010,a277a23232cd915570813dd0b48aae7f250960a6eb71415f5462bfada46c78ce
28511b4a,96730,a5a1fb168d5b161f66c3ab96954270e77940f0b1b8dad56b4701695adf95035a
285cb5ea,116323,0163efc4aa3095d240eb712d1f568c054a15f7b717306347a086d228068e6a5f
285fffae,102668,63a681dad3d44bcc255774a15b45f8f8b16be6e7fe1adad5dfe8670ee5ad3472
2880eecf,110765,7c96605315528de97ad7b89203c429426c3412588d5e897cea7af026c5218080
288dbac2,94194,eae0099574dd130d1f06066f5f3d4764ff849e81790c8748dff90ca5fa50147a
28912572,101312,4df978678d771a743bb970f5390b7335978ef26becf2742727d062af0cd57d3b
28919608,2466758,f119c693621757f40010fbb28a0618b91d50a11a1d9d5f1e5b57904b0a4f3c04
28d055de,73618,e73149fb42d98103907c45def9aa8e9d3540535db00d4acbc01ba61ed65fa9f4
28d3260f,112971,3c7119857fde3f9fad748c52ff42c61f7f93ca8a2d8e25e9742b2c81cbe72e1b
28d51604,99146,1726ab6f47483b55023c6bbecde72781c783e8f4a55255dddb3e0a336a822780
28d59f4f,84597,440d896be41ce3353d97c1eea60dbe667b1a895d82768817dc49d6eedc9dfdcc
28d80be5,100406,e31f7179361ef46d6f36cec242d5a581caa48a44a8a36e355d4994dcc09c9877
28da718e,271434,7bab7da07229832d48557fff6f6dc306adbf34fbd07c00e0ce7ee83cf87f72fd
28eb8023,100482,b0aa66b946bb72be6b6a3a96210a9905dcb581f97b408326a7558948c199da70
2901b9cc,98491,7d93736480611c28d0a09c60121ed8fca63d6540dfb702f47a2c21da72c297bd
2902c293,53423,b7c92cafacd6f6d4f2ce598aefe6ff5081e9936d693b18f56ac2fa37081f22a4
290b3959,96794,e1756ea1baf864f8abbaadd933070c68429cfc5eb42526cf0241bf6a6c105259
291035c0,73108,8ca0c32a9ddb0b65a4b0049d468f21e87c053034ff00eb4bf70c8343d8c9553b
2918f38e,103689,584852b95d60e822632087d740f7bc6b847e018f3ae3f72398b8842bed2db8a2
291d232d,77373,ad687be9e34551e4a93f0bf6c1b5a78af8a61b14360650681d204d2c61a76193
291e80f1,115635,94c6a8daac047fbd82635471a749b3ad949b32bf687e5ec39bb56feac1fbd149
292d64ea,74357,0c4543f60e0f10d7c1030ad0f149713ddfbb2226ad6260b4a60f596e86c0739f
292f636e,126074,047264e7b040ab59c0a1b8f3a6b00031dd43b685bc3f3f5dbcb49b15a8aa3fc3
2932c2ac,131961,5ecac44f95f99351c362272e99b969a3a5bf8ea9a2975ea48755e783220d3086
293d0e95,132079,7b16f8feb77f594b6a3cc7348930748f19ee8682b610c9f6c94868343f0a34a0
2943c312,100245,a5526a342318c69aeddd5d1eb9cb3fffa87ae055d22bb984a058486f185defd8
294f6fc1,66502,1a63d227cc04c425ca8c53ebe535e64f0b02413259dde6ad8982d174b98a7c7a
295851ba,264956,23b246f5bd9d41ad0aa8c2fb33672c6dab4b11c596e6e699323a3379be1076bf
2982c918,234064,8de7454df0fa0c8577185505f9911e2419400d2b2c00e76957f7c0362538588b
2987c78c,73799,7c479159e86b69084dabee8d131b305a4b9bfdde8b443df82c50b0309b20877b
298a5c6f,108607,57232bb93b960c4b3742984a9862f1c63018ec18e51913652aa1ee1b695bbc8d
2997c591,1803829,a647ee78086bf5a61f4b60ea50f434edd4bcbbb81dfc73b5cf93aaa7d9cbe0c9
299bb9e1,115221,3af26d1893a50ec33f826fea582ab0f23667e38645ab2e920c29621410317de3
299cbfac,86700,fbe1e364c1840928c479d7f2ad8b55d6c1b19523ceb76fc2182e1555463de68b
29c671bf,76060,0c25da9a0216ff21320fbe322e67fbf16b60518df800a89ff919ca1c39302736
29d36438,71137,fe78e3a2e6b9326be97ebf00795817ab9871c10c4f81b9a32aee9fff742c1e40
29e80787,267883,d10e5ed59c2917d81009318ddcab874a8acd15c7836206fd29101e23aaa78367
2a02f0bf,77703,538b4ea416c138a2c97421b2bfb11d1e5999cb5ac104ef6f00f1e4913349f98b
2a0aef99,109536,2708a330279eef717dda88258b75a66915553a53d523d39790da6137946a9a4b
2a186003,105040,750e6df2c323661c1a977b992999e2f1c3d0c1e532dd3b9b58b5663635a8a335
2a20c716,85850,396a7be8cdb41ea9165f52adc8cd48c4840ac3c0d41314fe6b318008215aed9c
2a23f5b3,104697,e2595c90d5d13b054360864d66dc73926a5d13caf52034ac60a23fdb19ec2c25
2a26ed4c,105458,4cbf5ccf776a820a0af5cadd23bb60c17b9c53484cfbcdc0fec71099040d331e
2a3461fb,101911,55c9c3b7e5ce6a7c0bcd8163d415e8b4c3866557a9fd63b54b2caab7b26eb750
2a3881ad,586776,22d111be48da70f86c3a3f9f71b3572eec9d4804c94b380daa16beff10f519be
2a3a5dcf,108574,baecfc0752841fa3ee3c9a830e88a9038f23906d264e1f2125f8cf9f7af9230f
2a3bfd7a,107900,a6703e66ad29b8343a2cbfecddfa0c8cc814057790ed59782e4f9019ef95436d
2a3ef97e,254823,c4553867c5d2396a5ac9ed2afaec3b64efe21923b7174bd4321e73638160b217
2a524528,62507,2d4ac9f57d0a026ba0826747804a6defb74570efc13ac89d89a2e6d9a3fad34b
2a5d7a03,229020,dbf79a11b2538faeeb088538e2521167d4939cae574f34a4186f6fedba70710b
2a5ebc60,83464,d2fd099ed62f7a022adf38f6caee99ccb082f2dede5691fb6f93c7ce02b8a46b
2a692224,80222,6a64af87bb048d5d3f4bccf22e214c207621b6bd8227be159b663bb9a3b5e8f0
2a73203e,83040,f102b609817ae330caa097a99432908fece0ee8ac20dca3e1825e1de2c2d5fb7
2a7c825d,1900750,e412fb7c7243104104f6cb5af4084d17961a2c513c84115762d652bd66ba881e
2a7ee475,73779,81e84b2054f84e44fa0b5645a228b356dbd93d5bd8fd2817f2aea00ec7c3d9af
2a83075f,102900,afbc19d05c420b251f3d42b50a657303aa744fb0720e5d7a7727d8574dc5f64b
2a85f224,69585,2a01f905318a61398c9c75f0701dc8a1f3b3063be39d7b10c080f5ba3ca3a44c
2aa69e38,96911,224afe9db035e98b9d1c5e6afb3fc9ee6437aa5663792b7422f48758a1eeb99d
2aacc818,79015,df444793a5c1592ce033da869ca347235a86ef80a2f127bc3f26800ed7cd13ee
2ab3b851,92956,cb14d936ca4bb369a2535e1acc8feeca4c32e7402238bfacec997400ead1d3db
2ab94102,77216,712e64c29c2644bfe11ae174efc105f754caa9a605b9d8554c78bba8674bfc84
2aba218a,78003,8f004f49cd53624c5e032d6ba1f3c7487f21966d155dca599ee9be4137150add
2ad10840,87709,745cf81439f31e24648180b7a4d424b07e24b7df656c1e4d9623e0ec0802654a
2ad1695b,72124,fbff0e79786f2e4c78f1fdbdb9095f361bf8e02a58d3b8cb5d69066d53b38430
2ade4916,73582,67bfadaf7aa5f03fbc4e536ef4c01a89f3a3261c5e7e653feb0734641eefeb9d
2ae838dd,51912,1a157f800a7559b5e58fcd923bd58f14b85684eb5552b8817dc8ee92333b8297
2aee6e63,102419,d71c7b09e18de236ee1a7ba4f405a54393b84fd727ff1d7cfd758b74850994d7
2af95faa,268833,345d0e101d90e9c27ab430aae963e6308b52d38a3dc703454f57227e6e463ee1
2afadb37,107424,7bbac59f208db6097c730261e6d998ad1887685978c86ff9d77b1836f6693b0d
2afb9044,83197,881d1016be32eb444f9e35c15e55f5c01f00c569ceb131f2662dd34ec9d10ed9
2b0168e0,2769408,a663e460fcf9fe2bfc5685c7269a625f48dcaf945c400c08a9621e9cd29d2ad3
2b030b49,1587775,8e4bf66746600ab236ce14ad5c2b04203cce9652c456f3e40e7ed57da4c3b5d4
2b0e3b91,117143,bb46f4d34c9e1768945c38040fc9654f461f80afabdc1e9acfcdcd001086ae1e
2b16579d,116184,09aa233cd08d3ece9fd217bb035b143513ec1e3550dd933c5227e058f76d5a6b
2b181dff,121660,60097b904a80f37df7512bd68b0ef12425e322b5a7a874c580c9669dead6dc20
2b26ac85,78939,9909ce2d4d0a4461fee96fb5fa2f0dc7844694751a9b1d5ca5942f0c8f44b4f2
2b296dd9,91715,2c69534da7329d04e2ae3804661a3c39b30ee8675ec4dfcb93a108318270d5c3
2b29b14c,99199,0a7cd96e8d9346f07f7d755ebf1418e5048601e9148c7707da383dc3130b75e2
2b4ed88a,73030,7d883f1d2db4178d9692cc7cc15da702f5fc8633b2d16a48e4d297b3a97d2904
2b56e279,74487,39db8447687877e2213c39e92e5c5d1a07ff2a109d5dd6969b4a1876583190a2
2b5b5474,106934,e04d5faa53a35c7cffc6f967f10e7fc57c94c9761c205da1a68c9244bccb5323
2b5dba65,876021,215439fb4284e6edc940b8250351f2fc972a59264b294573a7c6ced0c48ded98
2b5e9353,77904,eab17ed949143b62f1f3171a65d33d9b7408e3646c20907b0418f0e1d2785419
2b63b2b1,100962,dbd610db9de6134e9b7e39cf643872cda757fca07ba4b15c56bfdc683eacecca
2b6497d7,94687,83e19163e0c4789dd4f27e47137259a21b3b5dd344ad1625e4c9bc4ae484fb7c
2b81f208,95028,ef9c9308af7504bdcb9bd6dde09714d26fb61bdbab5e9faedc4910e0de1cb947
2b88aa3b,99347,eea5a0be7f9e4997eeb8473d68f132b8a0cf7c1d5ae7c5b40afe44083dab9f70
2b9ca5b6,73563,4e98a52320299d3db8d6fb3162a45966a76e6b3c2deed435c43a7ed76fca60a0
2ba5bb08,77177,e555d4c79dcfe680b4f6ff6b69983a55f94e0c37d0a4d4f3712c88d59e52ecfc
2ba8cee0,95578,a35e1ee8c624e04d5206f0253b5afe8a4eb4a75c7460bce7e4c86fc54c223e52
2bab1a1b,108982,7235c15f1b8b11166cac3a27fa94f228e02f243bdcc95caf0e2cfa49085ac9b1
2bae09cc,90382,b9d5284f5e899d00f634d70e032846af9d9e4cded2f78c96d4badcc2845b7cc3
2bbb1dbe,72050,c4f0c106588cc176833365a4de0e09bbf3b25b473053818c5244ef32d99b3b0d
2bc457d2,88857,4cb75e83c82bf5aaed3e639a0d8821c3de974e347338345f5b3c5d48b4727a49
2bc8227e,96486,9a26a378e6f476cb982c17345a18ae45c5a361bcd41a9f96cd57a55c10488f6e
2bcbf983,75831,047bdef75d3063447f107a776cde9714ad881a72f4ca8f24b9860ec645f878dc
2bd27a53,85447,15a4afa412eb374df37c3c01adea1d9bc7c1be00eaf1c5af59656e7876f6bbd4
2bd2bc51,71196,d417d09a04bdac48341dd27135e43592616954048bbd89e9cc17f748b4c908b2
2bdb13d2,86511,e4790338a9b3cfbf89130425fba0dc0eeb8df90f4c1edf8fdc9965dec1639096
2bddfbeb,102202,0acca94bfc286569323996d84df4d0ad81b5a13ef3969158620bb8515901b71b
2bfe741a,104759,aeb468bc7768b3c2a57751fd8ed7e752b165c2a72d9b3fef85da497007b3d413
2c011745,103796,6577cf29bd534e8802cdbddf82e6969dc52db3c97f5ff0fbb61dea086a877324
2c03f782,293602,6c78ebaf53db87065680235da4ee94d97366990416ffd6d80d4f2059c71e6e52
2c117dc4,329461,d327d5d532a3ab76de474f7ce7b5b67a30658a8ef6c2079c291ab479f323fc4a
2c17cae6,93693,f47296785b82b7b8d2c02a5cc3d08e2b6a939f650f5d3fc133192d90722ccb8a
2c1883ec,83206,f1c233d2e5abf0726741d83ab9cdc832c6d0747adbc6a038a67aeb5face850a8
2c1e6c1a,94456,82834060cd66967b481bf4bcc1ff5357d46cd99ff9a7072c8fa58f352b201ea2
2c1e7ba0,103761,fcb8e458681c9e74a87701ffd172eac9cc4981daf7b594ce154bf58c0ad1d66e
2c25cc4f,122929,5784c4c9e1cd2e1ce7d9fdc3d978c0697a427e6a3f578aff46265155699a6884
2c26547a,106702,66076b593fa8365c804690f1e65339c50525d73b8544354f3b14b2bfe8b430cd
2c293f49,78733,ce26a60f449db3fb55b1ee4481a1920f3a6d9910b6c3889e06b277a79dbbe63d
2c3ae9ad,91762,99cfd5ab22309aee696e086583737a3b349e572bf238ae9a2277b534cd33cf12
2c3f4b59,85519,b8d53faa9790afea4aa64f7106c83881a2c21de9699d5a5b5d19f1ec9c62f88f
2c47b939,107528,7c23261a6c0dbcd94e205d9fd2da68609ede42448f493f8e39ac177b7320996c
2c49cf0d,84421,beb6f2408e8b203bad41f9d6a5236c82c90389fabb41b4448c93deb9820a02ac
2c521cce,82213,0fb2cdcd87ca3b0a55d170f3e6b5f38bc33741686d41c5e9b4236b9909d8f5f1
2c793a79,1293902,847c046191d81b1147b59088e91e7bd7753fe0412ace649c9a47a9d61ce61c10
2c7a6771,72535,4869703d5d02ec33255c2c482e1c7cd24f56ee7a869cc4a1617701718daea61c
2c7a6bcc,92850,af825d452cae2cdc759b3cd6b6905ca4ae84d8077a51c725fcb0bbeb9e169eda
2c7b7970,97947,29483a55555baf0a9e104e5c107c21497e6c723a82d538b4cc6fc1dbbda43505
2c7b838e,98898,f25f8d67301ba97624ebf01232091ed7809548ae7aee564e28e27a32c2dc30a1
2c837aba,87816,20ec9d1a1d177dbca270e1d9dcd788f143fbb9add152298eebfce2cc1333afe2
2c896ab6,104582,0a32a2b1ea99290e1f6637e04eab27a47b48a0661a0dff0d0b7c404145460de7
2c8c5d1f,91895,c85b5219e42510f26fad3e875412d6ac4a56a105ce51302f448cb1b124e93849
2c911149,76262,15a0afc1634dc3a04dc68a9bb2f5fd8f6f331175d393699ae3f374e10ca9d0e3
2cbb4485,85734,aaa80b6ff8037f69b0d0d37b74b69f3499c9b03f14f86ef35c04a069b44a0014
2cc101b9,107655,311c14e15136a3d640d496b596b986a572fdb119ba0e1e28b90a438607523923
2cc1a6dc,71802,fddcc965cf9acca5df7b95a758489f5e0dcd13a82ded3a4b58f1adfd753a4fab
2cca8107,88291,cf9804258e9e21ffc0ca540803cc5035615c969796e536e736cfe1fa0aa43815
2cd56b44,94698,9f51c7b599ce7d8e69f29bff2acab27ecabaa670c0c9bdc9bdc89740a13f6fe3
2cd5d777,85832,f9e149995c37180ce176033cfc91da8418c0c3bb1ce431a701210d6bb12f32db
2cdfefdf,90010,befa62ab545a027a7a1571f7458ab766c427a1f7323aa18dd89dc4f0b1712eb5
2ce0c8af,88129,f53d8c8aeb9ca0d47537bdb3a2344b3e387dcd512c409062ec4d89cb91545897
2ce4c7e0,85418,6c575b33fa38f5dcbc9d188a7ddd2e1cc25111306c86fe84cee769907f86bb42
2cf464cc,95256,33f4ff6191af7102c0267f7f1678fce007b13ad0f5c094121233f15765c1c977
2cfe6352,121679,8059a5adfcad869cb67b69a8141dccdb85b27d65c4e83ef54634a419861c7020
2d0aaa0a,86271,e9853b419926bb1a61b2f18d2a15e4edead8391898fb4662204c4a0211f953f4
2d1996bd,101751,442bf1e626f6bfd844cff9e2a3ac8cbe577e9f1030d429f9c2eb50de0ca4c30d
2d1ae811,69601,3bac60fdd71e5232c033308cd229bc9c5e7297c2d0ed18728b1e0a3237ab73a6
2d284597,76849,7b6431b60f36741d616e245123f6efe54cfcdf7a8ed82d8cd82d6021d0979799
2d4191de,101405,16b4b1002e815cd6ac1e9b8b61117e91fde1cf70b5679d1e324b7dcbd7576619
2d49327c,73212,eab7b2d833099d8e2842f528938758e0aacfe1e14dc16f51ee6acc4007a74134
2d4c887e,101103,5d67ef611902d96f4922f2a12b8abc8e2e67e22f561b485bed69e253a2ef53fb
2d526b01,117475,0251032144711ee1e13b5e57992239d0995d7e051a958549a69c04d95211a638
2d593793,72946,31a453e952258b87bdc6ca76fc884a662625d339164cbd989b1cff1ccbfbea8f
2d60de93,98480,7b9c8509936db1ad67b4ed0dd46b1d3174a6ea5b511cc2365a503c052d14e3dc
2d6ed64b,71131,830968959ce76e61f13b622f1f8f71002f880f8b27c6a4014419f6713d07b92a
2d712527,75675,1723c7c1c91bf31d28bf7f61f40e3354d79289d7695df027a2b7e555a6d89818
2d71ae2d,75754,e790af7122f6ffab02b44d0c71c57254b6c1e37ff277698acdd056d45a5d58df
2d77d42a,81432,772f919650c3348878f4dffcd2ba7d802161a5e9bfde941585df6275a353ba91
2d78993a,81948,d498fdbc5eea7af82153bd3190965238d5b75f80042c5c0bec3f3ba7e5c40e53
2d838148,90433,74e0c03b08c9ceff9ec8ed07e0322c868f3d455d9d39968ccefa0ea874579e58
2d93dbb0,98519,b4bd2cdc346e674f3caf4b1c70476e8a88c4877fd219cbca4e1748124a632322
2d967900,113837,b1130c0f0652d4432ffa1aee346af511328b258c65e7dcd2b2548c530ee7cd7f
2da7599a,138328,12f6c35dc8173fb18e0e7e25d0a1424c1c44c95c164c21f6fc300089cf6fe862
2db38d5a,104196,282f160ec772d3898807aba410affa99b6a56f46498b868bc592cac7df55f888
2db57ea5,85424,7c74b1f935a7c81db899f870fd696cb267d52294107f614fe4e8a9c86bdf217c
2dc49cb1,109480,580ea9fffb35dc2ed91b645b9aee2478979650a22cc5facf610c8e79312ba4bc
2dce514a,88219,9eab8f7e7878530bcc75e47803a21e9ce668f3de0237ab3c011cc8fd81cd2748
2dcf1e91,77185,558c425927992735614d2d53e72e5642503b0d56b7a15c48e2d03e86fe703ade
2ddd8262,71420,60bab7cbd4c2849a597381e35d4d50b96c7b2e0353bbd4169b41b8e01bf8bcc8
2ddd9e80,3524019,76d41c5b2748aad13b2397ba03ee79d86fd0537c2ceda5923d7cbbe3240b4541
2de17de4,99860,e6923fd7f1c94fbdaebdf89066784730a8f9188b914c9aed1bbc62d21652881e
2de2b84d,119514,eea614e29c84ec34bcb88d89cbfca1151f6f9bc2fa2473c5169236990f18af46
2df77297,115488,3c55ed41f17c2e9603b26fc7df9075cf2af849784901cfd70bdd5f117698c250
2df9c1d9,72032,e176be794cc044701fb6e36754690154b659a841e33ed7125e5c3f11fbdb0bca
2e0b5aa2,1897937,cb8a8db9708bcd8f149ee190811aff55c5d7e6ad3a682f9208755efb3c9a471a
2e15196f,93856,dd355a5403ffdf5f83296ab3fba132014e3d034e4f0f08ab1ce79d18c301a409
2e1beee8,78909,7c8f4b5f2f609e1a3a48bc568cac39532cb0c238e5a764f0f4158e100cb4528b
2e21057d,97241,5df5a256e52ada9eb07ae930fa8efce55a7074247b1508ff7e726544dc4b1bb6
2e227f8e,107046,7d382f064f491dbc761087822bff8e15ba2addc9b1658eb0910a7719f60aab1e
2e38851f,381914,6e23bb9a5e933fcf76c82a5630c18a50899cda0dd90407b1abedcadbfe77a5fc
2e426d94,68351,cf92a8dbc6b8860ff1fd6f7b326b47beb5bdd82f4052d5757ba11e71023e291f
2e51f703,100259,9747131fd8652085b2d757e454dc0fed3f66cf034bd0d76bff865d422247d5ce
2e52770c,90970,853cb199e4fb83181007c8d79148e514240f8bd46b5b3d50f712e6021efff148
2e52b21f,72476,7397fa2f03066d3a6f24b144aafb11719ed5c8cc3ff23c50da4fba38d60c54a7
2e555a92,66118,e96f36cda3b4224a9faadf8ee83c229100f4d93885e759b523840763f373e5e0
2e5806ae,394066,7d5f245e2b1d0b1ba526183386bb73c9035f69f34e18fc3eaf499000298bb57c
2e6cd0ae,93768,94a9b811f6763a093580cf6b46d82286a1a9a3216706263b9799d0193bb76290
2e84c565,104322,9f879dac763136d464e3b4df8e8279cbc4d8639376c603db328d771902c55153
2e8b8986,105907,6a2bf83cf08fc64b1a5e7ec75ba19620c2c1e0d3571e7e76ed5f079a3e22d808
2e8e52e7,77110,ea934e441b4430d120781da60bd27fa9d5e3da206343377d59d50a543477072d
2e937f29,103650,7ec4e703cbe69c335ca23e6197d81bf1e7d5030c85ca1b6734ad324888430f56
2ea82575,102622,63b7e945ef1515617f977d86fa61d6ea1c16609bb9a52bf867fb07ef16bf820e
2eaaffcb,99786,afba5dc8d5e47804cdb80749a8303ab8b12816640d1dc859cf88c8ebc523c53a
2eafec58,68699,8eca2091190af27afc12afd5c847dee4d3a1af451808a1088a7dcc07548d37a4
2eb01bef,88376,0b6c489bb43bb6f8c32d7b300f41205135b8e21af3129aa8d479aadf815afc1f
2ebb2474,83770,1ea2770b76e7213fce4f37df93f41e0ec55faae0ad92689a659b11b4e76cb9d0
2ebd2bec,91435,8420979dd7dd065be0c949e5bde264775e3abd976e6714319a8a3e6b6dc85759
2ebd56c4,293831,887e49eba72c4327adb02f717b93d335f7bea1b66aa83eb8ded8509312880e0c
2ec65836,91266,90f8fbb8113d7745494c16419c19261c558a883119f2f713e4f977556da6d7d6
2ec6c8d7,86911,4b8e42fd9eab9ee6b7917209b423a1b8b78a0c5ff167646018785ac3a4813ba0
2ed173b3,136176,3dbd8f6b5ef4a4e586c6104f549bf8c91d3b7ecca92602d954792083780e85b0
2ed2cdcd,81513,8f302abea711891759cff988ca16229d0073cd4b82a266231c8c18af5d2539f6
2ed588f2,102956,aed361237e76f05679dc4b232c3792c3a6d57e438c7d1737b404677c75e0e680
2edf09df,308980,0b35d5e5cad85728021e537bc65c223af0e80f1ff42cf4b147c1de395eac950c
2ee3e776,131809,b0bac903a993d1a0e74d08f49c2c4ae4d6684ebb85d87722375d2e795341f6a3
2ef34716,114633,548c5f5c46d0defa082be6540d373c5e6dcc607b7cfd5c28dcc292c1a27a4e20
2ef3c776,101249,a8784a1127d746646da5b8e2e2a9a1c6b87ac0e57b6ee63fc5c48b15ff0a17c8
2efd6be0,86466,d2376f3764a251cb7ee5ce46b42d423c54bb46a0b65306bde930d2b3ebb3cafb
2f0737a7,121038,5fbeaf88429b5dbd3c693c6fd73824dea0af1148ed31ccc009eedda3ced20d57
2f0aa8c2,116178,65c1f386eae9a9b533c6d3d63bd829d7b12870fd0e40ae2460a67e5ee7770e23
2f0e579f,106537,6c316e00fbcf9f3073446be05654419e31aa890e2ffce1afcd3f6c9bf59dfda0
2f1413d9,118422,f4427277a5525cb8c8eb6b2c75e8c68fd77c841ba683a2fa15210c56b2083471
2f142390,117180,00c4b3deffbcfd8a5f2a7688d492409fbbc93bd9400c1368e4a447df3eac194c
2f1a3b30,85509,65d221df52158cdeaf2d94af036313e8ec2069217e108e1b7c0da3cdb696a0d1
2f2a31b7,2155629,a092e76ce81149a724ac2caccad96c1d973a64013dbdd11e8fa4db2a545c98b1
2f2f2246,84479,a291344fc312a30970e181e3ef5d8a292ef534347960f403fad68a7b4dca4fc4
2f54af3e,99380,4fe87211d025ad89b31bd06bae24d75aecd931e7a11fc1f89857cc857a6fb979
2f5c5089,100352,dedb77aa4647f1a3dd118faf4f0d5ca5566e8860a19e6f12039408de818a7139
2f5e5665,80043,4f6dd7e5b5ee47d87fb361d372b51be343c78c0b2dc5ec60e7882ebcc2e5a151
2f6257dd,95597,487b52de0e92f9750abf17d7e35d1c35011bbc6c4f1990d8de6bb8a770578ad6
2f6daf29,81619,6a9babf6c0ce7a73fdd4f1499780e2f30981f939158b50f3a4e9468cf90b6c06
2f727201,118584,92f5f5b9bfc9d60ecf9ab58cbefbf26e937b8abbfeea691169b7d7c67f46a3ed
2f731823,96266,487ca41e2ab79a3adc29c4f08d48ef3a9b3b8e12bc7b3e9b72d3d94763939cd1
2f852834,85888,55ca351bcec804689175e99d000cb31d75394a1059bf07c3eaa4aff388c121bd
2f8a4d57,86492,85a9ba0be0f97e6db36a94bae184980149b65282a41c61829b9915324dfec077
2f8cb8ff,85094,7133ea9dfea08eb1e44f77489de1766afef2ecd6af25a8bbc65f7d9d86420e88
2f96e81d,85455,075349a8cad017c9c69026c6c4e55c7d55ffc1c3c1e1a56a1ad86905dd1faa5a
2fabb126,125511,f4b5d05a77263b429a2f8c1f1350c2ebfd45ebfa0dec92653a04fcdd52027104
2fbadec8,83556,36aebe998b07340e6fd1fcc4ca9b6006623165098c42f050d6987253e95939a1
2fca1e0f,112906,aff891c6a600b75cac7725c3c42450804d07831c9b910fd2d25614b4a8baab6e
2fcad91c,66218,6cc6a957652063aacd2148f735ff77872d88526b094efd6ec001c240bb42c048
2fd5fcac,104185,084168b13f24822814a1ffa7995a8459ee429a4e1cb51e7962997634e04b88f6
2fdb1ca3,82315,27c2477f4bccae62824519d0922049a19ec00ec35f3de8b9b5996882ef98380d
2fdc9607,120514,7673a511cb6d4d444aacdc633ec8e7ce3acfb2e9a754564cc386c7bed1e49cdc
2fdfbd08,98556,e77e9373a843b08b69cd81d210f1b33d029d67c2d48d5962b02be82937530623
2ff669ac,100196,115b9281379ba4e548be2067e5eb50486e5fb958770fe6a7f4746dbc364b6cd1
2ff68d4a,106994,8ae2778962d258118296dfdcafe07d32db2c27d16cf71c8cae116607e317b126
300bee4b,113947,8e9c424ad05a5482f3787315c7f03c55626020d9b21c00dadd572d2504ad0387
300e3fb6,76324,9e1310c9537f96640795facd288d88df49a606cf36902150a25025a5ad562c5c
301068b1,342057,a21735de725be64265dd1deaef41fa4edff7b939ef3d5cbc80fe97c21bf80b04
30210165,95425,1ade3026cd06b3b0c0e0440ade99b81fb4da3c31916367beebdf30876fe71d2c
302ab0f7,82947,ba707b571feca3ec89a99a781cde61135a70b4585263c75251f42ebb0d4a0872
3034e72f,100603,f42b70bdf0cb0526397e9e871931a136f8d3e402b3e9f929bf48ee0a8197555f
303ceece,87945,9a8401333c6467476f57a59e5c5a48e5676212e708e1df92b4b812856e676d26
3041b868,102178,0aa7520e3e44088e795e768d574c3cd250189e8b7b8a2528a2ee54bd2958b5de
30438f10,73631,34feb20538a34fec18ebc1ae489dcef38365a7ca5f55009795c7fd77956c784a
304a29c3,90078,1b3b095aad4d6aa5a461033e18cbfc76583e3ba6a97cc7e0654033b9efc4dfb7
305a1a89,103917,d3d5e82e50c623c78fdd49e6e6d35abb1128f06174d8fe583bd6b5fc87d20e2e
30719d53,90390,d16c2d6f89f0e1cedf4b6da090d01815961bb2a105ad87e34541a9cdd6cc0140
307ba217,107900,9a7038eefdba239b0a591802903e2b49e66ef1468779bd7089cf6340e0546e1a
3082bf6b,85768,7db2e582997eee001da5d929a1671a386020216307001e896d0dcac04e41fa67
308c754b,62653,c43482b9a5fee461dcdb2aff70df90edd1908981e23f7e1449b435e879584ab1
30915853,66626,cc544ffa589ddf580b0cfb4b605669699a4b614d6bb1fb2c7c99509bc1067f46
30916653,80321,17b572a7bddc06306863131a4f4a6de8eafa07f110ffe50df5fbb74cf1edebbb
309f35ef,108616,bf57f639a07d4223f94a3ebfd38fb2e34cd7466cdf6cb4af2138330c93e7f9ef
30b240bd,101446,e1ef9ceb3e5e63a29dd2838d337a500bf4abae1d44b2b0d875aac593f14d1acf
30b52fde,70479,0fb7ad6cb3746dfc3016d88d71717f292871bd951de37321c3d709d60681b8e7
30c1fb75,83665,08c573d92a3589af43edd7d694b01f07664b94fc8778abbeac2898da0d3f7814
30d5e00d,84560,bd47024858bf4cdfd0dd6d3c97a616f71c131970f2273366cef203add89815b2
30dc5332,301359,6c5d368e68357047ae6ca5f5d114bc5e404b18145129476854a9fa73dd1ce2da
30e1e622,86927,49700503ad3c027d8d69bbeca779576c9140ca7c99ed01cb252a35c3f9c93f13
30e20970,108883,09daf29424ca634dc2f0b9fbe8ddc1484a3f13aafbb191619ef12986358c674e
30ebc4f9,113417,fa83fb0667ebd5d2f463e4ece244e718405c672ba5d7249ba01d77861bb45f08
30efca6f,110787,6176fe2cb6ecc14a98e32799e101397db0805ab1fef740926b029059bb161820
30f07e5e,91776,d4825e5f7e8d3cd15224ccd6200b236c2068c11306cc892ea59dd0b7977fa773
30f3f674,90869,8742eaffa4ee62f7c37383cfb3883747df45cfa66f8db76b96866a0a44ce77cb
30f45fa0,99852,f09a8c4e613f550420ade7542460ed8d5f408297a11f9ee4e7390eb1553d6c84
31015e58,93705,8418f8d0c49cf8a39ee08898a13ce180324c74f20d7b498c502124f500b98d6a
310e1e3a,90252,7e9d189384af77e949ff62d1adcc661502bb4a0328b8b2e9903450acc266e2f5
311535be,103076,0b3900646ca68e2333e78c12060286b140d85fee2f14732881cbe5dabcbf4fe4
3117a679,74048,5a8f9fb49e2f323d60fa0c98edcbacfc51be324e8173b242dc08ae070c1ceb7c
311c6fe0,106541,5008832376d33b625ad18096c38d6b6cd6dcf19eaf6de55867dcb89406b2f28b
311effff,97263,eb3b07e3af10bd31858643c44d708d62ef5ffa44490a096d5fcf1bd33862d70f
311f85f1,2389207,8603d0af5eb165af854bd7b0b36f8f5bc7548057d8289a6f73f085f90b955c34
31209168,90577,d5154b0be18f0db5a4fddff8facc4c0e72bb4ef566a5d24f5fcc4d57ec9db148
31230678,74170,017a6a1e322ec1de54b6b9911344aa926fc23a5ba5c520ee454dad87e9d5c4fe
312ce09b,123911,d99ab32bfd808ef0db4a5318b77e983c8201a1dcd39ef5fd53bb2d836fa6ceaa
312ce260,110054,8d869780b04a33816a367570708d8b801abecc9497dbbb9fcb79ab1adb1c746c
31429ee3,274795,72dd9de15b222036f2683c5fc56ab77070fd55a8d8bb1b4276f3e5a417c3cdff
31470d7e,94879,03356ce902666f6a7ee5f5ccc925067742c8435b7f9267cb4b12e7c98330f2f7
314d728b,4058556,9585b885dcbd8cea9d3e24e5268925c80782300b3db13b74c2a78458f532a9b6
315c6586,69436,20b9dc5b825d302256a3f2060b6ff702c611651e8ae233ad853b824b158c99be
3164c18b,88288,fde2a101efd60a0a7d67c43c4458439957e95e9a0251678790b4f6ce46ec0c62
3165bc3e,77967,334c963b94b138018f6d1e47b699f3fd2df93e19af71fad24dc0f3bdd4afd597
316a834c,82289,0e9ec19d2dbc5e04c0b2ecf3f41f59641d823f7c042c740e680040788836cfe1
3170f2fb,69950,9edc63dc4a15ff0dfc64f6010249e313cf2abaff315932c75a15d8f046dc77ff
3174bdbc,100227,639f53fdd98ff2677a5193819ac4bfd60e52ceb176966a4eee85f0f432b850fd
3181feec,76446,6e0406b343ad8b986ac815b5e74584d355f684fee865b6ea75a75a55d0f18bf1
318d7fe3,100698,4869c6aa8a884233d2d819aeed8a047c5cd6b3f8c61319be258872e771d11d4c
31920798,87830,c92988069925d3e1eec5179b60be7e99c9e46e00da115b9533c650349c93c73a
319247d8,103852,5eb69f7f9e632abfc9027eb1b2f85060b2daa55e279a206854d8fb9102cd1bfb
319b65af,344303,607ca076acbbef83ab8df35d48ad742f1462f7818ef455857cb0dcf4c4ef7822
319bcb95,104911,806c49e07ac5915907cd75cf0372f698da821b4e252cb7827c1af73ba609b415
31b0f845,80859,bbc9db259755a471be83c88a47049de92fc65de4b2057731547dbe85de731a70
31b68bc2,105175,67fce918d1a44d4422394ebbe667eb63540154b29f2fdff5935f1d80117d5c04
31bc50c8,79069,8a0a06d19711e882223134d457eab753e95cb253cc8fdd001c1c7f0e950bcb2a
31c01b52,128138,b59c84d265804fd70f328b89b97739f45a85d4c38f6a6798760533adc01f6732
31c3bc54,78045,1cdc4aa325bfef432b6cbc4912fd4ee64999389414704af115202889ce51df3a
31c51857,92979,4239a5f5605290b7d4b54505dc1c05a823ebeca55627b5b5104dc589b9834146
31c7dfd3,82886,a615d671d42e363b714f9cb26e4b0aaf28f403a6ea0e88f193597f9bb33a965e
31ca2a86,96597,636bcc32996da9d01c62eaab136de435c682a9caa785a3701fa0cd00a994bb3d
31cee5a1,113177,2a68ecee0c151d8393b53d571aea212785b0df253cf57a8c74db766e3db8edb3
31d71b0e,243830,918a1a86604a94ab8bd94fd648d9c91bbdb86783c649c877dd57c425d052e2c7
31e313a4,85107,c0516cd7eedf4eea199412885e291b556fb78e6581c0c8a8a7133f67fd597c77
31ffa314,283141,bd609fb02a99f2b47276fe77b56ee98d87a15733c776fcc6ae3c1a7bbce1b8af
3206c125,94751,ce23b864e607b1cb6a1ea7985e993c0571d240089db6019d3284fd4c50e92cbd
321aa01c,76134,ef67ca9a1cb58bd1f852f0f8d08367eaac8fd0fd9639e1827a1ffae6818396d3
321cb2d6,105841,96349575d25d4c56c5fae7e1baf79d2a729cf790a77de4c2378640cf12bad39b
321f032d,119288,8a418004c7506e4158a8c92201cf25a605ff16abcc71c0ac88d9a7b9ffff8a04
3220fc3a,119936,4bc22493d481837bd78c4a0ee25b7a86f20f3ec0891dfdf419cf94a1d0e4c54a
32219149,76011,a3310d1c8eab01c8604202d71e8aab1d7d67c7dec9ae5734ca2ba0d8fbb8e5a6
32232ca2,345664,81e5aa2fc4ca6e9716cce8ffb7c19280513b65d316018e17fe38661a3e48ea7a
32333079,102977,23a7055b63331faed2692ccd35bac9eab2aa2170834693c42d655c1893dd4f2e
323ad109,354009,059787d498c4537383027b0d082cbb2827aeeaaa4e54372085454ef2ddb897ff
3241a73e,69274,d1b15a6c8c7cd876cf1b331f24131b51c7b4d4852fb3a19a7458364edf60a1b5
3241ef2e,98516,f10c5764fbb3363d373437c0a39e2c5a056f6891ea9c86bae3c3c2c617650f46
324352b4,373523,6ac84288166d2618d936164b99ecd36a76745fcaff00b5cfb735eb089342fed9
324e67f0,77706,2c07b9a7aac35478560ae7ade945cf8e2eb4df33e780784aefa167ed076952a4
32509078,2403832,8c2216601943695e883a977dfc97a53bb855167fee1c29a15b6900d66443a523
32518d2b,114023,12188bc30834a3a05f633e771f79e4e4f55d518e151da09a2d8c77e848832936
3256490e,74818,faec63864141624063d32c548eb4f57756d3486efb4036def5a2b0a4e3374eaa
3266ffcc,93208,8738c246d7287040c81048fb3dc45de88c42fa43a2d4f12c5dd96731148dcc2a
326f27a0,2158312,0b0458423be5d0c14919c04cc3bc7f93d28dc6b6cb050f7b8cb7333237107456
3274a98a,127696,4ae2e611ac9cc5f16a8f4f928f72864b3a5922b0cef0f0f83bf9448880ee7b0e
327d7ff7,98012,44171befe668f94b92edb2f1ee101ee18e9c735f785b50f6c04c30670a7490f0
329211a2,100057,4af9c93d0f503e825782ade7a7b5e90f1a93b286d9dc20925b2fcff1bcb077a2
3293bea0,91490,872f1953c64cf7f00ac4da6d571f8d103271db44318a6bc92ae352bdb06d0a90
3296f1b0,120438,c2ec24383040c437a4591a3ab9a7148ab0ad0d99dbb197611cb21923ffb20474
32a144b8,103524,649527c25195fda724586b889e7ba275e493f07510a7e61f089cc4d30c90360c
32b21f17,80742,c9a250bd82d35e304efc0af11b120d0ef94d9fa27a5fece0737bd4df84ef908a
32b3db3b,83735,53b0366140effe11844af1f116715512b344c3a4823c6788f564e55ae27c1996
32b8355a,72498,15e91c75aafb456e302e88d164737bdcc18cead87a399fb5937f9027122f5a49
32b8aed0,78437,a2ece948ae850ca0294a721e94b41a3cd4a7dd97ecc718743008dda5302e624b
32bbda2e,98418,48b05b3679ee4bd025b14d30792dfbc47fef80381d46bcd8d3e9babfea596e41
32c79490,108870,9b1f46365672f3e87fbdf66744368c5ed7f6fae37945ee7ee4afc696d858b6a8
32cfab0d,78691,79e1ed5ff9e991e58aa13c66a2c1a05f08576b8fd9c146dba372721085b35e27
32df3b20,79300,95f14161797361a7d6501d57a692d863bda1838c3d9b674a50349d0e93e2885c
32edabab,82278,859097fa79cce5211b9678ebed180d97c33eb84b15f699e379aa73166e505662
330138cf,115636,f5661e3f779ab68096ac79ee584c2c510f7af76cefec2018abc40c13f85d3a58
3302e951,83022,57079b808103793888c4951558c9584f6ee5156f80f50f3aca39ff690d5ca508
330ff710,71016,0ffa0b1f01a073787f9ecdec98ea76b88ce23d49e4715428ccde45aa14f3a0c5
3317d0a7,107920,007e37fbb2cd0ca228ebf3329dea3fedf9fe173a104bc96c45a1f93cb23a4042
331e6c6b,83675,86ba07c57e8bd601728e9865fbdeb13f71132e7edd267f3ae1f04f7e3ab54dce
3336ddc8,103476,b8540cf086faf56e32f9ba24d7a8df22b0e3e07f2263467fb690a8d559fb7ebf
333c568c,1117907,ba0a1b4a8c6608980eba2b20de0fd0b17f2421a488d99b8530e3b534cac653f0
333cf2f5,119014,3787659f79992297b75f3a542baa56cf088a28ebd9f3e4504bd4783a539e5538
3340afe3,70301,25583e304a98aaf26bfe71cebd5d9139fc7e95784d1c8da6c58410d4f56337a7
3340bc56,99621,91e6d32120428da32fe28ef76213401734f41fc26bd90c081ca7275a0920759c
334a8216,93954,bacb8c9f8d6d3e140992c9ec6a21b9dff53ed862e785042e3d80c49268055300
334e4620,108679,db88680a9ef26b27b6b91030195477ad6d28bec51ca57387f600b5678ad71b1d
3354e30a,84944,020da8c35a1ed184ba6e40545328614c4840559cbe5f88c36a2981ea1c3f1f22
335b2dbf,3440475,4e9f1ecdc879738f731f00df94cb8092457b22412a1d14dcf882fa017a5a62cc
3360e0b1,101081,4b6447525e24d33ebd14009910c8e7c30e5bc11aa583d733f8328e9af9bcc469
33811106,85471,199e474bcb1ed5e4877f8a326f9aebec71b22d175ad8576064f9a91c6e4838dc
3389d279,111518,d07a989a4820f7a1181407c8ffad1fd310e27865b259d0004e3d5b02655e9088
33926c83,2090851,1118eb98a74c55cc98ceec9f0f2aacbaa3a8f17a4e36925ca1fe646a074167bb
339468cb,119075,c4205d6f28540a93aeacb6a9e9e8d9579f80ff22b376a22b3fc9ea125e5bcb73
33983efd,92311,774ad9ca398ca217b30aecda74037327be3531d959ec6daaa8abdbc488afc2a0
33a23225,102036,7057e9f410bf1aa48ecd81f2afe02bbeae3287676bbe5c2ced6e5ae8ebb8ec48
33ae46d0,63265,3f132fc55d8373417a6d95fdc7830438b46d1b07130c9e9786c44fb8fcd20ee9
33b27f8c,109055,78cafd4b06f9df3fd1d003cf571437e3ee6ace7e65d3d3b306eb3b3c5290c760
33b3aa27,95692,11720fb674b28c5b60d7be70e4fd8cc469fb904a3b83d22f97ad8aa111b74570
33c55f8f,114585,864189990dd0cb36e17e9b2a6fa69abfc758bac42ebf3b3174a6ed8d31196538
33c7c81a,326183,1d7de91bc689b0f3df8695f845b5dc71d42f1754563cf4171a90c3cad0db57c5
33d3dfb6,133488,eb650c4c3d64a05a42d1f6b2c2dd0eca9f2882739c2e148fcbb42d9dadd8706a
33e09eba,797641,5ab5404371b6a24bc069ba594ec249edf1fb4e132ba79be852c46131aa907aaa
33e41539,84788,345d2e3613e645fd13a2d461542c8cfe0d8479634655ecd1a9557e3883d56bd0
33e83328,100199,9f06e1cfb8e28cdab19eacf8cce64c786da98513a92b8accd3257e73e97a93b0
33eddbc6,306381,649f170514d8f959826564e36c2e5b8545f16ffcea9110334912d56393d2402c
33fc4543,103446,0139dfa9d564e6a532bc8ff87f0f04793828eb95802bb723f13178b7badc9be5
33ff4f9f,78842,6113b885b49d7be5217207df40c1a50f01756a27e3fc8795c4eba178a5569455
34082264,75160,6c65d73b8982e4560bc4c1754ade104f1bbf2caf73b9951e69a05272ae3e2b96
340b35b5,127371,cc0a13d853fe04f830a2d88e41856a723840900429930c487b260ce7141d4e10
340bb132,66873,d5f9a63c9da0ce1dd0455ba04c659800aeac70f102a7784734954cfea3c00cb8
34173caa,69205,d49a8bda6a66f66350794c6205052685bd67be0e190d6f770842236affd4fbdf
341e0ef7,86159,bc0822a9074e19d67598312d0aeccce8358de1e764bd059654ec65307b890a24
3421e02d,122404,694aafc836dbfba533cfee502c34815a678e7e0e84ce60aa7e1515c7da3b0002
3422e82b,107262,5df4415a8478870bc8e3bd135ec4403a1465cc91600d16bde46349c572acd454
34263ccd,73186,751d863ca0c7dfc67ebe20fe1893c2c01400e5811dc323145b628c8108c5b7ed
343d5e98,85182,0ede31ae4a22278c00ad0dc8744ee84b5722ed7260330c11bbbcd8bdab92e81a
344811f2,786344,7d3e99362816e05f523fb37901053233aa77b81f31345acd3a05672f37028c13
344cc3fc,106542,44241ea9c37a93e299f62c4cc3632acd5de6a2ba99a0bc4cb8011c4c2b6a5604
344e1fea,80984,91dec48353b7fc5e1d07c0fddf58ec2b178d3d5b00d39f473c283a5d04843879
3451655e,80996,888bfcabd114562eeed66135c8887910872cc001cea58a37d19da0ed5c208bc8
3451c8fb,111531,03291432ac1e1613427358aa534ddef95d024f1a4a467357c2fd3d840f5b0d0e
3457063f,2278302,b80781f8481bd56ed3cbf4e9687e3aa49ddb9cb03c50afaab092fe5da1ec4120
34772bbc,115142,d9f906ff6703647ab7015a4bfe7afc0e898b023ef481ff5a64f54c0be4630118
34783562,75360,a3b5cabc61c847e5fbbb0693b5d96e8109150724100e9199e095658f92124d28
3478589e,123341,f80afea5f3c95aac8fafebaf48c9bc8883b24f77dedb00f9113e7cd82fa381bc
34822c78,93340,becd19e5a3d535b32accfb0bd4e8d3a2269112d9b339a1535096ae72cece62d5
348590fa,103940,ecbbbab08a2709a8c6127d0f81a38fcdcccdf99e5740fd5bd254f238f403f1aa
3491b9ee,76372,577a410e2073d4998e792bfcc06004a66b805bdc58a887b1eb406c367c7116d7
3493dae4,642258,8117243f3b631a956e53e8d01433d9004ea658f03324e458528ac2767cbb97be
34965257,71516,722ba63f41ec5fc58c06f48a66314b59600ced9f3920853c04991f32a5b1d7b6
349b3f75,97826,dfdeb6268853e3e206c72f34ed18ac0e0e51358fa1fa4a43836ac5c5574b8d1f
349e4845,90084,8db16ebc21b811a481769d40c79914925b8fb8bc61e9647c414edfb6301f1d45
349f44c5,120414,52a3200f3f251b30ef3fbcbc5c2f80bf8d4cc05a95aecac79064bcc65cb88aae
34a2312d,89142,b76a0760e95843ffb7ce2d3c2cb716fcc9595a40b2f58781df634d42e28a1ef3
34ac7910,86550,6cf97281ec0a96d33180689db51dd3eb3e7dbb11988386604e997286e9fdac8f
34ada276,75821,0e3be801962d44cb6622bb8f5166a53fe08c9995208aa15c94f8d2dd14ac11a5
34b12f5c,119101,f689e2a293019d6c93fbadb72c2288258b39873286d1f7cd1a79b0e879917afe
34b727c4,1937317,38d281071ae3798c7f2af62a02e06b180036f74d4a08b819dfdb7a1f1021c24d
34ba91c3,75709,210b0c62ba9729bf29985ec67d809755d36d4259c35c9cc594526986fd9b3c19
34c0bea4,103727,afaad44b3a7367760f9549704a46d0f2fdf770f1239f5f8ee0978819eeb91abf
34ece906,81767,ccff4c49c4fb985c2407747e47d95826cf657a758d6b57d84d9a42be050f1440
34ecfa83,101937,9f0107bbd1fcba1aa35bea67c99c636baa5b4a218c013ffcc69a12856aeafe0a
34f05149,6380208,a990e57a01c5bc408bf92409f878cf9011057e548130bd46e04b5e20f9518099
34fb6376,115394,841b72511049654ad32aaf3d82627057cca75eb6f1927791a277d91e66900f48
34fef374,86814,27a26732b2c659225fd267825ced90717400192c4786f98ecfd9c9dde795b999
35007e39,94366,69e268719e8fc4e76ab397ec1058e0e2d4f725c2665066a7f0a80b031db054b2
35278f10,81591,ee5b1605155fa2ed0a56b4bb2756b9f107bd79decabdc517e22a5dcae00a076f
3528fa9c,102367,180f0054beec22eb45aede2784aa59fbaa0b554237f95e0fd0e24eb007d27bf7
3529420e,81955,28df663013560fa6af6c8d1e0b4ff3c703029927090e4b1a0273bc9ebf45047f
352c44bb,101888,cbe1f6d8ddac069cab77777757a0e97b77b2e52751cac1af0717ece0e5620056
3531f61a,117740,172319a4bb320d67f129f603749466639fb3b90e376f5332fc697084a044dada
35336121,308752,28ce2f275b00b7cb2373969786147c46a110e2271e7c26452f649064e1bdbd7f
3547ea95,74069,84205e7f08748a428837ba375c58a59d028e0a9cb56461380fbd3a4c0f93ba71
3548a9f0,92290,ef5190760dfe04843a8d8c31681e7889702ccac64a8f099b1aa6f00a5848afd5
354bda7f,88351,5629f6dc2583c40f018b004202bb7cf07c58ee53effc55f1b0654469047ba081
354ffbe8,108792,b09087dd6c4fe735a058e66509b3f2236fa656ca02e14322e2cc23e93a547164
355016c2,87049,7065cc700c29341b98fa7666f5fe8f025adc2ce6864a8af92b267b9d04280be7
3554519a,128461,21ab14cf15a358a300e020dabd7c60753b25585e61c10ea31767a1d5b79a039c
3554817e,97425,049baa43cbce0029c767402d6a2f00e77e245f279f62f8806ddb70a5ab70c974
355fc647,86452,c641f7dde77edd9d53fdd5b947798c07601301f9addaa42e2ed2a5fd016b2db8
356126a7,98674,a907fcfafa653ac2c694a97543a52fe825595e5498b02064be9f6e3192851f8e
356f2748,102838,bd05c183472e127152adb49bb2acb4fcc8bc6dd18bf36fb153497ab622bc04ae
35730429,111912,d7eb62e509ff6c928d709ccc4d77ac9b6bc34f958323deed2efce17beb9cb5bd
358586fd,108733,f39c22cbedcb03cdd630dfa54f51e4a4cfc955b192c2b9521950b769a1a7f93c
3585f73d,83477,3f54d0a5b55e26cb9c983a209b1e5d6191eccf9c7425331018875539174e38cf
358dfe95,83814,7a2387d9b79465d902bcc5c807aad0ce407609b872d6c05e1e36e06bb50c4143
3590f0f3,79704,cc84c664b7affc817f9eec0d21f1c65bd38149d2cfe4a448a3ce2427ad27648f
359a73de,72977,64173b08619ef2adc46ee21f68e8013c8dd34b36a1061acf9195c2751c990e00
359a9ca1,94206,bd7a160357b3a8c4a6eb1f50f25b25b4011ca95de4272cab39e7be46cce3415b
359baec9,83054,c775ba79e458a1f84f6667492e9a905abce113104ed84d2b7d966dad6ced8add
359d9693,82372,33d96680454e4ea66c5db6bf310305664fcfa8722b708b2458b9bab83a91056f
35a4e7d2,76743,197039be63bed8cb05067b407affbbe762eeb740439b912a9ea12a4ea203980d
35abfaf1,583994,b460048a61cdeca7e2d4c3c95537901e78bf4100ec9e5aea8ef08886dd220486
35b6c722,701613,135495bdb6c8e7d1b7efa78f9fc1d6f5551ae680e3cbb94c263eb8e3d0dbc7bd
35b8e5d1,82052,3291ddb324648badc5a937dd695e29056932626e73237106d458463730c8fc4c
35ba2848,129397,4742523709a8a236a66fd294f5211266aeef8ce8c598e5dc231ad89876730659
35c1cdbf,75656,1ce0d258d4fddb635e8f0325c3e7549b0cf268be723a361f10046883e0eb0501
35d1ef0b,81563,e3166b0ee4193da2c8a00779b794258728c772173afe29b552ceab8c48db7c64
35d4aafe,270607,c60927ea7a490ffedead6492b2a367a0960d6c29a44ae810dd6607509780e7c6
35da0f4c,106146,41338da5e46a8ac3ed5ab3d2595fb5a075d6dd9d0dc131afb628218b73a89018
35dd5d25,80658,84af45694d2a689eed08eee3ac0fdb49b386c5a0ffccaeb401f7adb209da3ca7
35df4bbc,50936,c0186f28ea5b175ba9f9294d63de72bcc81bf2c8c31c5860779c0a7fe7114384
35e559a6,81621,0c7b0f082864c70a38d42ea0a18d4252d7ad5bdc70a1e3c8b6b3bf0b40ab5cf8
35f2eb71,104392,c4678b8cb4d246401c8dd319b985f70cc440a8c088e7684939c29ed6d8addea2
35f4e4bf,83886,20a7ff227a6bd65fdd474a587bdb3e65f37f4b6b3944b734cfea646881a4e2b7
35f8ae91,68963,b76c196827d7b34a02c74e80cb69544a598bb4a27fc02a408fc69cf8ac3f74ca
35fe76bf,79055,badef70328ba4e5f33b531acc3e025bd67d20871c791cb5fe0c90bd5388af340
3605faec,140108,9929d54703c3a25b6797fd4c0e9c41144d9743f91588ae7eb837e05bbc7a74fb
360ccb6c,124758,bdc33e956bf1ff0988f3cfe9bed78295587465eea29c2432c38838e67f004f2c
3619d7c5,114045,af7a49ec3958883cf528539ed2722855f0494823f2186e9c6c61998ef4eb3d1b
361ffa94,81244,803d6783b0333904c5974688f8ce90fcbe28a2b3f71fff4569408fb147ffa441
36232f79,89418,a1ffd1913c9ae6681d5e867f44a6bb6f0bf21a796a0e4392dec3e8d6a3609449
36232fca,94509,610de5a9f3a82283ec871b97b10fdd401d70efbde2c01baf03c5e8d1d2809102
363585f2,96915,ad64c11723995c23e160fb2b99ea22903fb0e80eb3996acd9ff842b27763aa0a
363f9a25,92964,be1d7e758141a1f7a2541368169073559cd062a01ab589f3e188247b191853cf
364c0855,101619,67989215768dabfa8f5d0c258af6d73e0424588eea24bb081134468685ed9fa6
364ef398,73826,e348ef761d6ba8777c303aa3adc027579bea849c4b64be96a052cb855b7c107f
365528d3,95477,ec3b1eed6eb6113754398c559252205265497b6a8784132ef72c08f602fda31d
365af289,136428,af1b18c212cfd792493ca84c60eb512fc618f7d267cc1c1f819d98f83d083dfd
365b79e4,242752,4c3f2aa464a864abe1d58ad0c60987c7d7b8346b6b405b106e4e3ba20a07b97b
365d2598,121232,a0fcd956f7c06566a3f0fda8c643e45e68bf72fbbe00defb76fca1bf3bbd12a1
366442e3,86359,d82efaa4628e2089d2307248b71f04febd554b46a05d84f8d480893df005b85a
3666e6e6,86509,3c3a112df7a42bd3b68dde4f9dc8d865fa330ccf7b494c28d9368986df7f6785
367762cb,98856,2d493b25c04f9015efaa8bdb1a7fc9dc6b31df7914fca3ec73b6f5bc643921c2
367bc6e6,2190484,edce18e63aa9fa70e9ef06714843a8e9b89dbd05740d62217007218efe671ef1
3682403e,81072,3f097ebe7f6bffe77b2633dc9d5cbf46307796e833fca415aa3d1fe5647405ab
3685c419,100421,0b260eff0b74090d27c844c5f4223e8ece188d55caa615618d99907afee2e3c7
368a9c89,89247,8aae8b0b32c52be4d97d0955eb76dd086fb78385ae25736dbed34bca59831612
368f0c9d,109681,9f5fead76b81254e8b75355a717fb8350c96f4b680a6cece84374b60b82680ef
3696435e,86803,5fc1d4630bdb182c8e902b1b939a35e5c8b614013fbb287609f66937efd1673b
3697fb4d,71421,aff0c00cf92b396edc71528ad5bf5d95c56776f7815344961755a425e4f89a23
36b07f66,96184,7fdf577e485be2a0cd48d5826acbecb728aaa0503c9ae3f4f57e2e60ba039885
36b08d83,80858,bca7cfa3418ce71968200f6a45f41e5909422beb5b56d955a327e241fc0c6209
36b0f929,83503,3b2a62719071004d8527b1943631667ace480fbfd736215e341a323f9880e7f6
36bc9c5a,94656,45a0818b0edf2162b4745532c84d7ba6e178692c6ce4c10e7fe1c29ba01b1911
36c48f9e,111995,bcc1c9b85ba958a6ae2f85375ef16dc6b8336a9caf5f9c7cdcd34d99c5c7914e
36d83575,101032,070412b7b2da752adca3bb638927068079feebbad0050a713f2eb8a46a24e010
36e1a50f,100323,7f9745b763a5e2bd4b01c0a7d5364ebe448c6567f27aa6ebab0406f554b4d41c
3722857c,89733,1f92d3e12d78152553d9295d256c29ea9c3bf5c03caf12e2d823ce972d3a1049
3726f26f,125128,3f1f3eca8a76aab24606fef493cb79d041bd5ba0cb3fa361dfcf485b0bf54153
372d31b2,87916,06c4755b067db33fb57c22a66e432d805bcffe51451bda136d1e4817c0c76a44
3751a068,76341,a8bc32965409b6a99f9c3c3a902e14823ace239f3a82620fab88a16980c4f1ff
375c252f,80277,79275fbb84117bc5d8bf663973f893e6b187d34ff64271d13f6b38141e4fcd14
3766a571,103961,38972e9499d76dc8b297c7dd334e99b465362cfdb53adc62b50a059b14787134
376c5d3b,92536,05e3195a86ec33adb8ac15e6cea90d3d758676982e010f798cf099514945e7a2
376efec4,104670,bdde12d37e2c6cb71aead68c9c63dc9a783cf501209a0c19268a677346ca8cb3
37709297,99755,23f3f56851a9afa21f77882d11fcd679cf73a79a72b8eaa2472c2542525a0d3e
37717268,76139,f923a7e80a2d0e6ab68db3273419222ef49e29cc9801530c06116ce97726431f
3772040e,317537,bcfe2a796d2a8511655ce90da350ec93d656c77797592a885b9a8712f6a19f30
3775dde1,113097,6c4b7d5c35fad0c16c9e6329d13885aafb184a79775fefd26d0cb4368b7a521e
377922a9,109769,47ec44a4459ec57324fd3ee1d2276ddf828e2a627c3d94813221e7880f822a9e
3783063f,77529,0063e673178b20db3208a0ddb9b78bf855337d962b40029ea5291b6d9d7fe14c
3788ecfa,74039,86d83b9aff853035879391d444fc7f97325b16df26c2e8dc9879717b94409dad
378b7f47,102636,c5042650a6127da095b2d511e671e16875bbf112530a47c1f3924a9a18a607b5
3792b948,72659,3d2673590a2bc698c55eb62d406faa4adfc5bd5e423fca471fc5cc1bf6b8a554
37967b04,95566,4ab93c718dfdc9e8b8a2f3d7cf3c17887ac6c72b850a8f23ab11a5de73079bf4
37981f35,102984,24f436c754892655b444200ab18b877c8a159157107c08e42166d26fa7a3a814
379de69d,95684,62d3401626e0d0c2b1c694fa8864e45f467eeddd9756b02184179a233411245b
37a10d02,107831,4203abe383cc77079ac789b8c40b06073e19827a3146912f6ce849d5d3d9354b
37a5a23b,111882,ad5191dc11703fb859b1963ad52880dbba3c1d3f4d13128d88639cd77b28b572
37aa72d1,281270,38ab539fd62909796ef255ab8c10f6e7a001cf322d674d3c3474128a9976975c
37abc7c6,117658,dd46ceb5412f2d74d14fcbe9ab75ada9bac2a9fdcb5c57eb35a2559370b6ced5
37bedf6b,115375,7309bce3692b48a2f56640eba2ee61e20cec6612b8dedc2e9e4a521cfd4bd2f2
37bf3e98,76716,f35cb9894f8ff021cedaa71d2a0e392200b02997ea07c5a218fc1cabb9a2e5a6
37bf56fe,103456,7c9dabe2f0ab9ab6f1af318dbe2417947a67378fd7992d6d96f86f02f82ddf22
37c9a7e9,75749,3d086c69238592239557228216f63d0519a36f0c6da182c6e5e277c44c4f1926
37d2e878,75700,cd67146c5d8248f31ee3c93f51781b17ca149523d1e06ef4e6ba7f0c54683ac7
37ec56ba,101429,5c4a7ac04b095855c393af6e72e2ea1de2f28b228a7f81553c3cdf896c80ed86
37f18d8a,78178,854cd980b7b5f6d31d8b7aacdc0f320ed69e23ee698def8883062c664412961b
37f253bc,101783,fdc7a45a4c72f18d220663520184982057b733c172eeec06ece1db807e31f848
37f61056,78033,d3fdd0121c1221d346ef4b1513ea2354faef8c9c9d46abda5e0b4508761f04a2
3809a14e,100303,b7ab91e4e52531a950a954dc3f56d7954b5eb92162488e83aa7f063c2f7bb6ef
380b082f,98061,cb786f6459849e34fcc36329f9e736acf180d4287add10fd5a09ffc977d26368
381115a7,79391,22293a74d7d5c0c0bce006467a289000dc8bfba0ff91dba638602c2e5cecc1b9
38215452,119979,51bb5b88bfc1938e795e2441ca30d2bca5ecdf5e51aaf17054ec250b69e8a5c1
3824658d,85378,71d40c046343bc1e6112318a8e15f8d893839dffbdc25acd70d6565eaf6e031e
3838ed11,350511,dd68da0ab76e5e285a3081fa19c99e1d1ff198e807ca6fcd9660f9323239949c
383d6520,89468,36590a3f01dc47261c2856fecd8d5f2d8bf3ad0218568f74d1a18097b1b16934
383d66f0,76862,e8189d67e9b8c99d254598bdffa5269a033bb536bdc86149e1f3252765c3bea5
38594277,323003,7a29c7b9f08330e51e01b36700b1959eb83b2293b821444961eadf9c44a508f5
385f483b,96529,511f44d40b1c40a8b9206a2e0768b5e29dc389408cc3127be4842fbd13c0b2ea
386424c5,98544,74eda4e9b3c805e514d8461542702ff21ec1b8223d087d732e1e0b21e923eec2
38668e53,70641,cb077362021fdf6bc4598b29c5e730467f50017426c5099c2a79975431b6c4d9
3874ff48,98319,cc32a247240e6780079fc0971c0b378b10f7835608cc15b9ab100a7772bce855
387bfa9e,70637,77e4e4dfb7d1f86b688e2b7ac05d20737b83aa7bc7e317305b29143f1351eb6b
388eda2a,117555,a9545d1213c4498285f067ab9e234c687f2d3c8df7f4ca1e7f4c3152351094b3
38900c73,90399,77418115a6f269510a4a6a7acf132438e726639947b0167076a8346fee1eabbc
389432f3,322921,948990ba873d566a6661d3307a2d7a5c10d7c2f2acdff029c188ad46366ba123
389bf9d2,107155,ea65a751fc6536e31fd6909f2fb5ae23c868aa301ad89e863a709eb7147a9b9a
389d8be8,105840,1760182c79b16f18ea451eb684ecd863834d0fab0db7f0700a788a144b50d4c0
38a1ce65,80306,07daa83a36710043e6e6398f02a7e887bf9b95a38953653e30edbe5a80a79554
38b17b00,79898,8974934623b559f916eb66adf9f1568557d6c13423ac21b199571b561a7a1ce6
38b2c724,98310,5bea1a8992862c994139be967a5b8059d294e5a45736f7c04e80f77c76be31c9
38b98656,104482,404fb8786075edb2c7babd48a4021e498f1486f63193bc9db99d5a02cafc9474
38bf5bef,101297,2a389a20b619fd0e7adb0731bac72953e04f036414aa2eead29825095f8dc6a6
38cc0792,72497,d2471822e808693487e9d7bf42729aef2124e8dd32a6fce5183c45cc03a5d75d
38d0606f,72281,c1b4c7405435cb27efbf26e5ea48de8779f41da3fed4c41621f427dc8c9f14d2
38d59d38,85787,58331241d8fb5d2b2783898f6ae683ca6f8d02b83abac54bed231c0b719a1df7
38d75a79,73566,fe4637b242b3d1a6fd34bc773e446ba5ab172a387c97b64c20fcd07d84903d45
38d8b099,97764,31a2bf4105dddfefa15ddceee808a42b31862e370aebfc38a92b4a10b1d49a3d
38eeeb43,94946,80e1da47bac6fb5152874240264d2e1cfe33ad01ca58e6eba89f8210124831f0
38f26a20,74996,b0c39a346e320c628f11e703821617c630d82591d7203e421a36b2f33e4caef0
38ffb250,356655,6c395ab3ea9bffd8e89a843c0af85f845db7bf13ae276f26e9ad65259c4e06ec
39017ecb,62933,fa2c643c7c7db9557ae9f670c46a6c896ad4ad8714c3fc817a5b5b6df202c8e2
39030ad8,111181,9fc1c4e8d3cc4a085b8b595347c252988e21ca4415644d3243be645c32623558
3906f644,109244,e24ad746cb77bb6c5f08bd7f88caf667aabe5198fc85acf2d830d497c8c66422
39116288,76438,ec52011a372e45b375ab4a8f1ecdf5a0a0c8d37a20781bf49d5da6fe64c3f6f7
392a7f98,87083,18ab89b3717d4eaca15ce915ff9fe68c0c1b9b393b417f1fbfb07ee7f7c587d3
392fd957,96423,e6bad2e45543345121faf61b752bf065c9ccda635418533fddbe50d1c23eb395
3938e1ec,198250,f91c98091de3ec76235cb09fd334b48bd7f0a1944a0c75653cd8867088d7e8f2
393d1b30,69111,c9a13a23b6929a363997b92bb1b88bbc46e0214a21e1c86b72ede36c819a2b56
39531592,75221,118741d386df7000f60884fdcc98c754c27bdcd6de68eaa4cc1c382b1bcfd426
3961773f,96816,ac0deb1d75be8788f9709bf19caaf980219d033730e920e81cb8d50a1ad606e0
39627ca6,75985,56560dc77cfd05afe3c674fab126162265417e65304a559250d301c77433e698
39675ae9,100702,66147fefe17a980661c64104aa66c99d5f1750395015da1db6eac30820197774
396a6356,76705,663087a1462bdc4550f8805a59912ec7dd77971b4133ed66701c666b2acd2ff0
397a30a7,72199,55bf52e98fd044ce42c40cb290545ac2fcaef355d93737dcf479e9c6b8d1ce21
398687c3,83020,82b07aca57253decf2a2e21c8f654ad4cdac50349501853a565bb58d788561b6
39966e60,102492,a98360887157471f6147386c83f47263fbd3d936e9eee0825a3cd0e588f580b5
39a90496,62847,c3b910a613443d1aea93bb7cee1ae5d1143ece8e687dda179386f99b90c84f32
39b56161,101654,5ad8c1eadeb655c7946fa84f7daef98405a4b4f3836f0e800de98ce9ed13cd5e
39b7dfdc,97221,3b84c28bbf36084cd8dcba538401436b6ca1dd238ab04d06c611f8ba8eaa19e9
39c6f3e0,122066,e20bb3ccb2623f6d185bf77f8d057a2b47eaa4f9a96c3393736bc00c24dc570b
39c910ee,107302,d0468071ce67de8c4efd1bac54ebce5ca27f9702c1e98abdbf42cbc276b03564
39cbc183,107475,188e13c95d2cd4991b42bd888a17c9487cea0c95e2541a5bb417d1f16d253b77
39d1ea88,99991,b0aa508f987baafba8c2595d33718f5c9cf95ce4dd927dd271caa8fd92e93f4c
39d49850,69322,38d147c0d3c2e5505d4868b3dd163615288495470e4fe94938d7265277f7855f
39e61625,108728,35b9567c300b387e9dd51ccb168b962522265bf7bcb063f7591768f4d62db254
39f17492,82474,d569857a6a7a570778fa946fa063b7ff14627e06c8544448400aeb04c4b96e61
39feb033,94565,a7dec46b6d7aef81d125ab242a358d303745c8968fd307a0cb3670dc8d296ac8
3a002f69,75470,a10cdf116021622a7f60336d4a0bfbe91c3ec3f2acb91356c980866bb8ab3cc5
3a00e07e,91970,dbe30b80ac1755b9e2b2a2e574ca9c0873e31a741776048ad17dcbfb4b6dd9cd
3a03bbca,289711,35d463aea5512275cf05d89e6cfe5f36bc482d0cdc2decd9b8acdc701d64b56c
3a07196c,101388,001a2558dcae0b0f96499d820841040ecd04061951fbe779020bbc561d5be692
3a141b14,124779,e617dd1193832c5e23db27e67ea64c9dd04b263c793d429aab24ac70e7d49e04
3a1496e8,102817,d217c1f50e630a84d0fb5be7144e5236232af937e66a336b39dea6c00af19c1b
3a1854a7,105508,65c64eaa91942030728fe96bb256a23bfdff751451a6f0f28f56aed4c7dc94bc
3a1b3227,63344,9a4b73be098290387dd4c4eec64664401ae10963dbff6ddc0c68a332574815f9
3a1ea097,76123,0217956f01892ea161385a76c0eb7ecd31a385ef112cae41d74442c9d3ad7d96
3a2cbda6,82728,56dfc5dc5918864fae8891f1a3fa42f7beb5cda4fc873772941bcb58a6979e21
3a2d7c26,89514,30f2f9bdd64033c1759e413fa00b97f24d88f65747ffe5e63c672772296799d9
3a353346,122407,35af3f01cbafab17d8820578c21b4281a8364e19065b9e9fde1eea68d8181325
3a44119c,93340,2c76d24bfc1b35cdb53d80aca1664ee141945fcb81e38f50caaece835daca51c
3a5246be,129339,7ad4f1a60dc8482bb54506298cb83534c58970d9b6378582cfe5a0919ffac9a2
3a541222,107443,e2edbd9875f2baf7f4626baa9ddd574e2ba1bf66c90e8f89108a22ab50dddb6c
3a56805b,74618,6667050be0fcf2f8d84acd969770fad7eeb45ecee053182a40b978f40fee957b
3a572703,3689196,df140c040caaa6fc52df49c7e3cda567f60cc1bfc7fb06be441f8427f7941680
3a57e3dd,99639,7e8f1c5fb62ef118ae9869d188167098f04a99a943357675aceb20b6ef7022ab
3a581fed,111586,7962fd1f02ad0b9be42b498bc282eb6873bc4291df049437a34b4f3434ae7e0a
3a59b3cf,108549,1c4028e9dc43083228a9fa5c953d7fb2489734dbc2531f65d0c26b404c9edbaa
3a5bc201,69892,696101c25ef1d8ec02d49e772eb5143e09b8c589a557ee804c64f15dfeb775bb
3a640f4c,74329,c42da091b44b227ee1c8a06bca886760ec3b765053a95855c4637ea98deab292
3a65b620,86676,e91932fed9656ab0428a141e4db0f0555cfd33ce32e362cc92e62725d882f9b5
3a6ed591,65764,57130ee95dd9d20591f75087c3a0c3df986dfb87f9c1fe436f2d0f3fc642a0f1
3a6fd6e3,900964,49caaa1bf3cafdfd6080bb0be221647f946381b88e6588c27c1d67bfd10bef91
3a70f2e8,834736,cbfd8067d3c2b0b59ef5efe0b38c7815cf645ce07328e6187d96305d998e0b18
3a71e030,101085,db62adc9c9c9b25851b7ac30737cd19c5ef0f9fffc4cba8e05274f6dff06ae5f
3a7372d9,1439935,5585a216b857cb59d3c63ce4ce2dc8429e848fca168a9ae3173c787b27287e46
3a77e428,107382,7fc940c5a7d17ac6b27cef0c57680d599112cd8b147ad04a103e5ee969cac17f
3a842a63,107512,7ccd408d638e7830029090c23a9e4eab20011ad4150445045d0bd8107bf70201
3a92ef5c,105615,5cfbd5c362fae5833adef1a65d9e550f58a8f6d9db143ec3af1bbd7d80674f85
3a95ee6b,85107,7e8a08f022237e6f74260b639ef667d16b01bba1ba89da86cc35106cfc150aa5
3a9aee74,87029,17d5fc972dea9ba7339900006637814d6625cdfb55e55a748d240ff6a085ea88
3aa53b1f,81328,0109da0190840ac3281d68ecc839733357f9ab07fc64a5534044b6c09ef0b723
3ad12fec,104027,ee87093b4c9fc9c6ee6f5ded6652aa4f2bd032225149fd97c5740c851838826c
3ad51495,91182,59295409167b6687be01d6d946ae422a4d186079f84f25d6c7af39c98ec2d55d
3adb6941,445277,a1dd871e91d5858c5553142beb5a1c208c6a6d449dd4d950d734880ef6677740
3adedc39,90017,1a009b092cd0cd491ad7a147962afec52678a9d05b4d1dcf6520e976d58ad3f7
3ae4ccea,122406,9ac441bc9786c166d8a9aba5a1360d816490edb616a03a07dfd8a4cf77e6822f
3ae59945,78168,f3981a165d959e93f6faabe2d7357d6df5a27135eed09b7519a472dadac8ebd0
3ae72d14,111015,6c9cde5c1f675774f326e7772ed105fd3792fa822a987d61fee153d362d11cae
3ae944ac,94578,84cf3055aa394e1abbc19ad9fcb804d0f7dde9e86a1d5166ac27f8b96da3ff63
3b0543ca,91698,11317371a39ddda915733c4d8906380fc403be8931a8a51946c11bc8cd334232
3b119612,109061,db573ff3a4f8a40b8985f3124da203b60284b4dff0c35df55fed51c60d9c85de
3b1df392,82291,9fbb5c9b4d05e604cdb66dab6a9d38ac658d1fe44088c6238790368f8df9a6ef
3b1f36e2,128494,e59bc4beeb3e0f9e67169b9f1ddc2bf86f371259be43e383174a5184788a8767
3b22d7f5,81374,63e5235b6866e0d9ff5ffac5bb4a7eb42c5b2dff08e51075b775d7be3bf173ac
3b241cb2,74781,f7a5ae75bb0c0854236a74ef04c3ca5e963cba459aa0700965805392c0693577
3b339da7,68759,a9148b17e2eb8ba45868cd1b994e1e3b4bc7df21334a07d64821692eac53e9f7
3b37350b,113485,95c8b408e5f5bbc7ca7820a0c47484b182ed35e3d1b89a1dca3df9e2a51254d7
3b3ec9dd,103742,ef74c6a0909bc5e7b63dc0c80d07dd99c334e628684e24f96d908fd1f03bc745
3b3efb02,126919,00628f13a490ab5c4ce0d0eaeb1903cc3f3660b9e633922242dda1593c7e7373
3b532b58,299858,aecee657e918a59501f70f516525bc18ec48e0e2477faf033861fa1dc4ce9fff
3b6acb08,120112,6c2efbaac7e88d9b09dc2235a701e9103894d0b875c8d03be9b8c483d87665a8
3b74103b,83897,5d4cc3e859d01a4b4aa8adf72d835caa62ebd9123ae849eda5cee29bc38b78ef
3b7a40c7,96897,5677ccaacce02ebdc8cf6f56d92d78909cd178d197892b3f7d277e269345a3dc
3b7bce26,100338,86c67b25d5dec612d58d8208cbeb515826063bdaf06a4b49f481ba86fb20786d
3b7be4db,108691,31bf3f7fa6820f725d55b1165ab03b26a6a4c59ec612f13470f23e49af2d336a
3b813112,67678,e3abba954a330ca187e44d2edfe3a7e33a0692bb5ee6ce7f6d1a8378a5be414c
3b9b0e8c,86826,dd7a42c2c7c32598010a252955950a04290e6ae702209c280d107ee408175b7b
3b9f720b,83736,5c0c61787dc96807763b83d71d6aba6d2e321493451ffe6465621b474a7193af
3ba7047c,68894,bccaf198e02fa4168217a4fc8edbde0f08b3e83fb24e257aa9b1eb960a0610ad
3baa4c4c,232745,17f47a32d201d0e13c4ca8d3e1f13ca80593130734d17ea4a4620b5a4c4cd62e
3baac53c,90551,8530c072e9937699b31eaaba2a5c195db030a851a44febeff05d483bf52b176b
3bb05e98,1128617,5bd74a59f2acf959375d4b11150345fd336b3347b19b5175e2be12f4e605867e
3bed1045,120393,1541254fc5d14bd0bbdbbf3409ab68038b1a099d9dfc9890bf17858207717875
3c10c7ec,74123,16de66313af440d2ff707ac1dd4da66a0771e0a004443485a06301f566a7cfe4
3c15ee09,94559,9394e309b84101e4252b551ee9b4cc07463a07f8cfe8805f6aa18736af39446c
3c1a680e,1351581,5794d0ef64ebdef3810e9874964c5a29a63931376fdeb4fe7e932818b14b3ac2
3c1b884a,95297,0503ae405ee1fc776e7b99c8b2c38ff3af55f89b91ed18bd51a82e9e8c6d1bd7
3c24bcaa,120380,21b72ae36d49d6ad8dcd521c2a72dcea815fc7473dc3b0388ca2ae220866df08
3c3ca961,108381,89f1aaf0c7d6e3e0b70ce3feb0f950c4cb6a29abb758b5c876df42bd072121ba
3c3de0f2,85886,d2e3e21b08ce8e2f2b02de22609ace31e21e1444a67d9edf3dced7c274f6f058
3c4fcf76,103029,91fab31b8bfedc4e427b62807d17a16d40a36755d476f15c7b522b2feafa9205
3c562d6c,639532,d4b0ed6ed19fce106095662f70d1479899ca70adde5ffa4ca13191cfd5f3800c
3c659e74,103574,3c869fa34d36565db7e590864e47abb6d27b8008f44e864670bea7f430ef2561
3c9666a3,76977,cf80b7e19454e08832312ee9504ae034150a7d6096a7b4da7e36f2b9a391e3d9
3c96dc40,61148,cdb05d676c5bb3d38b014170754c6a40bb987b23bc530f7a1ab20465aab2798f
3ca4eb81,104596,2bfcc5a0d4dde9caa525479ad1de3071c3c93d24cfe342d82585756dcb38df8e
3cc0db0c,317078,6b96dcc4beffbbde8ebd7c1bd55453ead28bb9db88e7d4fdd00706cd020d89a8
3cc797ce,77131,e74bf92707848e87c2315a89e634cac6f78171719fc4f3c9f95929d5e763bb5e
3cd03087,47433,3a42f399777f19b080e7103fb42915af1e2a1b339620c2a70538d5e92907a657
3ce47216,115593,371cc5b85349fe4eea58c5786d5d02286291befcf8c591ec5d87b115fb740089
3cf6e134,97794,a8ac56ad2b190037046ad3885ca643e72a214d1562f253f9674cbbe3138e8dd6
3cfe82e4,78635,eac7098a6eeef59d84eb1693b75af2065775e1e10abaf0779b89be6c7462a414
3d024339,100871,ad0666c6d92cbc16a1b83608486e98d9efcd1819ed4de8deacc4c86751508e1d
3d05f741,110486,ce93ac09e178cfdaa2953c6af43c757964f650303ef0908e34790ecfa315ef13
3d0a05c1,72885,3c8ce0a0a1fa738122ef454b15876e15411655773eab71b1a0129c606540db5a
3d0d9f0b,87906,46814dd4944930fa3826438632db862e3bc9b9177b4a23e7a60df708ab4764f7
3d15241b,107352,c8090eba245ef509bbee995acd84877c28f6ceb27f9fd54127ffdb3b05332e00
3d193d80,135499,350c427705def8bdcfb1045d5a57aabebfdcf8bcf1ff91e9c38a63821efb3b89
3d2c10bb,896512,1fdcdc23643a277af1ec2a912789f271d71e95c7c43db19ced47905fb04d7e19
3d33e45b,75414,4b1c36969ba30d0bd1036b958e7ca97667764f3faaa8a160e1cacda112b5b841
3d34f1a5,100382,7b5d078252319e89f851018c52d6722fa53aaf4d53c34c3294c7dad964fc0aa6
3d358661,95197,65d6b2bb25d07ab39b00b3c4c4af4c0b819226cf6b2074cbd1f4952463c5ccdd
3d3cc9a4,107437,3a54ad3d29310483dc003b65c0a834a707e91889202577e0a8a3e991ab4161a6
3d451566,106577,f6f2831178ee62c0b4953f432de8e7a62d1bf10cf828bc30bb44035ab0aee92e
3d652cbc,321083,8472ec7d6b373db9227d7912f32631ed9c8e8724ea390b4f3fdf751caeb1b14e
3d6f22ad,99710,46d479e3f01ef7f932f5b73eb5ed783b0ba9e051f746ef010e1f636aa5e1956e
3d784c76,113143,cf1a1ccca550925db869b8dc9d416518929adf952cf99417c6d422d081af5f80
3d836a40,73786,3c1db27ce3bf22e44eca75c2cf3c0b2f14b7ad6a140927bc5d29bab160521311
3d869e70,115804,28a6efdf7c464b6cdbb13917e64e484d7f8e755cdf79fc8b9419d7384d6c32e2
3d9990ea,111918,3283092f0de43efba9fed732fe5fc9cf0699f25c335ff1d0a25942cbf23a4e8b
3da8277d,96563,67cbcab9b103167449033c7b7f2d0fe287bf3609e076fcf262484a8e145ea89b
3db4294c,82479,d369ec4a2554961e254c739d21dbfa89aa76cf3a2ceec335eda969c6958c95cd
3db61a1b,114768,d6ffa1af4a7fe0782e81c1ccdec23eb03937756df9c9dcdcf8b1e5a500706feb
3dbbb901,105263,13cb2e2046de4ff5aad16ca1e819b54d388533e36e885b1ee12160c51a984361
3dcc674e,128083,9e452d83c6c9269a3ff3bec6ed14a53c1ac4e8c4c3c2250c802e146562dd72de
3dd2b75f,622781,b3c6db1c060a8686dd0f508ff8c6465e0b905939d3caa1c45fc3f8dd51734178
3dd7e102,102683,ee5c40bc11a40813031bd90c58c9c9ee9c8f2d6922db35ee34b48ae507689bca
3ddac8d5,73902,d8032f6f8f686872ceedb1ab736ec1c067fad334dff21b06111c5efdc24e6384
3de13c98,69797,50e19379fe6bc264bcb8dcc3d05d8ae91cbdb7d38b246006ac9ed82392b69a10
3de3fef5,111398,20ab3d3daf331ce856766c9f2168734c5543ccc87c4efe664881eb710b216660
3df7726a,102413,db139117237025a6ce1f2b0d7e2ac89d3c88ee6653aff7f6572f7baa34759917
3e1aafb5,117125,023469f4f2f49c4a08b0e931b047c4ce3732c614d0988272cab32e706cc71b58
3e249db8,81637,d705389efcd4557cd38ede163aaba5fbee9365810b3b909daee255be2f771b8f
3e338d10,96642,6d9c782793b2eff815a565ab25c8e8409e244addce36ea14dae2b97000e98b20
3e3548f0,1536554,47be3e62899959471f768c6a6cf5c6a96b5f1961066479d47f3ee60f1f144e0b
3e470a02,71515,f2054e00892e329296e2685630fa39436fbb7b9f0c5c2bf1efd344511dac57f3
3e5b07b8,278882,bc14d306c28798b9cc7d84fa99ac9f3b58c761fae01b9f7d0dd7e1e03b35655f
3e604e52,83732,45513407b1d4127c75c886eeeb6e2faf9b594bfbaf8c37586534a4a3355eade3
3e688e41,84139,94f97547ddf3797f2bd59b79ca9fe9a628e3f01c736b831e44fef56ac7e23b07
3e68f1c8,77607,48ecf3bbe09343b7dbdd9584463c518b4a0db5faaffcea7ae1d91e6e81aa36fe
3e718fa9,87303,f5fb95c160fadecb842736abe3b0100489c34e6bd9063a1148f728596bb39158
3e732943,302837,acc1b749bfc0e14a2b6fe90e070e13fa91c934298bb7074d1a61bc59cb25d60a
3e89f267,100619,f4114fb2b27b491ec723473920c8bcb63f6392812b9e1125a87cbff533c355c0
3e908d38,77493,a9592a0a054177851b8d54face36481fdcca9c8558ec2d32cfcc7eee2ad291e4
3e917268,118870,9102bd264dafdb16e4d3862e1ab4263af995791618944d80ffbd90c94a23763a
3e92fb2f,315301,47653b119f04f211f5aa005d5cc86ec694242cf89523dd0fb2a9130c3fc88280
3e950532,93784,09e74c5bb3ccd257b3a5c18e834c2da6ba2622b2cc613dd0bf7900e0e3730ab7
3e95c87a,95638,404e5fc7f611dd89ffb644a3ee1ebb0354e68b05611ecccea21d9264c1dc1e3b
3e971b99,359419,dadbd9c1cc0356c050f765f2b21b81b9c483a58669d51d43595eaf1434e68676
3ea3e62e,71510,d3ea8e6d605873c6399ac9cfaee985947da73f22da9b9580dd6c224719490095
3ea5bbf9,105261,37f21bcfecc938e22d3fad41b62d9c5d169ffe47477ee052cb1a87d1a8bc2334
3eb69970,305337,8f55c8312b9d0ada1ee0bd50185c653d63b7b84b440cb7cefb20478290cc42ab
3ec3a44f,854330,dc05b8bb626c628e1fb023775c150529cd2c9b711399250664d1d720b5e6a856
3ec53c66,80562,fbf7c3305abd4707c0f309361e502c3c626e057131146f9dd86ef935e90f7dfb
3eca73db,98615,2b53f55c21b508d194f0837dff7304a92e6200630317b8b72f80978ad8bf0184
3ed18b3c,2050198,062e5e2a09ce14e64226177717768adbe28aaab28c48f950cb2380794b5fe67f
3ed6d483,104672,b15da00434d1ba782fdd0223bb2145568cd6534228944f6a24accd4b42aee8ab
3edff86d,75631,3e6f739cc6f87d79265fde57c13018ebd86e794e160d9943e36699c5fa5cf83d
3ee4d717,101673,218348474683198d1a6f0cae1cf7b07102acd9e81e5a8aded6c9b49ad374710e
3ee81f47,83929,c9d023c2019433532e40e580961ba2165cd9d57b4a69c90c750bbece76eacef1
3ee9a3a5,85872,015893815cee614934296a7506bec22400723820521290b1ec15948508bae200
3eea103e,114784,906e085db84eae84b2e7048219d85b6b94c4e4c1f7208a5b54552f1233a9d72e
3eef4d89,86890,170e7c09fdc4fe378ce5ba00d95003f5f7c3643b211958077b43903df9934593
3efb934a,207271,a16c73003d3ba895559a83d17f1bfe6b722f814f97a966d19f7aa2aeb11112b3
3f01a100,82453,3b6eca879116ccbccbc38c2e62c6c29f05e83513d8547dca71b90ba8a1ab93e6
3f187f9d,86943,c4b5641add17796692a7812cd82d97385a68ce36c01d3ee163a8a161f02c3a9b
3f438e15,258231,adfc00a0c968591fdd41a39baed4cfef8a2a4e4ea669a61910ee52bcd3c6b7b7
3f503cc4,283401,e9ed78e302b1c6db0dff4ad380b135e40f1f07d34331c5b5b4c522047d840d11
3f543814,1238151,1649d9507d111373a3e2d92841c71a47ffea1e81a26c378ef8a34a0f473a684a
3f5967c0,92158,0a7615b50864e03292929e6b7c613f3fadcf8d4b930e5ea49f5a10c74a89a8ba
3f59e687,83432,6c8aff912387ba248fb091ea4a4a4b492ea9baa8b38940fa6c269005affea758
3f5ca9e5,77455,1a0b880e9a12867a71f6759750df08f44894f7cc1fd2fecf4117ea126e40ebc5
3f628428,103713,dde658d3efb56a337beb2a6e4b884fbb1c951a138b79dad4fd1503de1fe04965
3f645461,107858,5a660bc31529e7cbda767f20b2ea6f8292679a981c33bf8aebcf3f7c8085da92
3f70d3ef,68631,00aff52e1b3181bb9678a04942d4d4cf82bc7b311b0c6bfd6a8121fc33299be4
3f716d86,66963,718715c71bb3194e3115fac43bb4c17dc6ded0da028c8738c4e473531475fcfc
3f77cd6e,81199,ee60cf89b9cfe0e4b9bfb282505b22140e701b73dc63d86ced001dee82884fc1
3f7d0122,88547,08728f0dcff47b553a3cfaedc3a96495ad9a920eb88706322682a910f295da33
3f936958,75696,f22ca330225d774c0e203fa6594f958b9ec5f071901832ef386a2e1050fcd912
3fa9367b,100146,c283a0681853c362c26fb57b960fe8e48965e542955d1bda6ee48799c3a565e7
3fa93ede,97168,61a8c98b795a618881451316ed3c33333ef527805a8498a2a765729370b4fc91
3fac4caf,84116,7db6458416e720acbd3cb8a888bfd58622818f77519c694e311b38e9a56bcc7c
3faf60be,77364,755a61b6eb42bf01c1d2504c5076231f8412d9e43cb7b1943dc97eee7ff259dd
3fb80397,77535,92c305e95952e51ffdd29b23944a73916a5bab34376acf29684f43d7c2bfc0c1
3fc852bc,89472,83c3822e5d29af5186c0b2d018eaf853a7869f05e5a6026e48d5198c10d58f7e
3fd45569,102456,4d60bea4367b239b7b9264e59471905ad9e106f28cb2acbcd447138e69ee8f3c
3fe4a5c7,76316,a1f53e6a4a3b8fb6bf120b3a04c0cfd9c353080504d773021c112422913bd6e2
3fe500bf,234441,fe3c7f72dc657965956ca613bcdb6e167d3f492b2173c696a53f809041e552a1
3fea3150,92717,85eefef0baba03bcc98c8a6cfd27ff2bbb8104202eee2e0204acfc0d333318c0
3ff02055,93782,17d2f14d0020dc086d591348d7d27b09dfb6178685ad3fb26bb7370441228465
40025bf1,98401,5c7c95e8d7964e62578e14568f1701ae4e273380340e874ee14f82e388255065
4003f118,107774,83822696d72580e01b4fcfea3bf1c4945ee07d00b5a3fd66f389316ee68a9fae
400812f1,97145,a5255d271ef381d5f2fbc49344dff691d3b1cae472ece2cf7faca9acd8d2519a
400ce5a9,107703,73ea5c27161fce277aaee4d25fb11f41445a4a26bd04dbf0a95bfd2e6f7d2585
400d2ac6,91447,3c6baa0f5ceab295623ecd38677b5009046ce588be29293235f33052da8e003f
400e23c9,2175248,9612767ad2d860aa3d0c32a2bc2273b5bb02a22a062c0eda7115da68c40ac97c
401139c5,363025,9a02c3ac3764a5de24658931ca358517cbc2f9dd3eb59135d70aa91bb651ff24
40182e5a,107649,935f4ce233e23ae909ca9ec266d7cfd4974b3e480700c8e234d9ecf4d6e4174c
401f35c0,91528,cce0d8e13e68ddd4e858f48a4aebf077af1adb76ad616ffb68a4b3158eea2e1a
4032ee13,73867,5c899679f3360e48e143e95e504abca2bd1ecf21540707dd071010f090d588f0
4036a503,85115,f0c4bdb17c4838fd357c9ea3dc9a1f10f84b7517f45dc8cafb81e020917bade2
40386466,122708,a36a42cefdf76772546964ce9ed52f7553fec4fd035214f4a008ddc3bff5b419
403ed927,103946,edef7f0e2d4866ff3eb40af73ecfe89547d09f1ba1543383f4b437b3675340d5
404b6f39,116754,2e97ead462979244a12d9239932ebfbdebf24bf5970549289383c456a7f95b7b
405259fd,96087,6f45adde9c325f3b5dadf0c800d79ce6d32f5bcb7b800251185010d94a4d64af
40545c4b,79772,65257c02e5bf80c8a893642fdcc4395ca2345aa67523ff1c1060284f88cf6cde
4059a5f2,78680,102ed2db8d3254467b4478fac3c394fc6a530b14f0ada9beacea2bae73cddfc6
405d4d6d,104212,c2c114b0a450bcfac461ae9535d4f24052a922f0f9a317ef1496f755f0555721
405e8c96,72374,8911a8b335d3d8591023206fadda2e2eeba66014e2c6e7b4f6d978a91b89846f
405f0a65,84132,4633ffa954767a5e3528ebbbe8b9390794b8f274b4a7a52e69d0b969985c8e15
40636e59,74677,9d74d26c43ef9a17fad48dbe3cbe40e6c8296dd668ef2f52e8e82aca1ef622a9
407938c0,105900,f75a6a8d06cd4a7cc3bbd8c58aab6b05b28546f7d620ffecabb73919b5e75335
4081fb55,80236,d2a087978d8f4ac848d6b50266786a27186f636d77e94abbf162e3c215fb10b1
4082549e,77425,b721b34860a87b0930c3957869be7f77dee7e6fe16cc5ab9c33522f26aefde44
40aeb481,492272,77d4534fb20d6fdf194dc07b31c2c60d09bb9dc08e72573728e653cdfb044465
40bb2d0f,289547,23bf07d71e673a299712b91276e999add116b80f5441ffa21da73cf573356e65
40be0ab6,66947,6a7176048882826cd6df1bb8819c8d7eeaf85602716e5d752a2b782c555baade
40cc3b0d,77246,010dbd9688f90e30a09555c3735da806280e1d465af5cc7d712ecd4d3cd2c3f2
40d08f76,110910,6e91110cff816cb57781ea0c481995de933c5d46b3e71a1b989d48b50bafa5ce
40d104a1,75897,b670fe2e8345dc3041f05847a7ca7850462e368a52e071d7487cec6dc25ea982
40d30f01,76619,0e1574aa8eeecf4d29fa287dea2ca9eaebacd9f45e07f79be7ec4efcbe78bef1
40d81142,88038,c31883ff09ff5773b8d3e3733f22989124fd8a24a2235aa078ba685c42be2fda
40d9d6d9,102533,a31fc47cd502d22f3f391305b5eea45b74d86acc7880ccb4ef5efcb3a153ac0c
40e99417,76845,189fde643d06e033fe42f1a05f72084ffd93c30ed1795852bd6cd24d1bb9cb50
40f8e270,80063,9be76ce00c302833a4fe2bd502921332f2b521cec5bee504cdfdd0679f453d42
4101e891,82559,7ab896df4d9a5dad9bdbce3e2dd5a46b35f28a4c0b65efa452362420f3b26d7a
41070ec6,120017,fc0eb1baafc3d5e83fe304df89c38cd4037bd1af32bb3ed775f97b6c7ffb4f37
410e9e7d,75572,9be664f2fbe006b03a7e433fa29ec1500ad3032f78b8ba186e931ba547577cf4
4113c484,73097,804435e18f74187ac2844367c27629bfd19a5e509351b08642cf03c00e6aea06
4113e25f,108878,0061d77baf07948f8093b3f89c8bddb776cec1107a52a1f23327271de1cc8927
4118071e,116898,94331bb6e3825099cbf646c72fe72a67a1b456b140d368bd3b726e9040cc1533
4122899f,114113,94a2aff319cc50e8ea3f230795d186ecc3fa20298d2cc0b1b4651916580e69bf
41234a16,119004,f1ca0d0015e8ab60cac8ef548897b5d0737c20d79025fc74c7fc16b1e51ab0a1
413e4bcb,79103,3730183e09145f9a054fd6317c78cd94d03ecd4b868af560c67ab476f232ba25
414425fb,100882,43bc38e489ba2b6dfbbc2b2edccda634f5eac3fd21996567d208bdea72d75ac5
41480a7b,100259,aaee3bbbf35cb53df3d2bd7dd8f8a75cfe837738e1d619a405163f567653dd36
414d4ae4,70073,abbf03d93e7c560888ca7335541d1b816540aef1007f01aed84d7534bf2f515e
414e53a8,86462,aae07976431c403addee37c67080915f168bf4b2ec6548e9709988353f9eaadb
416bc713,88972,746545a32131bfd63430cee12520eb49e5845d030ae9f4489cbf4d492a6f0e7a
4175f479,74917,31fa6002f7e40a127b36c88b27f243b176f31e047b624c1f0379d81e2cfe61d6
417651aa,128033,99157d1ca9f425cb5ed9b0780d9f846f4b5d5a94df94e1486ee4ad4cd574ce1f
41827baa,103506,b167481b4d15aa3e5b3d0898c8944f6ba7405a0613b43523b6862328aaad4be1
41856b0f,77803,f695ada743f002e2f06ea312bce2c00a934938c0e0418bf779f072164136f369
4185b088,296973,ee460803dd206f0bcf502015197e68444365282a9f262177e5cf477fe28a5e46
418ad061,93375,2afaa5b5fdd25e8c083894088b8052e4da03e823d000a9aeba904be49060670a
41b0c7d1,288876,ef97906792456122c4527cabedbbb6912074cae74d3cb784c8a4c31e2246b7e1
41b24b73,105505,c6d575e9f6f4f439d0e362ba562c85097f28051a35bb9ccf6b5fac41693fff12
41ba95ab,81951,04ca821196addef3b82b5cfcb7f95eb21c5e11d21ad05791d1af549a75e6f737
41cc9951,99237,872b34b2e096ab448ae386896a1b59789efda6185bf82f2a74d03801214b0c0b
41d623b1,82392,b195c1dc46f27e4b31efa77629db681f7622533c0172f0da74a7011d6ac3b841
41df2421,94853,2254faf119d2f13d88ac6ecd9cbb30661dbb9a97e8523bd8d7c1e832a489059a
41e92e2a,90132,e8c61e0e5e1052038ec4a3b6af22db25e2797ae3a34ffb80945aa0ed95ae9890
41eb4ba9,82250,5e7a82b8391de1fe14386837cbb3d94412a4508da4102206eb587fde4b9c4b3c
41ed9e96,111520,d7ca8939e53849ec837410998a591fdf6356e48e7283b1c2727a9c935b99f3b6
41f72ea7,111805,b12f3155c74092718c4673c8b4a2db121b1064fe34949f4dce3672fe8c15410d
41f81370,76310,f0210071599831be893d26a1a7d30295241ccdda58a96ccb8735ff9179778dd5
41fe411e,106251,a6c60d4844e255a6664ab6e4a3a729242e3fd0a1a73fabc60a31cc803df6caa2
4206271d,83273,13879c384a02ca33d3975282b671c40230f59f439c0a7249d4794f5bf69a659a
422d4c75,1924502,d2ff948524aeadf9f13d9c243ddd7047ddbace5a3a2e0d1d763c44ed135dfdc5
422eb722,71819,cae0ef7fc2a2abaf0dc2f7e5f73a35de2558e68be6d4fcbc2a24ee0d8b0c8d2a
4232ed05,67839,fd75698103c238bf54c1fbfb31889080e5d935b037aa094dc907c4eb9a55faa4
42435e89,73162,df0d3953b72023925df11c016fd408e77122666aab4a98329fee953127175f65
42650df2,104787,3a5c9a8857018ab6ec4dc4bf2ad0a08bad0d8d454ab924864936e3b8bd41817b
426740b2,98510,3b75118c9eaf7230bea1b1ee44d2e25c7b765e496395865131ed53dad24a2aad
4274b266,274880,0e94ef162212e3d120ef13d27663f278542763e228c15a2260996ba7cdfad444
427b7351,80420,27c793b194f0fdc007615fb5c24dd50bc1aa7b6f7c5e0e1b01b77e74a38c79fc
427cb204,108569,b4cc556bbe1afbac14ebd9c4a1d13d333e5a579e3b68bb782254be2c268b7bd8
4281bf50,79607,b8d8a06ed1e3a5ce1cdfa48c9fe108c0a544219ed6a2cad8b30efe1961137810
4293a3dc,90342,3e7cd272b8a2bf1bb3fb62c824a80c257bb16852408f8e644ca4e2f464ebeabb
4296e5cb,106256,a6c776456a45f057e37034cb57d2b4d8b57667279564e6a1ddcb0a61b3ff6244
429b5a1e,80227,92b99fbd87c57830e50c7823abb60fb9022d454de13be090ee33d86acc985fce
42a30af6,106074,927bc0a387099d4b7849fc5a64f45c826961b1604266bb2061664d6fe5b3623b
42ba6ed2,102940,e900b6814f0444e463832c89de2b78dcb42beb1a688e5bb7d0fb18a42b06da99
42bcb84f,276517,b0d9a2fc71cfd5a61b53512bc172b455a08ad1838aa792651d595c21993e17e3
42c7551d,108144,bd62860a1a32fef266648d36c7d3e2b31700f26e5857291bb0257fdc420c2456
42cb6c77,621272,691444609bf2969aa1ec0c05d37d8d6679522124f75bf07275d33c0a7ad9f661
42d53502,267214,8488d97a3effab740c42aa72e5d75d264b59a067e15861b693227411a7043b68
42d97150,367272,635c2ae4fee19308e318018ecd47e0534aa64054c6d910825f846864c7bf260f
42db71f7,100249,0a46903da4abbeb5de9b95c2e91288ee437cd729ad0e1d8f37a83d1c809cd2a1
42deaeaf,83347,ce803fdae171bd6615f5a98584bca24a6148ac6dfef3d224c78d21931fd70f1f
42eb42c7,72015,93d87c278b4cec6f50ac909e42dc0013917b54df8c90c5f7afbd5b4c9e0818b7
42ee7263,102421,cb0ff4d5fdf07fc152affc0cdba3506f8394955ae20caa395a6e0a3433796c39
42efa847,77117,e2151dffb12943d5669d03e11a4c260ec1e6bf2859d097d2c4e488e2e9854a2d
42f530b0,73762,35421a38d94fcfa60d59cdc33e91c3097033148cb5b15a31e790d89e2b3d4d76
4302132c,104273,169eb80eeadbfa1d07f982c76b0deabca095afb17fe1b176968998eb573ec57b
430364ac,93258,116df41a17b9471df333220a54c18abbe4f56ab3c0e64faab71a35c5f847fb25
4306ea07,2171452,96f9220c8bcc2ea999e194b65ba08fe41f38f4a7252d9d4ba4bb54e4e35e0d15
432340f8,100510,8fbf4cfdbc42bec4c5bc26794ede7b20cca03ba8c3ec62b3fefb078d71b7403d
4329254a,104119,ae9328e6089e4bd7c2216848e4322b24107e7c7e1fd940702213ab0d0cab359b
432ca9c1,78465,baeb2682e3227792d6b4794b1ffb8cfa6cb75e1c68e879674cbfaf64181ca3da
4336849b,107265,96ba8e1880589fcc40572a6a8272885474db681814e669615cc14dd8d151da48
43383589,120351,8056368909e04c33980dfab34a3e50c1d446347d49f4f56beca1d6871b316576
43488464,340476,36c2872b22d65936af3cd779db19b3930bd28f7666294d5a998712c8e655525f
434a07d6,721202,4cff9d9ae3695d2f3edd89fa5452620027ec3c7075f54517127c22a611d12c7b
4356541a,113396,3847e02435ae6e6d29a47a5955c6615310b697657743fe86ef029c67f528ee8c
435b6a66,76938,8799b1ea34e81efa78d4c03c10b7d7cb9a431c808d201c59648e427594f773c9
437c49c1,75795,116acfccdfead17f6ba8c5cfa7b812a4f9afdbfdcc0198ad9da38413a4896e2f
43867734,104863,752f827b9a2637b0c1ec86e16b09508366567f9737c875df70ccded4e189808f
439ce49a,620182,8514437b4221696151264816a3b8d3eb360d94e894607913bad888c182903281
439febd5,70394,36e009ad9ab23faaaf425821bfad0b14039367c5455146e71140b64e3cd0477f
43a569b0,79777,db4f0033310e58d7dbb670c33bafa449bf10b5f2ea683c67a8382cf9a938e174
43a6090a,84201,6b23c4a27d36d0851e31492cbe5b4bf5081a5b879a2a66252edefb1a19192307
43a75a77,103925,d069c54d374bb6f57365a90638ff8793ca06cbf354e32cc117dcafdddeb7a59b
43b2d262,80204,c7e097ac872b8ec09bf82499c8fbdff6fcaf090f711a99b99f0fbce4e021efab
43b3a3a9,111713,0593f46b2afa22ae3128aecfda5d7f502126668096623f6288da5831243724ee
43b5b111,96907,d704ffbf3f5f335ee7d8356f622f3b1cf64a5b389c22350cab13ff57e22ef20d
43b90295,71296,260681a2b8674dd1f1fc96b89126cff7b5630618a4aec88ddf7dfe7259738c0c
43b9d99d,78782,06eb192742ac3a536e9c67a28c091b0f1334e8b986f4342d18fbcae13537e76d
43be16af,71736,ede768d752c2edc3e90866c415a42da91d5c140ee9b3c62e6b429e4a44763cbc
43c2c4a5,90691,8fe8ba441a9bd342b693ff751db16cc24d4d74d8ed2cc1d6bbf897419c968f44
43d20391,76931,5f3d8209d27da32e62aaae7e385ba6e042e69b5e96d4d8a56f274c0d73300787
43ee86b5,78499,c87d8969ba70c55f79cd7d7bf7041ecaa85ab2ef870c270c7a3909ae0b645b19
43ef1348,83625,a9519381467be15f35b4f80776e37f93ecf4886796fec40253c9e5893063aa31
43efc5ef,70447,0f7d1935f0722562fb5978fabde370c26ed550211197f08bc49a78e62612fd11
43f802fe,80314,d30b84971d33626f22dde215fe7a47b12daff325c21f9b83b8083c2e6c6efa9b
43fb2c13,73933,dc84dfa78f580db4540878e88aa9b867f81317317e227263745832b45d3e24eb
43fc647d,1785965,90958a457e4a1f604400be35769cbb3424cc79f04f37c3c62909fe15e639e4e4
440d8105,73686,6b09b417eedd21b344206bf1f2f067fec4bc83bed7de2a45317d0b9a09ae4953
44102cd5,83046,1bd001023d514f38bab06c1a1a0085d469eb07350ff4018ee10d9a531f851b2f
44143ba7,85868,525b0c67dfd01141c9390fbe0cf47ffa657b0f6a3b9cbcab999a8c408dd338bd
441a3a81,69797,2e0a896f559ce02be1249a62d4e16e99437d54d2422c799c2d88a4430d33d9d1
441c6c67,380818,3463d649b91baeed7c30e4afe8a3e4300108cadd0cd539ff65e9ce45d85f6435
442186e2,85050,21e8f83d01077033da5b7a4b89fc9ca302501923cf111e4668da51c646b8cff3
442c12b7,86481,1239ec4644e2ce1fa2181f2db527929d3177a12a140a0c532df959a3f46bbb6b
443294dd,101659,091f2a7a45cd265d6df6fd3bec225ffe41a2e294f717d9cbcd939fef35503fb6
4436ecff,70199,fb5f8398b7ff16aa42c22ad1a64bd44ad0e78206dd97fa36311880b1ca58f33c
443ce9ee,73261,0c09450b26d54b09fb6848d7ec95341b05a67ca31360c9d806914a7527c80205
443d46d1,82492,92a15ae955e8be9257948f93e5041f93e30fe565c1a62886d2de1fe671c9f03d
443f924f,99440,7f5542972ec5562090660ee703318bd8188fb80acd56c8409a7cdc458b0583b8
443ffe2b,78452,7e28497f780521835a5613e9b2d4b01928393e68ac98f4746c42d723a7615581
444de9c6,76634,6d931bf7536dcfda8b9f6aa9805900b06a6fbf3e3484ffd5962d9a4a5605c857
444f6fe1,84588,7dcb2a8fc30047c7859c486de147055ed7a7567d26d4ded72387999ea1defb85
44539b65,96698,ff4dc246362014f4e7f94314ec4d1a4a2af37c04f443842cb019466ae3533bca
4467175c,2207789,8061127af53a7a171e8962158facb2522c78c25d4f853a36733185fb7ab75966
4467cac3,99107,d9e491fd158564e200ce27dca5ddee427a39bc6c3d619c8329a7d999ea097de3
446e65bf,361613,8ed6d1414735239bf027f0aab940828a76e4e84e5f9ee6e483a6e8f82a37f11a
447d24cb,85164,47812efbdc4557b33202b9aab9aa79b76094789a7b13915d27115e9b60c051f5
44ac1589,82303,cde1f5efa54ee54bdbb71896bf8c798bd56d252dcdf4672b867bf6449037cae0
44ba40eb,112594,1e529f79542bd60186d7a25c3353a213367c778f8876a9ccbfd4803be9f6093a
44badac5,49694,0102153cdd1993b1cecb47f70f86f4965a6b7d10a955e47fbcbffdf15a833921
44c803e8,128602,7e8ed2df0318f3ac38664c764f362331128a0c33999bde2f4ec5327d0b5ca665
44d3dc31,79072,9c06a60c508297ae4f45f42353bac73a613fd6402dc6a9fccf156b60244bdcd7
44d7ffad,100339,14ff78e10d7ff54a7585ef6898c7991887203237c012180dd5d54825cf66c06d
44dd60f7,73844,31dafce2b60a39e596c847e12e2d1bb1c2b04b7fdd7f3acb2137933512bfab30
44dd62fa,80252,2d480d2c8dd6e0b042a87abfbf3a22374071543e8f89fb60a4a1931e0f32ff5d
44eeb234,48958,f985ec790ab9b1a9aa84f0d58682f930d216565d7741b82545c3e26adf0c55bc
44f38502,69284,95a24fb7f40e249b50cf72cc2f57673499ee6052014196aba4629460c327be05
44f6d64c,83343,a07e85315b273214eab0975842a04a6049d6cfbdbc51a301ad6cccc60da0cb51
44fbe074,87506,e496064fd76405ca5a98bc05c5f4aa73ab2e16734f8e6351ae2105224e667357
45058878,86942,c4dbfe4b7cf724c14ea21bdfe6e4ef194adea6b41e606f5e34ed04945c6d87f7
450e4d13,76041,501e95d7c7e6224f60499e9b7fdf65db6a0a03a7375013928e75201c7d3af130
45142152,97479,d3dd8bfee030e0a139da9ca0057eb43d6ab161d6657fe2043b9bcc9b2cef0ae7
451ae035,64799,b86d0208d88236ec32e5255496042a47e67d504e5ea513335ec3a9de130e5693
452ffbc8,105454,611111ad12948077a26d092ff8ca348555358a4622b53337d064bb09028c7472
453272ec,303607,f447bfc47b61e3b0945a429c4d3f7fed588517b3dd824ebdcf144391b4a99c78
453720f8,337726,97c3f194fed94411321f76c6238c04f639facba212e5009913b3a848d93d7714
4540e9c1,82375,1fdc36c747d16bd2c2084e3b3711c05b52e43404786398fecdce9adc131ba4b6
454dc2f0,90046,14e77530628afa3a31fd40fee7f85bfd2dc5beb7a9e419c11e0da652e51bf78e
45501db9,112986,99a026e28067a5f60f5dd36541ac8a7809a90854cf1f61255e4a9301b5b76b99
45589405,108489,ea392662097fcc3497e129a590d13da8df868b94f1f4e7046e703c18cbbb99c4
455957ad,95435,5473b17286ae0c93eb011f795f33190aa042f52de34fb565475f4d3856966dac
455dae6b,89502,d7d2cf0e11951714ce9f0a8d46fd815da20d6066d7ea3b019270779b025e0f6c
45627e88,81431,91437eb03a0435907cb1dcbb301dec112df5709f53df894d18d1898037600735
456ab61f,93964,20c68e8f0807710e15d64de5c7216755922c219d159bb32bce13777921f7d207
4582816a,574476,1cc66ef6bb63e01517efaf9b16178081c9b9dc8b2df280f64a5cc670e13264e6
45853f73,88930,3639c61c6f1015c1f61fac4cc8c28bd5f9a417037ab3b84a62598ed29293b273
45872eaf,897176,62766d452e0f9e1d74e2c3749ccf75d566bcd357579f57439b311deeb800054e
458961fe,87226,115bef976144b88f1901d2d290cd6ed12a8176beaac962cd79f4eb48b4f2f28d
458eb1b4,119457,0232e8d4d1642b3aab5c6f90362fb687df1abb5560395a4901c6834bac352c8f
4590d464,103429,b6420628f7344ddf776f8ae7aa241e9e7cfd877f63bbe68b29783c86241b9f30
459c79fc,84593,ab79635c443cc12d8c6b45f1795681154ade44bc6ceec50bf70557f50ae8ef17
45a2bb87,109745,08a3c401b8c0d028fe76090896fcd77ee650fb183aba414704b6f252e53ad8c5
45a3de62,103793,90bc595876e2d435dd1e98c163e77003fe8f1e6027e0c09744774ce210f2d552
45b95aed,80684,1ff8759a569c07eb693b3a039578ba63ed6260f6c5cb1528f3442dff60aa6369
45c0c670,80524,029ad5523d936deb42130cd30c187fb49053098de3a2e4a75ae2ef1bb0ff7238
45cfded9,100484,0f7a8baf79e11682a47b65d197b14b9499c5abfefc3301765a03d1e89ae93477
45d540a5,80993,3b652c66592153961f1ef336aa765d11f5fe223953cd08e08a15964f40470904
45d79db4,106473,165a91b3fb3a6846bd46baf5d235a781738987e30dbb1a482716082140149e3b
45db0995,118335,fb9de25df64a7a2079c34166aa159e9ce661c4524fd6b86b3cac325ebed3c92f
45ed4a45,2849816,821bad899bafcca695cb8afdf766f32368d0258b01bbe4c32111734eea79f767
45f1d456,103588,cafff9964ffd764eb11edd31e6a953b8791752d677a0e9521b8172b5d46d0ab5
45f940cf,82660,ea145edf573accdc3b317c0ef709d37eb4e5c7effad436ad2e2d25fb0cc93e77
46002f3e,87839,adad915a4eea3c57b9a197ee51b66ea4d243dccb3263a1fa202faec3e7727aa6
46054982,83066,df23a7e151f11ee80d2bff4ba49ddd0aa22e2b0c3efdf40123f29601c9c730d0
460ac35c,103429,84a23ada0d224a69ec9b4933a703b0270b24edf12e1ef84f4d16a90c8284bb6a
461b8674,298288,2b6b6786c460b501118081039196e20b197c95619e3fda19003904caa3d05286
461c7073,84543,987ed07319b7021fbca1e772349e0b0c18e26362254f93fa4cfdc1b26acd9858
4622b714,107918,51718175c1acf6af9647d6fc9c51ebcc0a2113f9da72f9ff8b84d7791f261777
46270e14,96612,f7f0130ed67a6a460b53cf7b24ee1d553ecccca33b9b5b564de70aea52d611ba
462a1fae,94793,b343b5908c3a69de991dbca7dd116997fef381206bb75d1a17f3b741613bfd71
46404120,76953,edff1a21604514c0d83ed4acede4c9e7f99875c7e843a93720f798cd8f4fb83d
4644bf29,105254,fba9048997fcd4fa46a941be65d9d05d3da92a0fe5342fd602cc8e3848e639a2
46481b07,317817,fcee781fa9630e41cdf5252a426aa7fe417f542cbd2ef4696849aae1be008220
464ae121,115557,3a4a7e9deca73e04569075d3ca95d14ef8db35032c88754c52445a3c4caa6d28
465d625e,72235,3ddca57a70d6041c875d71e61768a30fc0601257ce1dca321a8cb25a1b1d446b
4665efc6,111399,d464c4f73838d2916d25462c988a495e608577e358744ce7a56b677f0d1f222b
46766efa,90067,4d7d7e4ae3108dd2487be5d38668ee4c28f356b9f8bad9a295a8b2f4aab34c05
467cdaa8,103462,47370c03749b1b3b32ca7672585039d9425d2714128614c3d2820fa9361f779d
468e82b7,96768,3edcecd07532d2f24626bce6ea1f1e99258591d32333b4abd599f4c528c7873c
46a5e6f9,109450,ec27c3198d9e719daa1504cd118eadcf93373e841f9f27ecea17bea4a1af3768
46a603c1,70275,e59c70fc107286168d2beb450e4321aed49dd4839bda82a90961904ab0151503
46ad9b5f,130045,61c2d55b1d4e2bf927c4436973a6daf323b462524b50655f9031261e6081ba3a
46b12195,91018,a39b4571e4895b0fa7391a13a3285114f998868fb5571849eeed307de0e570bd
46b58fb0,80266,7128345e7f90ca06f5619e60dbe6c0ce3949de9ecb92974e9b9226bfad74832a
46c0f7f2,84739,67c1b3a9d5a555611432e83b08606a23ec095fe3017ca79f1850e151be80ab70
46cc87e0,97921,a05e58928acccdac1d98ef6b57649e989e1a98d080b1676ba553d5ae1558bb13
46d659a4,307454,54413d14ac9585681965534a060a6d5a5093d3622a5cd8b9c0bea58962223014
46db2610,69246,cdc93d74bac506b9925e4663c5e5bf06d4d4061c7580a9b6d825946cae3e818e
46dde3cd,113363,e36e824635f0642843379f0e94dddd26ef1547bd3c495175a928efaa4e9256c6
46e18926,71445,6883d9b813e41fdb8bf146cf19b1c1a7303f9ada71e36574784889cb43069b53
46e1e03f,113364,8cfdbfd6563d5a015a74db3931833e60448f709e7471b1c3a579e70e87dccaee
46e90d4b,92310,eafbd45811e744ab27cd6bbdac5f1bccc29b13ba931cf90500926367d3d315b6
46ef6317,78988,8895c31ea5c4f043ff9d5312bed7b5394b8428f7baa4c5022d3fde94dd5aba15
46f2566d,94002,b38dc49360c70637ca8cbd3236126ce264f93dc8c7fb1c5c6af3dc624d3805d7
4705eb09,79115,c3969e52a3e69e3f039117f62bcef55e9c45cec4eaddebae4224e63039022d8b
47086a2a,357631,868596397b06f5ae0f6288bbc3cc9fb5cf7f923d311d6bc42437c9125cb0c4d9
4709bc58,402583,ff9f4e29f0c3d3a7388fbc1caa21247e2d92bcaf7ac504fa3caae4b12ead9050
470c86ea,108318,300e66d40c5b97d0e512bea6e750c053c57c9593916cb58a25ec175e687a3d60
471e1626,95912,bf86f1b4dc00d1e2d21485ad9a34d23713b078e1ed4d6be9d0729fe190678d4e
4721f0e1,78806,86b130af56c69ea720d7db12b7b53200ecfa72be6093cb414d157a79dc27f4c9
472216f1,103335,226ffe3c86a76ea6577364631b1d6d3a463ab5cebde78925f774638a5f3f604d
47256f3c,243246,cd0ec4d0eacbd9c78587d99a890fbc3b84f98eee560404f8a2893ec2b1da5fe4
4725f3a8,76887,fbd24a7d401cb0fa687a1fc647e94621e42589df0274d081e27db1ead843f72b
474704c0,77363,ff6080a852b86338db80d084e1f1c0639e74435faca451a230a9684cc2137f6d
474ebe78,88019,a36cc15648ce14659a712982b2e0de871e558612ee2cdbc7e5b2ff326cda913c
474f79df,336061,644235544a6c8f3d15b0c41a5a2b88e293dcc403f1e8ac9eaff1383482bb8628
4753ee4b,108400,058d2e8199c32ad9a373faf9be6c148a8986267d69cb9e49f678f8e74c30b9ae
476feed9,389997,8c5641bf38508b1cb0655c4b3d97d9dba9027d0a18a85b5d3b7cdcb32e554ff3
4772b4d8,126241,688eeca8bbcab6c636f92b9eca9c68faa90ad3410d19cb186db7f3a0a2f4be7c
4775ac7e,84309,f7c39f1400610789fd1becbcf641cd1a3a1c858e29519e0a926105734ed4c48f
4778ea29,85585,d6cdd5e04719bdf064640c7166b918eae63007af9707d5374bfcb807f5eaf71d
477db87b,2010760,d086323249778e6e1f615d4846e254ac6d885c79599d388d2270ee2b5852f2f6
478482bf,102133,e0e97a276c85ad12c54cfa7a0db18cb2fd5dd1f3f1de47c6ec992acdae3346fa
478a4834,69438,011473bcff44e08f4f2254b91d44d362bff58dece1e971ede5a03d8f1fc9060a
479291d3,100068,3ffef5418d9ca0d61e287f0a4954291d0107c3fd8ad38c90e26e9515e060500a
47a899b4,79731,34fae8941419d1469e5102ba9622a50dd7d1da51b5ee82a24e6948bb4383b7af
47aa1347,87246,1e2a1a812d024251929981d281143354538d34aeedaee4deb22d5f231b7f473b
47aeb923,78097,d464a00de803d8351195029f1cf17c88b4f0ba210dc6120d17bf6184c7765453
47b1d6da,108397,ab79c70c1de127735922a0ddb3002875ec62c578dcb17ea6ff29d4c80a6b8663
47b5aab6,117010,a89b5a865550386d83162199e52c2076af56221c6354547837fdc49f10b0ac29
47b84889,106208,49a5ae50f461b006c271dd4d7e39dd1eaaa4258bc3ec5bcc228689680d5370af
47cc4f68,104026,fe88dafe97517ebf36578ea7fb2ded5eeb5884016f896d19f8e846978c05d2e9
47d30d2d,121728,3fe031c607624b0c4b6e4aaf964c523d0418943f7eb9bc80bb15eb89e25b8f9c
47d45ac5,107124,518e6dac1ba550a7287165ce0fe44bfe2ec65300cf97dc3893e9b1ebe9b358db
47da3f01,73383,681051dfadc04538927d000966e25cc9ff9c1ded4a1e2ff8329d18556c2c7cdf
47da6bd5,72812,5b6bae2eabb9007316f48b5f0ffb218696578a589def031f4895d68c41fcb7b4
47deb86d,90445,ea8c4bfc1d24929587a70d796760a6723cf47f56b21579f71cb5a5cf84d0e90e
47e040c2,91312,6d753266ac21362e692ec780a4a9acc3b2f65f919af8316814fb6c260e29b333
47e0a649,111083,cf5d56471cf0d446c7a7d383ab0fc56a91d54184b8ca2582a1ca7b82cd61b358
47e10005,72296,42a13bc505235ec322a48be061daf02a140987733a68cf2c89cd5bc7ab404077
47e33475,69462,30b590fd6202b5dcb4f2f1ee3529d85fa7dcae7fdde8296bae1c5f68eaf8606f
47ebd5da,102314,4c01477bb4c4a796d26bf93ecbda2109d0850e29ab84fccef57db914db02f6ff
47f69d37,101475,bf352c6a00e950964bb0a0e5745f63321ec771e009c700bb541acf63ae0be511
47ff2650,101039,75141d8f45a1544a7d1729ee26d364d6aed90699630189f80b39115bf8bd37a5
480689c4,111371,b131b6244e84ec731ddf963001b58a0a36e3d1d6344447a0dec9d498cdf7ab2e
4813941e,87249,a3b5acd066a1799d7cb7476609257706123199966863ffda1682c0e4804f3b68
4823450d,73600,9dcbaf019cf871803150f40379fb49b2077020bddc2a082acb3cafd369a6d8e3
48258dea,76111,366a1b139015d06444d337aeaf27f5d334cdadcb629fd44c31737c65e905b3e7
482b9225,99446,a986485bd6ce5b161529106c8c7ed2a2e173928466e664c6d7d8fe4bf590b800
482d61df,86694,ef2af0fc57aebeebc101613cb7f71b0dbd3bca4831a21af517a1d147d06becd9
4833929c,76003,b9b95108ecba3c5d4c1ba1c1d884e8fae930511a3491268189bae149f4277f74
48426297,120821,b0c6783eec75fe04e27869a00e5b5ce5ae9260d65a7ec0ba3b89c6959a6bac60
48502b57,96295,fa186189c5ef5ce62c741415c17193320bce6e609498f7e46e5ca27966001a8b
4852c837,107057,5c7b7c24ef847b534e7d776a9a0cc634d4ba44d9cecc6bcaf5b88f0840775ee0
4869a346,80261,e8ef9257dcbabeb79791a759532556406edf32d0e187b81e8dddc58f202f2e2d
486fd839,115011,2dbc144c4c86df4263483649441b2961c604967aecb3c532dab50026e5c69e3b
4878a7d3,74760,d9eff3364f03b8fd72d45432e65abb7f67701bb9e56765bd4a393b3ac32000bb
487d9700,64354,4a4a9af20ea2fe76f11512be3130caa8604b5398260218f4a0b4e3d3c4e00de6
487fd1b3,93441,08213ada04a372252a25c5ed3d5752d1ec1e3f83672646a0e1c31c7aa37968ca
4881676a,102250,97fc401bc128dfc8ddad9785de801a9105b9c13d423ebeb5b76de44aebc2c8c7
488d1689,105640,8941e822561cba92e606d92b02143198f47354cbdbeb7a79e550ce2beb2d6f96
488e6061,77829,01449a53096f7ad2504399edfd14baa64c97c99976a2ec3baa3ecb514bef4074
4894e921,4072584,1033ebada01e761614f4a5105edf737a412e13a36417b7f903d14f4ec6e9337c
4897a868,90741,0a500eefa3a3f7350ea51465c8d705982a628d483c69c82f80cb618b306cd1fc
489bfaed,98528,8ab4d028ccf3545a2d9d2e37838aaca0cd9bb04aa030f4ab6df5ee4e6392fca0
489ccbe5,88282,070956c73af1b753a6c801b51fcde6a0818cd908f7333a1819b65c68df82e261
489f6a5e,76434,ea7e706a6a1ce144172b1f2caf0bc8193ba27ac8b45ded049fa0d904ef3420ff
48a5f26e,98716,484c04d156beaa60b532a7424b03b0a615541702a3cdf7b7e436847b66bbc55d
48ab5ccd,101140,16bef28a675de58055ba2d8d2b8b8e3afaf9f15fd9f57f2d65335e0409559a61
48b21489,64320,f6d1631641befd8b799aa0e81cfa181db6f6222707aaeded2df3dc30134bcf93
48b452c5,85994,379dcdff7b88c13bcca7dd34ca768596b56c083168238e0b77f86de9f6eb5935
48c0dcbb,75892,694d12734b7fa341ac0bdb82e7bc431df680ce4b82bd86d3d75d642f5ac3a632
48c73c41,88494,cb50dea20b7033fc5adef9da7e1f64fcd407891a2156b0062b2a89cacdc18de7
48cf0c44,4007812,6c9967712f112ae8d4066de54bc3254d313b6961b756058b35fbdfb939331cbb
48db709e,116899,b81a1cf302f02522c939c1710e1709a09fa1aab0f4f53a090a3bcd2af3d90783
48e3448d,99466,67af783b9aa27a1c35b23c4a1e57fb6d29743c0c75edeabc541bbbb2ddfc7ef2
48e89771,101279,c6c1445fa4efc589aae007de33d6d64fb6eb81fde495fadb1482f4c5e3a6f9e8
48e8cee3,84809,a828512c999707c96330679257b560db4b9d57cd1228704bfefb313a87313b2f
48f98fde,110808,6f7784841f266cea6e1237765d78d7487a2326d62005e8034419ffe3f0fa1f3d
49231fc3,102193,53954c3d138654688757dd14b873d72f6444db80e3cc965a2f7586fd84ac1b74
493dfdfe,120768,4d7117b384b4df3b271a1d320da80bf5e0e17cc3264f52de0acba71691973cc0
494e7ad2,119469,0dab78c22b8d408fe39cb8a45d0c0088a81bcd9d07f24fb277e92e5da73bda30
495fd7c4,97861,cb16c8bcfd55dfff5e04a6b49857c06ff25ba115688b7d6896fd7918980c3798
49646f7b,128667,7d7cc0235b2b5f81ac9f4f02abe4f4fb23bf776f31595f0dc54f09329d92e8dd
4972cdce,108750,eb93774dcd0dd00cc61bcec85057febf4e20a7233bbaad2ea7ffb8cd680d2e88
49889877,85223,8d6f740566d4dc3e819977b143887e8dfef02dde3ff2668a5de11237770fe527
4993528d,106232,5c41fbfe1d087bbc0a244144d79144552c4d3ed10af427b37e6ca2ac81181376
4996d08f,89276,179d6ed13e16d8b09ceed87a300f1fe6e6c4a9aaa9609630dc5891b36300ec92
4998e5fe,329923,0df8d74b3775196b89da5d6499b7a2339c350acae5b24fc78ceb9313701b90cc
499d0e39,98528,8e68f4eaa3de793d161ccb979456f52ab07da33105bbf65e4186b3ca54a7a811
499d1985,120227,63f3d7f6e1e553a2b7ab4dc55a68b6e7a44145deca8b9901b31934c956e7d244
499d7032,100373,5b675c4796ed7aa6941b1b9c50db1e6edda5de458bc58d17f3870c93e29df632
49ae4905,108382,6d3ceae135a73bf8310acb9784882f50b56c1536c03714c88b8c4632a9d623ec
49c9ad3f,69504,9cce984a893171ae3ba8f616e9bdd1146c28dc3257134a6101f43387e259743c
49cb0b4a,81740,a6ecce2dfd8e21d1e68b3a402c62a87563cee0e8201c2f669370f42ca3d3661a
49f21bd5,129831,1fedd2d343ffef92876603b2dceaa964d41d2c2bea59d03e91af1b9e18b293dc
49fba998,72283,3e128c2891799a7e7f832291e4aa3629279e7c1ad7e9483be88fbb7124f50eaa
4a0a9f98,78578,22d6c440587ab27b22df9ce5bee6192c1940bb9a23ac786201b1886cd814246a
4a113a88,529660,3022d8894bdd2f5969c4c01703858eb93ecc993e2472a23130bd30c588252e07
4a1946f9,89027,8ba6b4de28047e8b531ba1a23e83f89718d1b3a1867721f7eca21464a63dee33
4a1a75e1,108560,79ce5a21e14c2a56991c6a4f203c919b6a6afb0fd8146eb23b7a86d452fb4a90
4a1babb0,73465,41e74db55ec97f0470b649dbeec049fe1960ced5d1029934e103f5fd712fedd4
4a1f2808,461501,9b40eebcad689eaaa7e613057a4584dc48d8957373577567e65fd4e96991cc0c
4a1f5420,89869,6ad2c64d6d26244f90ea8ddcf1ef935091eae06465598763906b907156b55d4d
4a2e5162,76328,698e50fee12c56a7399d210fe6b4082f6859fca9e939fa2cd711c1decfef370e
4a47214a,98714,32b2e5c3300b62779888af56b938f21e4cb0a7f5172508ba09868a92c32c1057
4a47b1c3,109228,c8e8c429c239f560a1fab37f4bd45df6befa6cd554f0a453e9688c553da1e41b
4a553120,130706,731e4b1c1d8d37190e1bd5f169bd0380d835c86bdc1dbe93d4eeee0c2acdb501
4a5b7667,114484,c7390a9b4e1291cb6e8e1fc0cf5f26a5cb4f8e3be4a845a9c87cf2ff7cf6539e
4a65e3da,85375,9453124efe39c32ba667b5743e5e72788f7e378c2acdf7cc780b4da84f7be7a1
4a69f683,97893,7457b03668010e9294a88c4d1d46899c901d1d81162c509691761677e0be46e3
4a6a2c13,100212,69b156d3b4e958ab3315911332a26b239327eb865e7fc2a95c3eb88f33698789
4a6b17a0,85834,60ca18d9451629274636f10c96cc1332b45b9faaafbd0d8f596522b906aec2bd
4a8d3521,77571,cc2cfb7db13876f1aa71ad66a3019f8190ce5b02ac744e1b2a7d00d0fe662158
4a922fc9,102209,85c0b5a05e196aee09ef1267dc1dbbe40656ccc5e20b7f28fde2dd2949a0c80e
4a9e8a5b,96898,26669e3f6ce13a68296e971f213be0c03cd92d01461ae14a9cb705305c268b0b
4a9efb82,106749,5171ef5d38f50a44858450030f58f0f5a1967c416c480db78fb56a7289782cce
4aa59d3a,754053,6bd6a43073f351c33d3127131eeefc4259ed36fe707e2551b940e968e863ff27
4ac40fa6,74302,b6dd479caee16844bad84e2d17dfd53a370d4b3dd44b3e541c5b692713ad865c
4acc3dd0,105561,639e231d4af60273d8b477afe0afa37cbc3276a97e92dbef15b3a863b5fc10d0
4accee2f,104115,04b5d7cf4828924491b2549b197e6378b82f7db22b39139911350f0173ec7ffc
4acdc797,107642,91e4adb51e0ead30243aedb799fd862ab98dcc6adcee634d2f6bfc4570e7ceb5
4ad14ee1,110191,df8c50a90eca4c57e59b326301ed017d4dbadc0674ee6a0a31ed6763701eb698
4adc5a93,107507,abc75238882bd3f68d459b3981fc07d71b539708297e87cc8e030916ce7c9894
4adec6db,1924388,b47b530ab02dd651efa7b4a5d6ff8a0b34bfaedc3b8c83377a42a20d599d4907
4af693d3,351283,f06c7c24f8200cc0ac6e44b745af0a2dd9f003e72b6746c1f6270fe442feb97c
4af6a3b4,106748,3242ee81851a5fab3185642f2c06b443ca3084fff31c03710b1c00bb237e918b
4afeb89e,102529,847108cebeedbe31d52d15e05d46dbee4daffab340076c36340009ca35af9459
4b118d3e,77039,69dab3a2dbd4ecacea8b7c9dba9f14466caa96f9a37ce2d8f9765274525da935
4b179069,122162,dd41a1fb3c5a86f888f7010679cffa7a5b7e3580d3d0e0e6d6ec1161d35d0e64
4b2bb116,135559,e6ea29e8fcac63954b6ea5a194039e85cae21dc38e97a16abe7a4fdefa70d10c
4b3404b7,77354,364448e7583758c4ab93f557ad4204cf03b925d285877ab0a973bcddc9017ff2
4b3e56eb,101983,1819e850eca3c9a9d5fe36eb4f524c4763415e211e35a0cc05434c3e895a2464
4b530787,323460,78b76c1d5ffd776046769c252a083d69fd90370901d5bcff56e9124614097268
4b59e146,85992,428ffbbe45429ef55ff9b4a77f3bb596ccab852862afff5cac5a36e5849fdfe8
4b628718,284950,27a92733997d9cf2dcdec4b448a29cb07714d3ce6ae12c27bdf9f329cb5330e8
4b62ccd4,76170,ac231ee4e5d41c51b051f0d0a510d5d8cb758b3d360765eddb469c79836f0c6c
4b67e5c4,76183,8ef535a8ac6955fc166974bf9e9b9732145abba81ad1be1866b090fd5c7af2e5
4b6c86f2,102052,64d0d2518f43d8e79eae820734cba7a5d47f51d8f3789fcc41a14a06a91af843
4b6d9564,90412,591d5f38e152729a553fcd006d21c14e0ff531ebbf4ab4e8b48c093fb16faf3e
4b73cc4b,77299,501e8ca14733c41177324a80a59f770e6b7d65919ac3754d09114ba1a11d6194
4b76c564,111511,b2d67786a4c1d42904be83e15d24f9b047d93e7157d828dece955f6149ec990d
4b82ea66,97931,88595146ac2865fa4ecda4a6d6e11300004904baebeb097097687a6c9de9b8b2
4b8c8387,104287,c83b285ead0ebf63c0525e0d8d00d0f9052a22b4c0f2c6f806570177eab834d5
4b973033,111479,cf5e23722b5d194b5d573ed0aec2b5f656d2a19585935d3664d6b511731378a5
4b9d7610,100636,7b1754dc63544569d58d7852fd5e2dbddfdc653f64e886e6959294cec2eb9aa5
4ba35d42,49551,3f5e13584fc248df205df813f7bc31e4de28c2c0fcba5397dc97cecce70e157c
4bb8bafd,98744,26a8fce6a8757979dc637d80be662a8a5f237d0716ee4f653bad5879fa38f7d7
4bbad981,98020,71aed485dd8e2eec84ad4eb8e72e6dba9d9ebbbc392fb777150fc527b657ea0a
4bc39994,68532,c41d46182d74009c0c4d724ac7f3f3541a7971d797b0226acdf10346a8730d60
4bca4619,117022,aa69ea95f89a400c16e530217f9bc0b1ba2efd977e4509f4a72dbcd38abfb6f5
4bce7639,105927,89775da598d917eb7bc920d514743721aceb6b7030f62fa588d8507036d2f571
4bdb800e,108002,6e9de37e05292671550be7ea6bc70b0f688277a6421782db920c570a8b3f73af
4bdba844,104192,802c89ab8cd9283ec0c1e1bed9654f229deacc7f9326577dc3c1f28d88e0d743
4be1b011,101117,3602d13772c818a7ad3e66893b8120b87bbaa92ebe65d2ab034f6dc8179395db
4be2c892,91010,6a31353e6fc030e60719e0b4fd51013162ed0fc4088275ff9c9b58bda524ea32
4be65e9d,87421,10153f830ffb624295a521d6fcbefe126d0562bc839d6924dec2620b946815b1
4bf1d8fe,1047784,3125fdf99caecc56448b275671cb09c09ae5fc2efa8b8ce4d6fdcf4142189639
4bf5bd39,100651,a5213a636a567eb3300ded24e2a4f4edef6fc6ff217e80087955115fd3543186
4bf7bdfc,323615,c742df740a2be287f74efcaa7f79a74b1c20b425b056cdf6b2c2b06f2df1d449
4c05a315,345239,f096658f754cb79161384a8be248cfda82a0fcd508379ba5e0d05c0003e78a6c
4c2231e7,95118,c0de4a1278043832410571b416f6f13e85ac03af1c4f5e5824521e8267d57826
4c2e51b5,294248,1394fb4c34d0657bd7ddd0815e7660cbdcd0e6947881070d44ef79ff65f1ff49
4c37c450,74224,8dc1216188ac2b837787f03331a2ce3dff194005e54059ac3930ad994e97d572
4c4764a9,92451,85e153f5fa07b5591d4df82edce145c05c715aa443f3f782f5a3cc3d48166d9d
4c5349f4,100147,91056fea2d740e5b68155593a0282829e277b759a4039d6b82125e2701fd18d6
4c54d040,107630,65792052b03893bac9622055d4a4140518b4f9a9e55b0b0433c60e1d1b5d9b07
4c59058b,71922,dc35902ba0b251f1c2c50cca2e1ed9935e8410a12233b8f7cd1e1d2352f59266
4c6573c9,342738,5457e2c7f359f0f215d448634df1b68f86a1b924ab15f833ed31dc80e4519617
4c6b905c,107216,a8d4a0d9240235f1fe9037a211e8e7a65be4901c7290e4795c4874b32ac59901
4c6d4df1,74726,8efaa108e7d28322b6d0ef8fead78546aecf536ce3f9a5c5e02ee475773b1944
4c6ef308,69707,86d38d43a3807bc11dfce6421a6a1912f0ef698aab5e6df270e5f1c0a22e6108
4c7e08ea,75664,3fea90c3a3a875a782eafc2bdd972ecf1795d23fb75c0809733b6ab19f59dbbe
4c8e673e,105966,37b606588a9854942ddceddd76e135bb6b00090db0ce8dc169a25aa0c0c5ab2c
4c964bd0,82058,b1b13cdb9aa14e671ff6906559dee739540977754ad92c3f88cb933dbac1071c
4ca1136c,123940,47e138828e7dc1ed232a1d1fc2f14ea4a351a78c4e515aacdd6ab532c897df16
4ca52fc2,62502,ab8c64e201ad19105064225739e76b6d62519a8fe15602f5a649fffdec9e0234
4cb7a552,91358,69a8129027b0c2df30b16b95d08c55b09c995dab52aad910b05732a9274f0e3e
4cce8cbe,76016,515c5ec3d92880646eefafb50f25feec83aff060b0a090a97e55b289b1c0ce5d
4cd18f2d,327117,2677a4e175d90dc44eeef457df9ae191fd5da24c3b1d432cdd195e231a925081
4ce96486,77818,8a547e6aeac8431b043969fc0bcfb29641011a056c2f5cea29f2129d45e16e18
4d0353ea,80509,ac6d5900c2f1c8bc37efa879c77803f174fdc0147e686dddd5879c36b0a1e5c1
4d04c418,94214,b1c588c7c08b8ffcc7ff0a1ce98ca6c45cafab3fc45ee9679921044039e1c2f0
4d103ca7,84629,6ec9df6068dec227971786428eba61a432cc6d6ae9f26f9d3dbad7b3960721c2
4d1d25da,86456,43096e8b764b53c05d89c91b8e38b37ea10a60aac36f3bf6cf75dc5df9b64557
4d2133bc,106397,032a13b69b653efe25142b8659ba0e1ecc9d855bf55f208a73cb4a53c627b6ee
4d266d45,86341,ac3c033a0e6128e02041f6515eaea49283bd521b8ce0a326257c9983a50518cd
4d2a4d7e,84273,6a961759921d8c137d5484c75f749dbe0f9e28ef7aae03220107cc6d2b83fad0
4d2c8ccc,81415,ef18ce834962843a0211f982cc221ba91d28178973861ba9f72650d3fb758348
4d2f40f5,1999674,3af1fa0a9e8b9acaf9934074ead379977c91af7725e9a4ed97022e859b7ae277
4d358c5e,105569,fcf8abafdc271bf9384c7c02038d0a55096a278201714f249fecb93c53e3df1d
4d35b1f9,114248,106e68c98acd3f93404ec34189c189bb8c401bf3a48ede1738bdbba4b46a04f6
4d3a5eeb,105829,3c9274387d1c059b486b8516ea180bccdcb786d48cb7752b3ebb8f924d16d14f
4d442f9b,63192,b193a0be5cd6f4d4d70f852d4eb26ccf5c0f09df402cb808a5549d3b463fed2c
4d483496,102882,9fda28750d8e0469aefcd65a0485f78ad269f999904d1a3a0689a3c2e8b53174
4d625458,106485,9e4ae4e940c26466f0df4bec51b2734e453abb62c1efc3f4856a76b404b3146c
4d7514b4,64974,63938f2107260c833a684d247d17b156fe5532551cdb2b49627af9efa41f9d20
4d84fa09,2381411,7b027c832246e8e75d4df3dd2aa27b385e02a89d797069bbcef55f34d12a4c39
4d8a75b7,582918,77067c035a61865fd1941a81e4f5acbb92b438d14da908614e6ecbde4efb51ba
4d8c8580,73789,1ac4fe1ab24b791924e7743d6b2a60e14974253d2178a38cacb5962a8b88fc7e
4d8e516a,101470,4e4ce03ea873e848f9c91b5fa2bf94f3d528cbde98283c2ab3df99d29a85b7f9
4d99f757,105288,b20a19a39e5652dce1772cb86c4173fe7137e4a8d3b72304faa08f92248105f6
4dc6490f,98876,02e1306ec12f632a440a466d912a8298a2427ac9f3de5e4d6a70b57619103158
4dde01de,1281642,59f53a9f40df55e1ed4fc630cf42dfc2f226acbf56f6fa41b31ac0891be010fa
4de5671e,91993,503f51286643a1eb68d593f53422ed0e26eb80dd248dbb9a1778c77cb4dba030
4de99e24,105642,db11bf70ab33d444c93e0f3bb5836787834a15958a35132677833763dac92e5b
4deb6196,100342,10b445f4aefbc962c31e3bec9674697249a76145f94a83901f5341a859ee57b5
4df312cd,116612,3b87669a12914968badbc2f21f261517355565856edc7ef34285feb4c639b65d
4df4de42,118653,2fec592cdfffc01b0d2765379511487cd49c77a5a09a1a01a2df0c61042f313d
4e0640e9,130882,4288475b6cd37dde1826290c4d53c4c2a3b0fb12aeccc169112a52b8bd66c1f3
4e10baa2,64606,cb283870a5364f1a9a282ae1ef426bcf941436eb79b4c7c84d178b7e3c0e9f76
4e12a4bc,115569,de9ff1c34ef8863341e0841c2bcab24e02f7639e9b1763b17b1a6cced20ee304
4e19e49f,83194,ccebc45b73024e7c2e7b8995029f2f8702529253ce86c100d64d90987f0b39a8
4e1b457c,73605,dc4f51ee6da0da6d4022eae942613379756f892b6cf4ef7ee97caf44cdcde164
4e302653,1196777,73a800de37f1a28af8708cac0977afc0ee99dbb360f89e01ea7189247be7b797
4e374ed7,108426,17d8826fbb2dd52c2940dba52c0e6dd6ddcbbed750cbf3b572edc5455689654f
4e3d5d0c,452611,5d4e5c713a56a95396a38838b38b6bba0900694f060a67924eca1f93ae09d4a1
4e3f9f09,113796,9cb106ca310d0937e22e7db50b692f315ff3569125adadf1833f73464328b2fc
4e422e8b,129142,a9a794ce9e23a3e080dc04db89fe0325c74b8232ff13c66497eae4edb29ce4d1
4e568798,92528,e6617a842cd38f6e906553138d2deec16f975ad2e0c817edff276d1ecd50aa70
4e5d489e,71760,8a4d5b6030016c4ed6f32659e069aa2f765b0da7ad9dcca78d53774914dd8448
4e6000cd,75558,ac1fc153607a51c68be443b695b8c14afda04ffa2e15982d2e069cc4c433de6c
4e6b2ace,99095,99fb2224e655a4a9dfcdfafa488180419a90f616d47804dfce213d0688b2db6a
4e806566,75955,e602f99a73eb65f5ee309fd7708c02590ec3ada54d6b300641d1e5042dca95b6
4e85cfda,81927,888c565036272ace71b83c4174191dd26070dd71acf314c1f0aa1970413ca1a8
4e8b5eb5,81841,f8a477418b6c34f7f0c7d3b0067125dd3526a2e7346d4d0ceb968c214d27a770
4e90a016,87754,82ab1ccc32fd66b0887a195748603f3272829754f008b79131079c8b9a698191
4e95c1a9,90731,5382034c2ee6f1c41a17585eaa15a9b5f7951453b52439eb5bcf340afc813d1c
4ea4ec6a,2283876,14426a065046b525453e57e6b6cecb4ca10f6f658152f9cdbadb53af6990daa4
4ea7730e,64226,566efc6ae91189133fc8fb24b2545bce0ae0b5d3e84ec543e8827144cb55fdc1
4ea991b2,105701,25cfa7d169df438687914e5a64a74152c02e0f96b1a031510f9c485c670e2139
4eab0842,106537,0c8662e505732ba560f62f2edfc441834307f4da95b81071575fd10211def482
4eacdca7,1712837,b6998db7e181645097964da0121be5f0487cd4eaa8dc34c1cd569422fcb3b37a
4eb83f5e,103464,04077fcbc6676a1f2c65b57d6ae2334cdb14b4a65aee5e4530224eade9fa08ed
4ebc32a2,71697,c85cf666488717c2fac15d203fb3d764232198b0ee1e1a2720068b0d5455e04a
4ec16c54,121138,7f10a125763e113bf5f5a844602fb036e0ccb098a2067723d3e49cb90acd8a9b
4ec28691,122444,3169c5862e5bb22611adeb853ffe9eb71825631fa564582bdf7be3b34a7cfcb1
4ecab6e9,100244,bfb86be965539bc28ffa723256198851d60ce06f49a66df7dddd701b460eeac2
4ee0c9e2,86842,455d95a5d91f734f1e7b562f7224509e930274cde72b40ea9a4fd081e34c4067
4ee141e4,100314,45909ac2f5ba926c95dce8d61f5e5e3a7f7b7853d86ec9c3bb71557ba611d44f
4ee1f961,696561,9c7eab2dc5e9a91778cbb8019941a42a1e103339e65a0544be20f42995c1f52f
4ee7a166,74777,d6158bf8619ff37fcc16a684ff91711ec4d35e23261c0a018b57d700e104c726
4eec86b3,206229,09eee433301f380398a1a9cda2a5c1350845ca5bd353db493fcb468a3e860e73
4ef616c1,113238,901e2f49baf0d0b024bc6c63a502632433ab35265d58541b8ae16def2b4a923f
4f2e27fb,94920,50280082f20ac8acedb247eea0c31f9aa93f4f5bccda908b5dbb31ceb384d8fd
4f306fb9,108769,1f3b49b81acd8730ad1ae740f77ad8bf6ec7f445560db1b5317921ca0defc294
4f379457,103257,33b4aa74f4e7d251fcad5562a6a354d14e8ab14388171a2f1105aa72a39588ad
4f47d469,108531,bd023c01df4eb4436140bbd23a070cd5dbfede99e42bde78feda2534759ad4fb
4f4a04de,102169,876c74cecb734f3bd88cce14e198f9320a22a1b0780c3799c9696b9a6fa79fec
4f651881,81474,c65ab0724d607c17cbecd3647c56025894e0b95ec0000c22b3a48fe5739dfe00
4f710002,82961,b87c156e5823d1c3705befdbfb75f11c3033dd0d7251563d9118a35a46e8b247
4f733735,92884,a990fda913a002fdd5fcd138e12af060cd529752b82379c1decb41723b6091fb
4f74d868,83421,3e7c43d679c56fc1138b5236380f2db02d589d2779f64b234e641af443e1d26c
4f8cb7ed,105535,ddf7c041225a1a8259135449ba1cbda9b7e72c799b280dd5b396e606220019df
4f958ef9,83286,47ea4f648e9addd1d1e8da2f93438a9657f23e3db76d454e612107ddf3694ae9
4f9c8fe1,69669,3dc6059f89602b0cc07991149162f58f9184287b3ade3dd166d5ef5947423ff1
4fb287b2,77386,7c4e15e4724a14911b612574d8d7ae7c29711053f13b442222564c7b2ecaef1c
4fbc5160,80925,c2c38a7481f3a3304a4e138028ceceac3801cb83d8d48aef3e64ffa6d105697a
4fc57f42,76618,48f5da765d9d2810062e6746c635d4ed7cc8dcc3f4d5480879b4391c4cb30229
4fd7d57d,79103,dec723a45884a432881200f52f78f56606db1eb8f922a43bfdc25b1eb6e92c2b
4fe4db35,101299,a920a7f86e7ab8d07df6d883f51ddc248c7666c81e060ca7e8f0dbccce3d31f5
4fee54d2,91009,2135c8298a4454fbd768b631ff7bd28e2a66fdf4c31270297e433addf24401e0
4ff9ae1a,94402,c898db0bd1ed97235e2161fecb326d99e3f1c54c64d51a5e1ae9903d8daf51e4
50139da1,108242,6d9e3fc1e32b0783547f693afd5c9d7b0762e673f929fb34e66177c09f75abc8
501b51c8,94568,3de38b7c67f407a5bf8ee64c6aaa63e5a0fc0b4f7a1383d3045dd076da00abe0
5024a715,79526,ca1867ba45ce0869b49fcf3cd42666272f11df7a3f13008bb8d09f2357cc60bc
5028dd7f,79046,7f9a360f51a1e0fabeabaf6b528cda250fed9078ac0256e004d758ff7f478047
5033403f,98534,5eb1b9ae6dac6b43b2d5113d5d263b4fee7249de07dfb2f69ba6945a3b713f62
5033cb3b,1255781,940cd9783747ae1b2e624d925342c221c062723a1ea374f378f9a0f01a804d87
5040436b,101924,b014c18418c5b5d7c349c61252e520af45fbcd4b9050b19e6435e61416c31953
505ae95e,107311,dba578b6d55b1dcabe97453ab21e20efdbbb29074a9d956afa3d31e32ef704fb
505c4c2f,99285,65b1c4419037a54bf3680e81266db14d4d2095a55197cae3a272df9005d7a367
505ccc6d,91061,86b9196cf921bc4663e3e385fbb29a3faf1dfd83d29ef9f1a6e8123de03ad44c
50699f18,89992,88566ccf36c80b49a5287c7a39819c5eaae03d6f0a490c8cea4b3318f9b23320
506ba393,72285,d577380d7bd4259c2b9478223e8831874d612a14e52767fe2d96ea5add54cfe4
507157fb,120798,d653d0ccafeacf477c3db59a2a3f195fd9e7fba4eae2acea73fcf528790fa239
5074646a,80605,d1aee315e3c3f2233abc1f8678da5a527a89c7698db27d012fc68d595f3ac2bd
5076305f,640592,e3ba4e5c227a908e757d995c02afa03f095a3a36fefb9a9ee873e0d7a6c9cfe8
507ac1a1,123127,f90fd397dfd6e14a5af30381ff216ab4b0c6b61ba927bd80115638d0dec9a6a8
507d4d7d,107742,950edaafc5e94e6bdc41c756d840cc411a5e40af475668d0d70e6048f2291e9f
50bd1267,79374,b5bd54963b4023ddb4b006593bdbfb8d9e219eac9d98094dded72522e6ae469d
50c2da17,86207,36479d82a5c2e29a13901ae4dd377d8f23b9803537baa7a2275ed913fd2d0cc7
50c6a0db,73817,ecaa71ff05469686b26ba0b2b425761f765a4ebb3f8c8af86f26d2a2e547c3d4
50c8350e,70013,1d86b0d92ac1e671bcbc1e1e4f7ab42ea3d0c47487af7fb409211f0954d74efc
50cc44e0,76859,cdc7a7ffcb5ccfe45da0a3d2a1f6c5584777ca731e04a88a15e64d16f5d76c42
50e2bb90,80849,631bfbfafbd5d15275fa6cd408e8fbc188dfc77f9dad8620143b54d5606e0d97
50e4c6ca,91586,b13be2cebfc69f29a2056157fc4a4f2e2afecdeeffdaa4f7450783b54cb55d93
50e776fa,77605,70fc50ea0aec2803211151f3f106d619d1e06e71624a0d1043229e39fd88d1f6
50e8c454,87918,f74cde09f8c5b37b1e1e1dbdd0dff8dc0f4c4e0344789347e17ea777e254f752
50f21e80,127126,672872169606c4f0616b25cc770a5e2cc4f55b1f99862a07fb9ead2a26b7c61a
50f2c23d,118583,e2640c166e612aeac6ac5b02b3d61d418fb813232721149afe79570539b594eb
5108d06e,74966,50222838db5351a2194ddc20e45ced72de164321f7d3a7d8ae0c0d3ca7e04014
510aad27,120755,1b50d250220672808b2691e1f2097dba65b469858070393b29c4090c7d03793e
5116f062,102043,eb261473b640c932c5f5e20bbef96e03833a0494379b7d3f154c93c4d3b297f9
5117d3a9,92864,0979cd2fd634bf48c4109eb0a457826165a850abde450dd328ad958dc318f4a5
511cba12,86914,c28e2557fbbdaa3934491a9a98c6d3c0e53eb1aed04ce64208d21b2ac643da58
512c4f90,85092,fb8119efeffa292e4c38b9b4816de7866803bb96ea8bec06fc868c10c5d2614d
51313d7d,293430,5686dee68df003f98568ec8d22a3b51346820c4b2f52fb27c2c736427cf01bbf
5132b85d,113478,6e7c0222f4efb5be4ca85455e62dc76a3892c7b92d1f28a4e5def8ad4c52d727
5133fe94,2329521,4358bac9e67fc62c1440c2de30a6c39757893fbe138d6f9a39e1c120fbe2f2b7
51373ee8,102083,1d9bd73ae8ed48c0727d4ed7cb793c998506a10b9964eb27d998bc136fbe2709
513e5dd7,89479,2b540f36b96787fb3487da597c117c8d464f6910cfef4b59f20d5dffab95770e
51436973,109497,d575599b3cb380063e4063e9262f9b9ebf10d0444348cc086639e7f45e211be9
51445501,1790551,cdca5d7e6c14bd270930d27d171d355fa74b75f02452ea2cd56aab2a0404f4f0
5151ef20,75577,1e7013680c7dbbd5810ac58ce4bf695ebd513431a41402a8077ec22ad892ccbd
515e8c13,122929,a7e9eddcd73cc2a72903b0606948c3ec4adf2b9e12b3d65604910c19b10eb2c2
51682e65,111961,6c87da516837c447bcd8e8f448eda0025f4a5aad5673e02dcd99aca0c014b6ce
51823a4b,105027,c78a2f76f48c67b1485bb467ae6ede8f9faa7c74ef90275b667dc17493261116
518dcbe6,74788,99ecfa5e5a860133e9826e1e28b81d58ad01407305ef3f792aaa33a157b243aa
518ec8c1,99692,6777d66074d5144786cb19a8522b080b766ff2cf18c080de8a5e7b94eb2f679b
5194faba,86706,abd592390814b924d890f78d3a46577b6720cf9e2ee4ade69e9010414b670513
5197adeb,77349,bf4afc71d7bc05a69a1b274de07aaff639192971ef3ccb2889c31187cf16284a
519e1586,78278,1147ad18705e4ab726e9cdc24f0f3f7830cee026fe293622d55c6ffbd3b2f59e
51a30820,109646,540ed065242001f8e8ecbb2649c6a345850c5175c8c73b7d21b4e90d7858a5a7
51a4312e,110849,290f40eca7b8131679416e0324a3d458c1902ed124d1dccf36f3749b1036fd04
51b210c4,82682,6d23a5c27865c72472c33d7412b1db59e343fa358a456591e5a2c933a0fa620a
51b7bb17,95387,0492637e1726fa96511c16901a5ad6252f1d22f434cf215f4f26e9c6679edd2d
51bdda7f,90915,225793212bad647f4a6dc1fe62b6a31fa73dd9e404f98bffa337235b190006c9
51c84441,69428,1e3700fe8496d90fe6c3865de9da417015dd609407e67e24ce0d08615bdba10e
51cdafb9,86552,786ce4af809c41438e07064f720e764bfb89d62445dc688c125ebd5cad37cd36
51d8fca8,218743,dd906d54132b1dbe811196f564950d4829a094956103d0f464bd896e6a8f06dc
51ef40d6,108884,e2d4c4a37d17eae7a70d76becdae3cede0e33d9538d4fd18f5d98ee13c852ff1
51f36d54,95046,35f7add2b7f928e7a94377ef814f71d3dfa6e76b419903ea6e2ab17da82ec93f
5207149e,79118,214483335e5b9f31da71d599cfa527533dd5b80b5d9cc624b7fe8615fdc5b1c9
5207e783,105735,b7cbb19a6dc78c36e2121d933164e95373964a07fcb287ae2df8eb7e0b370aaa
5215e9cd,94805,cb648456740370c451329b38a84bf748ecb899e2bfc0713b076f912d27abb8f1
52286bdb,101509,0d97759c198e1f3d7b67474e5df705836cd2523fbf6f4af0bce54afd24f0b42d
5228f9d6,106635,8b694a62937c8ca05d5742cd00bea59b9638b26279c3334c0ca56223094c133b
52355cfc,100145,0c4e43d916a9418af04f9935442f91ab8c216278b3ffb507185a3e255d41656b
52361cb4,227895,8d339ddf7d4fd74546dac48ea10bee13de212ba15e2ff2009dd52fe6d2d3e3f9
524b6efb,356369,6e3e577d261923f91be03aeefec709d882bf9b66adf6f3637d974bc84701a5b8
52523090,388813,267daa818204bf6718111f7a6e974bbdf70212bf1fa1a9a389df6b0636be2f20
5261617a,286160,453fffa9d819ecce853ec56e70fe89279fdc899dc1b9e7d055112d30195a2a7b
5264658f,81258,f985e112badfd97911afefa8c5b93f838ac5109f2d2c5dde21985472538d45a5
52678d9d,101590,0f77ce6e94581a7ea19fb4458c91415059d42fa878be2b2df347623e5c900897
52679f80,94123,41f5eea7b4ca48a8a26a5af09bfe4de0208642f2394601f66f6a5702f4e81f66
527bbc21,70488,cd0a02862c4a132b5646a523f05e5a9dae19ae338999c1212bdfa3c94bc3568e
528a3f76,103413,4911d9583034fc1044bb34cc1a65b1e7e530b23454f3faefb162ec5e70a777d2
528f19ac,83747,9eaad515bb623632148dff50fa623c77b61f993ad0c148b26aabe9345177f84a
52a471cb,87100,04583450b83ec11ae2fbf24dbfb0f0430013a1c1b565747adf16675da618b9d2
52b73035,105207,69435fda7f3560724aed1196622bd1bf14b1e6a4ed4e91d9510bfb2a09081f03
52c07029,77644,b3de5f12ab6c75b51253d95786db84e50ea8327698f15db3746705beaa150d04
52c7e177,88342,060a93b53981f2d1694a3366ea6f82cabd35f62df7de7192e8f6c296f1df62bb
52c921d6,72665,d70d48feff0ddc950c800aa4c7487c41c9468af353bd35e9fea6eb918ea58d05
52c9a4cb,103051,b43d100211648cd82c8bfcfaf76bc93afd40740e3d9d74dc0b443b8a4342b696
52cede1b,103127,d047b2f6bdf7557336bf35dc510af886f33709378e846ab2d643ed4a20e7ad8d
52d3868f,100019,ab65227b0936cd487a935f20f1a6e568a6b053e0b80785b1092eb0ca7b7291c1
52d81de8,80910,009e91ea1bd94e58b4ba18174172bb7021d5222fc67d6eab31d344be743e5c09
52dd810b,105351,2f1b2fc2be75eb6441fd8b5d80f8aa4a352bb4c675d4d7756c614060751aeb12
52e829b3,80656,bb946ba8dddcd5700427e9e2b61ec34c9f1fb148f69a3f0e629434a1525d834e
52e891e3,108054,ac1f28660cf46a48ebb5efef5d9a456517c74220347ec7727c7c3f752c95d67e
52ec1eed,104734,50954324e29a9ec70aba1d4bb6b6b717c3a62ac1759959a3bb40909a05548c27
52edf6c6,77622,31e93ff9c458f5f125086200d08dd9af9a5c8e19ec2cc90e4329e4070b01b0a4
52fe5d48,88346,a030084646c658341a209f4d3a07431801e6684e7b2fa94aaa671b96197f9ce0
5304bbd4,134911,e0e5c98ec826366050d4697707b359d6830cec0482f9ff546abcfbd05a2f6919
531f36ab,82704,a689a56e6ae85b04a61d6aee702df011b7f8be899808850ad84e3faa20f6f349
5342fd03,76315,f87b71ddf8b59ba9a85bf9d133aa8d3557c8233daabd9f1950de558c7b137362
53656b16,74219,c733b15ac5bc12a18925e98083742ece089c4bfd760b2991aeb172fedd14024b
53673524,254989,bcb20055673c118f4174c987b9e3ee4bfb6ded6476776c6e168094a3cf68fdd1
53689d56,85355,ac9c363a554ab79ae60b87b2bc33606a5305f5e51294206d2e0e24c9918f78f4
5384baef,79076,72ff35c83f2b31e12313d6a35aaa049febd6fbf98959aaf7179e7e7effc1a66f
53951111,98551,ffbe04159d65fee0905046fc0b9101882cb305787f965b8ecd16ef3b54ab8b27
53999b04,105118,e596de98e029d7e9a13a69459fe7878cc6e1b47c67a7600350d3ef8de31541ab
539c07c8,72949,2e57f49a0d9ad2afbb1169d44e4b86ac663908715bfc56e49885f48a97ef398b
539e4a05,103534,546fbdeb0279d2e9112266fb3002c066adf3828edcfe9be2ac6e8f0dad3a9868
53a11881,91417,ca7f9b5a0db99f8f8b98c0fcb2550b3f5161e7780520ca7806bde28cd142598c
53a13811,110110,e960c028250b46902affadb3811ef79babce0740d3b1cb53056fa16217a0655b
53a1d4b7,2237310,cdd6ed653577f644918b9a37c836976a30b14fab43593ec06c44642e70d4faa3
53a43796,91120,f1a7a48176fcb18681b92de7d1610bd3566c479f27b58bf1225d6f2b897ba4df
53a6a387,320502,f4d4d394e43b037c56bec1095ed9009ecd86078bd3d747ae8b5d1b0edf0d4249
53b11538,79368,a8999bd85f2238e5fe1e0da704aafd1e8118e0abe1c592d0f6a70bbd82e45b13
53b131c0,100157,7330e16a8d3e72cb03fcb7dfaae644e3c3aa13303d4d4055cb3a5a76dd2a5bf9
53bfc0a3,59307,50a163c85b0591ef21d6d2d3eb8dafd4d9f33c918129d01674e8d609bd82c16e
53c0ec04,100077,857fe67563921e18f0338b709b2677321b7e9ef489260730fac77e4cd840ab1b
53d1d352,104668,37019d109ceb0d344ddda56fcc50d148656f3db8d1939f2cceb039648f566c67
53d60913,77552,2116c93378df6b81d651f74b50e24ace034bf55c28d87581237ee1b79cee170f
53dc9469,89126,cd2295bd613254c5bb1cbc5a7caae5a3eac97e1bfba56c61104484aa4004a9e5
53dfbe02,109778,d4b349eb5b2d5c591d992a765a1241e8d3031d259affdb787775338032d34ae4
53e64a18,107557,c07dc6b0fe0531a328e473347d1339fc690647828b94f69b4b2c42039a0c39b9
53ebd8ef,79965,afadf79b7b4863049fbd03abbee9e1567804660ac16f93b24484110e86bb57a4
53f40492,89418,e76078e13fdd50a7c2ad633947469e364d398c54ecc5dd0132ea2340b893ad17
53feaf52,92672,25b306d6fea676c53dbada783cd85fc8e9ebb3b01300b48c00eadc0aaf151dd2
54023d92,91887,7125686ef9b77f492bbee701c2a503181c736ccac85d991737cf37608c705bf0
5410a84a,91765,cd5e49b6e9d24d60ef03b418546bb7a4c506c679897e5916b52fac44e40faf04
541b022c,96541,0706575006bb1ff147e5af67445efbc8a714b7530d4ab1f49d87fe8784c2cb8c
542dab1c,477477,39198f998e89ac01bfad8fbee9af1acd07d899ced1ac2d8b3c9d53430119f08f
54349652,74062,e3695ea28cf2196eff6f64dcc3b06449c8555155388ea1f8b6131e52012dfa82
543bf890,128463,9e3cfb60a54c8a45f33747b0e6349bb7423fce9edec047eb07bb34c9a7aab5d4
544383c3,99036,53b4dbfc9ed26263f898adbf404b27a06c216c5706d8750c847e6db316f71653
54489908,103372,476041d894ea84b2062f314fd6ed3dd6c728c1a4a0ae7073f4346aff19764126
5450bf64,58469,b2eed3e11f0a885edbdbd6612127d4ccd89e45a7e0af59d39c29667157ef20a8
545f4fd9,72024,908d658203108bc1ac6813ce729de5ea44cd6538da00e7423ff77128d9b4af74
546a1fe7,90425,66948a5060bdf4b5dbe9068e0c90509e779c33cf8005a598ea7cb9675d7bd066
5474cc44,1447747,53146e59742e2e8f94716e59e1ae81b214ede47ed3231a0d1ff118df01732aab
54894cd3,118260,fa6dc6e82352c2e36c140b2edae57289a9d0857d2d38ebd56c10969d10ea2de7
54934e65,101574,5a697a24e836869017ccdc4f1c19058af0ec5e3b8eb0712ca18e1a91df55399b
549f58ca,75711,5f4b02b1f13b96a91cf2cf0359b69a152a0dd6171dd4e780421755e6efdb5967
54a11aa5,238417,4a0e2c885727027dbc6a6924dd7d7691a9e8d0ec00fe4e465a6d5fc4a14078ec
54a1a704,130025,931ec367b1d3f54c9a107fc7fe62333a8e6c3a31212fd5076d7d6add5393fdd4
54aa834f,110984,233bacc7cdebb0aac91a0d23a940e0b6141854096a48eb9253e3701866ea2f79
54b85c5f,107514,6e45c52bcdc1935a609ec586bdb33dd02ff5bae824e8a110462e09d386706e83
54c390ef,103627,2d032da8f096fc052df83392236af6c01f2ebb9a1b738f61063615f7332bcbf0
54c5367d,93580,dab6320028413c2265550420554ea3e9cde802ccb07b08e4fc6cb8440856ab7b
54c911c0,74023,ceafd6d2a2355d817e60e37d511562eb03d9ff8501f8adafe18f183b4ed7ad6f
54cab932,83145,e8d720f4e0faced14699b30b4e4c43642fe660c9182dc0b3a2f9df63aac76199
54d48782,86019,801f01ac8da621d3ed264a4fb7779b149eb8e26faba77765444ccd3e24bdc956
54dd6f58,101181,cf6b6756203e346d4ea0b5789652478f2d72d2f2f975f8404885519944c1ed1b
54f51ab0,81266,1f5d910e23d9e2f1ceff70306767cee80bcd5e5e406a1398d7ef4a3cd9c46489
54fa61a5,114549,73ad7dd59afae4a902c2e2d4a47a43643090d6e63ba610ff0e785a66becfbf91
54fbc42f,105846,7f636c483d9740b90c2569166b8db7059cb98fc642e1f474e84b61a677418dbb
550ceac2,93551,ca18d8e5b4c3a18ea5c23428777df0b28b6844c1a173445746693f7d136e61a2
550eabd4,105489,48819f4ed0932fbd214e9ca92c367ac7225767db980fc7cad79a0d246e48a6da
5512829a,109479,35f28c285af717d3c24104b1b5d361f78117ef825c1bddc3aa81330d5af1ff2e
55155436,90749,2bf86f81a619036c035a1e9cc6b1c537cd14e5ee96ef6676e047415fd311fd16
55257d0c,82222,66f8ebf917f04502bd49858a49e2a414010b34e3b42faa633a75b4bbac5220c7
5531d82e,118286,7fda54d1315fcbb85a53d1732c124a8d23cf3f0acb24b702f38a307276c26298
554b1940,107505,7030bbf060d60e96ca8fed3cb0f7ccfffea62e458ed4dc1d1d661fcfd8eb70a5
554d25c6,92898,15fd96436fd64a7e57648bcee6f1600d76cd79cd6a7ee280c24c901ec8b89ee6
554e2bca,83027,92a7fc5709dcaef6af63f7a291e7f61b0760a9bb300d6c1de26cabae85d3a144
5554e88b,99979,20db2a8060d22bd83d3eff886ad5aa4349417d0a575eefbe4e79c5beb987677a
555ac2cb,71676,f684875775472e2c0273a4b2cb62461dc579ec1aef3a484199510355a0ce2b79
555b88d6,77166,98dd610224b9245b657fb64950f66f90633b1a54f88e818da76157184dd47c74
555b8b22,89208,dcfe4156474dd626e677749d8f1999c68b44a59a46035956a0d3c5bd0eefb556
556829e4,91681,fd7526eac113bc049f7c09568348fdc9bb01f59fd0d9d10bd03b1fdb0b0fd071
556af6ea,74146,3776e45d76920c9090f925350cd046f36652b05f957ebd23ce2870e0e5b69bf0
557d9f17,76145,fe4450b9599077c7a46ee1c9a983b207667b93c0b813ea83921870f6c5ef4aec
55988918,92800,99b4a53d478c360d123d408d60625b7f249b94e700ddfd5ef79c5fc959086ba2
55aa726d,131125,fe5a4d5ab209ac19f522657f999453ccefac17fb477edff28bb25a7ac1249c6f
55b5de58,85150,fd21a147ee7f7fdb0067ac57443a9e51f1dd056a2bae7a85b298ac305dd89057
55b69e3c,465067,5d0f0c4230248c8464c4a41a1344b1b20d38c7f665681f986c3351a83acbce31
55b8ebe1,108289,f67a0bab78353486caca1cda08b359cd5b056cfc6f90595bc33c6790eed3b2ef
55c887e2,108283,82d6b3b843c931ffc2e33d0371fbabedbfb2099eca96d945d2bbfbdc48c5356d
55c8981f,82579,c4fd721c2bec8ec7cbe0350f5aa946822ca485ce922c01fa6d1e9c48f440062b
55df9fd6,97740,f5e55c95d7b117a1802ff1471810d21b73a4417e8c0504d87f490642ea61a54f
55e47aa9,99498,d194b172641076ad42ae61cc2394f7280e1db93a97ef8cf275a0d0d643604cfb
55e9c92d,94076,9799f0c257eb212da80d82af609a5717ef08093da789e95d1c9c892929d00085
55eb58b5,81620,e585db610f6de28cd41805816ddea0e5a212336384eea5ac9ff8d430df935c74
55ec49a1,81040,aa6b0e7542d9b106278391e87eab555f34dfd2c2455967b21c1980718d549324
55ee0135,101993,69a9116fea68bf6f025277afbd65e41f21ce2372ce8e890ddb7737f8996a99f8
55f049a5,81237,87421f2a5874ccfb9bef8d5daf9079122e9fe8ba24448e42f6c44e77a012fa9c
55f16bee,72253,5dd6fe5cb24e252a16aa49cb6a85acaa5a562000bd8ad5152cfbf4f14212a9f7
55f25fd8,92607,db9ccaf4b9a55bd5d2a58c0a9cd39fb7f5bebf7bc3bbc34e44e25a06b53c7792
55fa2951,82589,83df9ad434d51f2cd23313a0c66fb22cbe5be8c05e08aa6f115bcf4dcdd15b28
55fd12d8,100016,3ce29b17a4d48b4c8c67a284b52eff84ed5890c95f9d579e70eb10210984b389
5604090d,96529,d024d163d01b33ff3d221e45b1b71a2bae8523b7d5f6efdc9e1c99330240baa8
560c6e7e,79069,7077ac4346e951c8b2fbc096dc716d8387082fc11d6c1258397802121e44bd11
561471a3,105119,c588c9fede3b4118c8397ea77c9e2d092690b518d727d3187a957835a44f8c72
5617bf54,81469,fa750190ed744db78fa733c7720ea166c813600ae7efab2aeeb174c9be631b58
56187272,123397,0708a7550e114d2ce7743df4c9e857ab8a463a7b4abf5d3745f17bb54f85cd3f
562d33ef,103850,002a85650f31ef237a00c465cbaf0bb8cc53343f6a32f06817a984f6d04e1eae
5637de3b,75933,034801bfe28f7bf6a35caf1d73a819f4bd8d47573d4cf693c09092761e47601f
56388a73,112719,2a6367b1c92bbc3054fd078e9482ba9f279139821b6a95a7df9fbcb6551ffb08
56396b50,130151,0998f3ce774064039d2066e5f8235cecbdc50aa3e92f440b0fa5dc4cacf41b07
563d02c8,76272,bf973c908109b8886293da41a1710c7adff8442194b9228ce6f211dcde4a94ae
5662f9d5,67609,fb56dfd3f6b10ecb6ffe3a52692d1187c5c1cc805f2a7a60063790081ad5518c
566d5799,80335,4939a7770160b1eb94434894957e2dfca21009c09794019a9e579fa9cbca71dd
56706a50,101601,be7fc50b4b646eacaf3d77959a5fe1a48c2f8b7312520247e507834f9c5fa6ae
5673f3a1,97976,68fd1664522f4167f53860b1a2de27b56999bbe4b6ae072bf538d6f554666aae
5676b9f2,104128,871eed2d0d874361672e5058079c766e5f0a6f425bbfaffa93bb1db236292f93
56949cde,72974,034ed65435ce2d3dc148b5026a0d5fb17f5eb3a3a964f7bcc8c80db2fbca23ef
56a1bae4,113158,4e2306f7b6e8b9d0f17372e1c1293f7731e7043144cc62daa78c624170d98193
56a7cd79,76267,99bb887e29cc271fbac37c409dc0163ff7a583ed62e24648a3e05fb3c0b44963
56a962cc,133622,5ac44282bced5ed6f5bf3a6c2094b70585a45a69e3ab0943b41b9de814a0fb3e
56bd5364,100715,4fa90f6f3ef776246f2ab819974a2202e0778e0bbf19a91999ca4ea9fdd79e6a
56be9248,123670,bccf8f1cf0d6bd67cc361240356c0d6bfd8473c7c32dfed0a581aae425728d05
56cbfdee,131529,1c6c40ede9a1018da7efcd3c1cd706941894c7e46236e7ddb0fbcc414a77f108
56d60a17,79256,6413656f50a7a00f7dfd9ff90ead11cc3daa372d0762e7b50a2b210c9b5fe7a3
56da91ff,124209,f2c3bc974f44df95ee25ff3f09e6a2a133007e12a13c30ee0fa16c0f7d3fbd4f
56dbdaeb,110605,85d8a77809248482b4eaad78afc436ef2fbee2dc9556c4a4c9527b58d3477074
56dcd5e9,83875,ed5b9321d0fb62f465a471d71f53c11c99e6991bffc6f5a659b4415f180afd68
56e13ee3,86663,8ae73badd2b9c096e098c2de83797e9bcc57d6f6b7bf140ecd5acbb991d82ec5
56e58bde,109518,4f7e26b9e8f3b7522b384d82412892bcefbe578b3e41b1b7484b17828f87e1b9
56e80c43,118654,ef89714b6a2fc8403b57ec7e9e9acbb1209941e2e12bb0f181305a01a96017b3
56f481b7,112584,3c86a963163e1a37b6b66ac4441fe9ebe7c527bd25738ef5d7609c1877eb0ee2
56f6030b,82846,8037e508128e6376e8e3a4dbfe6a22ed9319e8d402855bbbba9069606854bfbf
56f6c83a,106419,486544194d0e85df482eebf9dcb4902a2cdfe05218eb46f2a442c5481ce6334d
56fe09a5,88220,0b9f95cfdb452219c379e80bae595fa04717e3c102cd2b5f0322f6fc4d470d41
570ff613,81376,872c5da9feb5e7cf75e99d3a5e5faaca7d96bab6c717d1f45faf830be244423a
5710fd13,103328,bbe3284a2e652326e1e4cb207584435af398c0c1a68fde4d9fb0d899e51e1521
571550bb,96566,b0dd06f2104a3a845efa23b1051a750fd34639242caf85d2aeedcc984ddce634
5718cfa4,356528,422ed90f62ce6b5efb62f3dd450d4f50e8971636a7ff42ce57ecefc5c7d3fdcd
5718eb39,96674,caaabe0ad4032c413024782fbc11c7d08eadcaab338eec84950673ee1652abfc
5722caf7,82427,4a2ea1e77e8e556188f70655242900faedd420917e1ff56c3b46f4b12fb188d4
57238322,89439,425694b11088df5a2b7c70d60b846d57e7dd9cd64806efe9490475391f068f18
5730e72c,119180,078d0519746e82f0b9b64769d1f919702e348204a6348238c1227af3eb2ff2db
57378813,81262,59cf90f9987d70183954612523ecfa25f421504a5120abec0d07ae8357ad8ef2
57490cc8,93361,e3a86a148b5bb77d07989f11bf5b8b32c7968005281ccb3a13f7330bf605a3d0
575053ed,79161,ee38260dc4bcf480640547b0a62f6035503e28b21ea15ff5d9610fe9b14eb1e0
5754cff3,131196,8d65069745f59a1e6e04dfb5811f0c1d13d426a80167aea7f8182c3dce72b93f
5755963f,3814260,0653345dbc85a217eaeeb9e4444d1890a77269359230c28ba9059facbb1e12c8
575af1e7,98218,078cd8bd77d984cfbd12d9f59c6250e70312d8757918ec713a4960cca760f48e
57608c6d,981879,a76eed940f838b9bbad9a1018143ceeefa39623fe6b5298b4ce27c7d67101300
5769a393,282902,879187863c7edf9d4a342bea644f80887a272591df325ed0e9cead41e99745e3
577cd079,106678,367d8b475e4c031ffe6542330120eec6b9cc3fcdb193741735bcdf85163a9652
578494d2,97902,b6708402a8570775a8ec293cfe6c560cfa7551ebcdee32d58318adc3a77203aa
578aa8f7,87555,3c78b1a5cd93560135e522741bb2eb9684056e6861c6f02d22eada2c445fba1f
57a86a1d,99465,0ba42edabba988e03a8c226c6bb59707f859770e8b85f78d606d4a150b314cb1
57b9c82f,317574,1790b3a2acd7e6ed0fb06f7ef59165739075e37c35f4412786e372636af5f27e
57bb55db,103802,6710bf07664bf8bad0826bb276ff62d10aadb87866a3c76b696ee6201d01f577
57bc2528,80835,9ad72a3a8c1b86217e0f8934b7acd20c38ea20d9374f1d1bead86106c350ed0c
57bf34c9,3935206,c36a710a012b768568e6d20c9ffd2fc88c81acffdbe754462773e6e25bfb4cc8
57c965b7,83407,02188ffd9af3a6647826a9966239a06207b299957db6ee708c61b82f0991fd90
57ce0311,87828,3bb638ae9aa4f1e717e9fe12015258a18d59c18b983456f7f059e5d566cc9f97
57d143a1,103375,4520028a787deb8517a0a030e4f6a42218b76a2724674f8d8b7ec40f9a24c42a
57d8924e,68244,b949b4d6e1fbe72734bdea1bebed333cf64aac7348e5a00b4450bdbb93e1f3dc
57f12068,203178,9aa67fcc9748763b6bbc91020847e492aee37372785fc5ef57f5e55e212622ed
57f3f695,90992,ebe2bbbaa9ddb500d8bfa6d90e997a74d0e84ca6b1d4d0848a294eb1aa69a139
57f488a4,70787,3c1370c3ff2da66b33c7c9ad7e94e59eea70e66ecbe807aea4cb3a45da9cdb0b
57f76b3a,93313,6a4aab46c90fc03ea4b1d8b4f960335af05f0e9798ddaafdb60235a7dda5de29
57fb962a,77926,63a3fdeed5bb7509c656b46b643508bb6135cec374b740b056baaab79e81b7e7
57fbe852,86057,5c170861e4ac7307a314186b5e4d78c2d40ff718c6f7d86c28552d5e1c6ea963
580d933f,87402,bd17549adc2971be58591fe0278831a1e136ea4c81f986fad7abc014c9a95e89
580ecfe0,71359,62075c106b392e1df1de001d4862de6150e0d8294296fef367f3789806ae35d8
5817c629,73865,0c9fe53564f9c7095239e1cca44722db2ebdf76e0eda5e63c5b609055c1367b2
581969ea,85999,3c34aaf8181770446c1f49d19762c931c2654d5d30383c0d3f3f9c1d37db0809
581f6799,76521,dae98667951594a33894c37b577c937d3c44728e4a2b2333629379a0af5a02ef
583c4036,114020,265176f9bf49144eecb4676f9f5511eebd779de6adece54c2e5505e2a81e1e4c
583f36e7,101059,343380fc991354f60e25d248fa0135df5089000aa6be4d8c27c7b4d12fd8ce6a
58426eb9,87086,f01748a4936b2a04a63b32c8d16a9e1bac94cd8453d5c13fee0a1ccfb961a99b
5843c39c,110223,98c878d027bd462b4099d9b6f21048c04277e506979171cff97ef06547308c0d
5847442c,573745,5842b6e4306311c2a5d67e4959697b5f21426d12af841df8463c395109d01e42
58474843,76692,ee92d44cf40eb600f18d431f53d427b35f2c18254379ad0d74eb39caffb88792
585d7672,96921,afbc962d0d558d43e2565d1133bc34bd18835f52ef48cca79f0efa2eaf0941d2
5869cffb,80556,9eaf4bb615c559f8d639087c7e20eb7e49d1bc4bcc0aa804ec8bdbdd67dfe924
586d36d4,99197,570594f9be949445b3198ebd9081f2d6bb0753e7316f8410efa719ac21983f93
58732d1b,2201445,2ece98d28eff29b9cb9f9796e43ec840cecb0186115c14a4a8f2dbba47f6f1a0
58776b66,84804,f88e0febe9cbf9f0e56470133e8cea6b4a5ad0e0c577c60a178d8571b334e84c
5878253f,86236,e86e127eae918b58a1d5cbe9301eb6412675d683959a1e775d336207d3cc9eae
5879d87e,92132,681b6a31a049e1baa6c7d898d453fbd20249a1c5e3ee616852faca9a97dc10e1
5879df27,72458,2eae1f056d4376d1328216b16ad5fc5bee7c16c70f2fdb4934974cce7f09c4f1
588e39b8,115410,e9a9f7c0b5134cba0b9cc5c3533940efd218b4d72264519ca758ecd571f4ee25
5890e0b7,81566,bf0c61dc1d3d0dfeaa79dcb2166fbe428cc768c1a495fd1f5765a2487e60aae1
58975e37,81875,662a07b48c02adde9d790558987fca1c04a167c05faee2daf078171137b404e2
58975f45,83811,eecfa0673d51ce7653da1729b8691f091aa0fe653154a7fe9d1b8daf5f567991
5898336c,113716,531bb564b2b34c39805ace9b806f7af0329b9d91bc5359b837c741accebc4616
589ea73b,97384,2eb3c60f14fca039e1c7703e47c4abaa72d66bedf87d653ec823c34431d41e6d
58a3fc4a,113870,460911b11ce1317fccca4376bae6dafdb5846a3375f1686295e66978911a2ba8
58b0ab7e,87074,4d67a381b7366b964b5f01bc2dee1c33ddff0efc07e7679c6d3565744109f02e
58b5f37e,108426,595a548cd255f44b4dafdc22ecb4d2e6bb8b09742ad94762650546b8581c5d22
58ca64e0,100530,a8249562be60f6b28a0d80870dd3ff96bf041ffc409299a7171369aff2f56806
58cd80c3,99476,c0ac4f959814c882bbeebe43adb4d656dd98f6e68b22f1c50183ae26fcac5122
58d1e223,102950,1fe900393a48926e541cf64adc767a3970bf4380227086b9e32049cd61501984
58d25ebe,93556,84b0cda23af0d9d6f5c3a1bfe6aea04e926aad4e3aee8c06a0fadf2d2ccdb664
58dc3cde,93381,cf7f7791c161f0474ae00b00903465195338ada8702ccd96cb1a0b61ecd7e3a5
58dcc052,88647,7036ba6aa267561f0d3c7ae04b4d0961734bbb7bd2a15872917094450614b89e
58f166a1,112292,d07084a5201b308baf72f59019d90c7bd519374a3615c6e56c7cf488167b054e
58fe0e54,102660,c118599efdf76a36164afa6fcded0b862deaf4475711140cf69dc33e6cb8f7b1
58ffb90e,76050,078e839517b8dc52357bef67a52bc538e1f086373aa17515a5d9f6d328463afe
59003ef8,2019719,2a755ba7d3bee85db371f948ec86e7b7209a8ff8127bbb7bf1f096fb51bcca14
590b24bf,74507,4c25cb0d5b2219f1d88332ba4b1edab1f430248602840a3f4a3d13fd1ff35061
590cbfbd,89005,a1155cd09068c9c4ec2076b819a9d88734397392e7a51e26378dd5ae93f64d2e
590d9370,115455,217bb2f9856dfce0b366bafa973fa8f60bb963888882d74b0ea4e4dc56b080be
59132552,103031,a958370263257595f9bcf210cbc57f404485db231ef0412ea62bd2ce0eeae6ed
591ffa34,91358,5888d17c798908e9ad0dfa4f207d0896959ea83e2194adb38b05ae5ade134bec
5920ecde,79364,22f2c7c66e5b1f0b35e40c801f15326210a6c6e9b0b9457cc25eaface5a2f3e5
592b2ce3,69812,0609ea9fe44d1dc4e2de294abee0a90ef394a9f67d058a0ed346a8d0bf2a88e5
5931e107,101965,592d031199a189051c6083c3c515225e5b75b965a156a1d04248a0b1adc9b4a1
59363799,271779,da4d2d4637feb6cbfd8f9d8b913baf9aec380c9c1f1d2f75485daf0cacc1555d
59415215,110242,c81a6b172de78fd74ca3839e0fc8de27badcfbe0585efe14645dd7155682cbc1
595c5573,304011,a5e13d612bfb08c944fcbb0dd5b2f3d1b778b8cf815c05306b2cb7c2c57d92f3
596c4ecf,680764,7f91abe49ff49f64c070677993afd8b7f90f81b945cf4c7493d05341467750f1
597432c9,89515,9610407ccea5b2db509221ca39dc813cc4577b2d1e1ad4a53c1bc5f47441ed7c
5986cff8,101170,c20ef8843b76bffbddf9ad08eedd1cf0193c2ff9f791976762d8e4a6c6ec0222
59911496,73994,def77956a0a8d295d8e30ba93370186e0437bf73cc1faaaad3c30e7a3e730035
59a39e66,102573,647b8d436eb863c99bba31630b83dc6828ef50a3c2ab3a5cb26310c040b987b2
59aaa7cb,95430,4deba9d0d80f0817d6d09c7ae360f62be9cf42336f99a303e5fe0a392346cbf2
59b1df77,110587,59b7cb77e1177064a3140924270a7ae2b80d6d98acd0c13dd96d5126f8cbb0cd
59b24892,117828,3e0a90d7d628fe63c1cebed84d918a4329bd7666b707b3aa09059b863e68e79f
59b27776,105155,bcba562f3833c956a598fee1fbf3828f807ddec015d1bf5af23f9ff686d8e982
59bb2a8d,86546,005235484c60cfe0d34304fc7c1ff5e169390b8fffb36359f9b46df8051c591f
59cc3733,75222,83f06ffec78561d15ce9aac6f8d581320751dec52ab473fb88f634a5103b08c8
59d30ff4,67488,51a1092746314dd84dc4544e7c0630d989273c301b2c56531d251a42ff9caebb
59dd5709,106179,abf28d3609f8cd77eba5dd0a8e423ab7510e1948158ce328e01a2ea05373d90d
59f367d3,105210,c117cfa9fe7cb0689eb144aa5c3eadeb469c85ebce4e1e96d83672b295513d90
59f37e15,1424047,97475256d5a7b34cd4c869d16ad0719f7985af0441dc68e0ca91af5a4c9a4977
59f5fc24,81902,7ff2210e540a9b33eec3b50a4e1557908ba89bec435faf84face95c0554ba92c
59fa0df6,90877,a4d068ba70d955e608ee41a8c7ceb4a71e527225215da15ecc7182a107f54bdb
5a016816,110424,68c4ff4c35b92bc10290215927a4501267b16ba7fb48b39c3115332f5b9fcf4a
5a0b789e,101169,e390dbcbc7fa348b554180e6fa2ba0128e1660caf8a74604e8071ce85f73c793
5a141914,86346,cf45214f22033506060b81735c174e4b53653de10ad993f9929df6c53bcb8159
5a17967e,112396,0347a39217a9ee41ad4aebe289cce05ad887980dfbd36033ed9ec8f8d88dc21a
5a1d8b4d,115131,ebce4d01004b59d9be2b3a38d4fb231a15d0686cfe5e9447d0728fa12f735d83
5a1daf7f,126280,4be543e35a8aeef7c2e46e533e62ca9dabf7f390ee0190a41f5a6a18560451e8
5a1efd3c,113229,a691d9ac3f79a54406ad117d1e421b87cf0ed8950b983ee48db0d5b3c1e3f1af
5a2b9c9e,129215,948e5a56426f5c42da4af2e1ace146dd6cf1cbcd98891821a1905678c29b2a24
5a3b1a5d,121883,cb97ccee21a70475a62ce56a062ba5f83646627aa027d2ab32670ec8e1588911
5a4b4347,70596,d52f85cfd86dbac389a623a5cce7c4401b44b966e1bfe2e83526ac4718e41d89
5a667fd4,82299,46e5f835ccb14ec0e12b7fed1a65fb00062360d19f8a6021bb4eb3f1c4ae4622
5a66aaa8,109946,97c386767a02b79c77daa0b72073adf53e68131ce97bec290c46e0488aabf69e
5a6cb6b4,73932,41eb9a1171d5fabc3bf69cc02e14f8b78ce60a4e1c87a2ec2e66d7046f859bc7
5a77248d,102910,6c120b549ce96df27b96e1f174eb364cffcc86987cf1cf04af733b4244f2b930
5a9378c6,75457,b770ceb20090ff6e737bbc50da64b650a177d530a69f76efc6d453c280366d7a
5a961cc0,106572,7024c37702c1f75f0c7dd5560e5838f1f42d9f971f062d21b3964113f5c046e6
5aa10096,80558,d2a0da00e145dc3611007906af033915e6e4b14e8cdeef00663623b424e2f75c
5aa429d6,105312,17c5fe80b810d9018b409f5bb0834e2d74cae67e1b1d7f07c14d4601922a253c
5aa534bd,344591,2fdce7400539b294b07ca17e2686e2d8dff29658e052c910a4ab6e9fc43fcac8
5aa59d3c,69109,2d8c2ac9e031cf37e0087ae2b127e070da21edb307819c884f00b1d40ada8654
5aa60c27,100135,094ed104a7f7954e35d6014948381538864e2c16012825bbb75d53b43d2fae4e
5ab69a7f,107124,debfba4d86db127c2a394edbc14e852520119cb921f7f92a03e2a0298ad0020d
5ac58717,79654,e1ae0c2d54c4f70f14b5149a7147fe18a6ad06f9b27b99b4a3bd96ffc5c9064b
5ac81cac,89659,8d017ac2f4b4acc80938fda33d118a300ceee8699d9725ac56f02bcaae28d4a6
5ad91e45,66181,670b83fbaa2033cbe88c152bc0b22cd1bfeab2989ebeea1abce7742937380c5b
5adaf9ef,100360,4839d2745ed9865eecbccb51a4ad8e2aaee39993308c1540573fc80657e82695
5adda2ab,114676,51d339940a27953128e609bf5ab73a3818bb6c4f86a223ecf2038f3a5e3a80d6
5aea9b03,92065,47c03a7824cc01bec8b59ff859f96e8d2bb72c0431cfd5d62f7fb83ebf629927
5aed0da7,73207,3493bf674615a6e07311b00b915eae7e4c6cac6aa2e3352e1f6e928f509f35b7
5b0c2772,104893,faac15cb9455b3ada9b1478d0e0fe46dac3283bc0a3f5d87b5c0f96a47f61f6e
5b1bd4ac,98858,2625e84e1740e5dbc0753bf56aa166b21add377d79bad7487fc2681ac33f4c90
5b1dcac5,91231,1162e609c830cc75d7d18ffa1d6781a7b7324e591b656e27c3452c8c659b0908
5b243e76,104831,b50e8adc9f90d54ab4ac66ec3f03e32e052581a3c02b4b25abefea6afb20c7a1
5b2c17f4,94843,ace8f7a51ef4a6888336bef13899d26790d1b467e50c0012dc00ac5e848e05fa
5b34bcbe,214257,403f8213de6f800017f32f05fa7ee1ce796c8a71a9e9c7d22e0e1d6672a77d2c
5b3e3358,87017,9de430c0a02d5019175c54f611caa07fe2f0a8998f1e60f802e5fc0fed33ccef
5b4130f3,107261,ac9f94e04347936c7f4a802a60e4d6c9e433665097ada75c69517232cd66beaa
5b492d46,80007,79f5b5d0c792bf842f639a608520e643c4b09a7fc1bd4216f546f22d05ac60aa
5b68a5dd,61898,0d0b6113a9d55130b7ec091eee9a30210a93a9f9a0558250ff2ba32f4144e3ce
5b6f430a,106391,7e081269067ec812a2ac8f4c13bdb0a488d3d4e1fa60bed1920bf7504d2ce75d
5b74f583,78815,946a52ec7ef3db41adba0fcc71bb905a09c16c8ee86ddd4062cc5c17de554fe8
5b75d1e1,116820,2c74ef37dc6a2e7fa704f26473888688a6243de1a9fbc203f5a62e38427774b6
5b7cc559,105848,32db4c26d1f44b5b4b6e24093cbdb029ecab7b5b4f29945bef7af5d842ae44f6
5b8288e5,126969,03c341ce3a9fc8e92fc4400ce76d088945947d1ea36d51dc805ae898096a79f4
5b9a634c,81575,cc629896e9245c86b2d82ce652713508a223d8571d516870a3ecc99cb2d3c2b6
5b9aee47,84811,15cdd9286073750122f6a43d223b18466a403cfe71f14fe4ff20eb638a43790e
5ba0b5f6,79781,d16980be81cc65c516df36b0300d6a46ab20a98add11a26373fe8fc164262adf
5ba15296,69501,ed0fab9e6500bf23870a02e34dcf9677603335e25c530186d3929a2b4fa746a8
5ba61c7d,115374,6b5df12395785579d51db62e351ade71dccc2423c8f2329e50ca104890cd7882
5ba6674d,111955,2a2b1c003db43cdb427711f393ee8dd57ef9b3a0d85277b66dfec2e62ab7eabe
5ba735d9,89469,3986555da758375c35c222c4ff9755901915e17caf8570c9f93108f3e52f8c40
5ba7fa33,117500,c83b6b4317c0094821903e88015db8c158dd6137e1789cccafcaaa93616110f8
5bab430e,72674,fe7333aa073753f750235a1652d1f24c1cc53f30b2bd6c92674cccbf5d34f932
5baef670,106651,c6da9bfebf79fc3f1e5041d0df9361bae2ec100fae73e6361261f867f549ae11
5bb8c912,114721,ad15f6c300f88f8f80bfc0d059c81a4ba256f52c84fce25a4dbd47258bd7f1fd
5bb8f464,77236,ebbcec3994d9c10b31c743e4024aa8b63f6835b119603b7685ffb3fbd5c3a2b7
5bc96a54,99206,68f54c9521cb4cb3d4c9bcb1bab9cc7ef645a1c6691be6e953d5538e91eae3a2
5bcbba07,102919,75382ec005b608ac4a4d6d19dccbc742e182143ca3dee079dda8372bfa457b90
5bd261ef,107177,4e8ba8d9a61fa582342d842df9554d9dc6c8afb286e2fb26436e5026467c8594
5bd9c354,78437,607af0e6b52a08d1141dad55a0b7b7b865d31881ead3dcafad4da0eb153699cc
5be45d8e,48647,5b9e8898da4925db6e7d06f31d813fe294d6ce0f752eddd9546fa590d475c6c0
5be4f8c7,108088,bbf5c624e079eca0a9dc07cc4a3863fbd35327c33d118ccf8c4337d79ffd1c7a
5be58156,111984,642bfa3a66c62205b51334fb9f8b4803c3bf6c9e434e2789b42b1562a135f5ba
5bf74579,78012,f3b3b71c57f6e57863cdbeed3366750f62025c461f2f7b74be2be51e3b2a973a
5bfd773c,64311,0d56a0cdf692b84be9e2f63562a54f3603bc6565e2a2ae8b3bdf7bb4fda23d6f
5c0bb1a4,73055,bbeca3787edb008e7f6d8a8847e14c1ab4ef31386c18696da24448695622fca8
5c0d9fbe,90076,a74590e0c3286cd3260abf39f87c9b51f5fe1b781971df6b47db32e452e1a665
5c26e3e8,94963,26bce166cf4728094e4a56ec6168f44edc8bc8627abf74f2f6eca4dbf9abc567
5c2a9e44,114285,d8851ae7ceb64318d200637856e0a98dc90d8f75a0ec80014bfddbef85a3cf08
5c2c43b2,91453,649e22562e37ad0e78e2da2608578d50f7c7fa770e1cb6afd4707b9eec3f8e67
5c2d1b3f,113733,642d389598480fe714021d1baa1191a2db30017761f7cea445f871c106044686
5c43f54d,75124,ceac03a352b02b7c4e3402684aa2a5d4b4b6c040dd887e8246b2e167eba9ece1
5c4ceebf,104012,f60505ba80d9aef053497c61f84e057d3c15d13ecf1221c50bea115da9f506f5
5c4e5e80,712367,42a8b1db16d6ad55a9ebb616e1a96223fb09e1f4ff0380192255a0b3f742b779
5c516510,90422,18a3a182780e93339c04976f66a3573e7393c03b244eb401bbec2ae20f52b372
5c52c329,109369,7264b8d94e710564026c27b4b3769c041fa0cf4d0ad90906271077d191de7c07
5c5fec6f,78020,f4e4632ff35974b5b988435a8f3f507ca7bda19f086be83f15d7873dd7ef57ae
5c68566d,107845,0d060a7b66b8bb278075a8024d5cbcf01737b68327882d07f31c0afa632d4a92
5c6b9cdf,72563,e2639269af63d3afd5633f95998d88f60b4a98d50917b29fe889f9480651b5cf
5c73d01c,96755,dfed0553d18b226950c5b3c07ea3088b782a2aaf7ee624fe430fbb6a3c5bd9aa
5c7813e8,104297,3a3840966204a5550a8a634414632feaf7f8a6416257956fa3dae4d9588211a6
5c7b2483,87196,2566e9a294d882cf43f8d390ca77fa0830d211f606cdf8fd3fad1ec11e2d8b9c
5c85ab44,278813,67c4184f0e84de51bd11a2b520e0b5ac8e5f3af00665601cbeb43c456b71dd2e
5c99ebf7,74777,d24ffd70bc30d51e0af8b6163b8be7f9f288c0fe2e4378db600ba4d11e02a431
5c9d3a86,106867,4c93ce4a44dbff606f85919e7cd95395552b0bc4346663e0b2325f172d16b020
5cab5dbd,83754,0417c1b76d3f97345656c14712ff378a2bedd6c7b6440787f812e90bb62a8895
5caec65f,358116,a94973c7b79a44a510627ce511e50ec13b5aa2c7290530d213844222392aa448
5caefe50,130043,b0136162431777b7e247b1b1243666450d814dd5d29b1121007d57290ed9afde
5cb4954e,1007717,15ac3907aba4cdd3e651468d72c7125fd60f3769be3cdc3eebdb847e99e92a9d
5cb7bed4,89922,f8ade562d069eec3f6f81822107f9c86ad1bf88ef69ea1799e910890937be1c8
5cc19dc8,81990,55a02081cd690f23deae1cd2b0aeb9dd5e698b5417ef0c5fcc1c3b3bf756b2a7
5cca52b0,84943,33c033f6a2c9fa3a18b1603774ad81e5420cd76df61a7f39a4f39bb4667f8bb4
5cd0b57d,380604,9b34d130a32fda124c66960c44a005023f0d8e3e84fed4d383af89dd89a089b2
5cd221ea,100199,64abdeb6a21c59474a189f1ccdf8c9efa0dcbe8f4c5b0bee444d31508048d67a
5cf24e2d,104784,04063b045c7a064a4d9c1f9019e2524ab8e3367de7a20301ea1dfd2ee99b7467
5cf41787,86979,9eecb32716c7e514ad2de4785644566357f03274139d0e7685b45713746766d6
5cfb7eba,78306,fd7681e35f77b31ca0a2a1e14f07f8c530390d43e560b53d9f7dcd42552b1c68
5cfc1eed,71228,a79779616171eecaf09bef66d731418acbb677f7d6f283b5ee66574ee43b05fa
5cfcb6f9,346703,a931b2372ab932d4957f8d9c06f8d32efad03daa109c1881aa3df098dee38eb8
5d05ee4e,99593,7b0c0ef1e49c746158d9cc8934a65c374f781ef6467aae856676e75faa3155f7
5d110227,83622,57b4436e89863c25b6d9f38d5e45803d6532e765cc40aa204729175b7cf427f0
5d122d37,84314,6e959191ec48302597779c270fee5ecaf222fec23e74550ed20a4ea1a46b34f5
5d17cc20,92057,90f0b44682de4579839ebf89727ac43e78e5167084a6a63b89b409bc8cf9f6c9
5d1fb083,103486,dd6b9f03f63fb45fca64a926644836f72b07a2375c320f804c6ed15d4e2e0a9c
5d2d1a18,94981,0d5dc1c25be37368cb54a164659ad96fc513e776953551f4442aae1f04ef7acd
5d3ab24d,64981,32024a70fcbae2aa227a421f8df21099b0d286dea07c110269a99ffca5e3dd1d
5d4adb44,74775,1c728fc2c362fb4f0caf85c9e90a8cd2e11ceb23d168f91dcb27681619c77bc7
5d4e52e9,112938,729104634724a162dd985ea9e7e31edec8ff090dfe7b3d2a51f94a7935b4aa5a
5d51a5b1,100527,67c5432cc8480d9ed159fcecb62738266b2388b109c3aace974de6a40a40b25a
5d55019d,96588,f65f10f4c7a42f5bd2982c1634c3832ed716e8b1b86eb58b82b2798177e7d15b
5d5648e9,116404,9032819b6496887c11c0a4c4bad0f944ea478a6d0264596a8592b6e02ef27fca
5d57b0d9,118658,06350142fab48fd88bbed8652a0e00dca36dfaf5d0c8155ebacbe268cd9a142f
5d5acb46,96832,068c19517bc24d33bf481671d3a98298c7a84ba484c1cf29b592911ddd179c61
5d62444c,79796,89f4d84b194acf8b1c252a5a67f8f28a4e25f8b90029f9940babc92d77890d73
5d705e2f,107592,98d231eb937e76de38c73e421be5c9e2406f35767a253452967233c9c5dcf954
5d7c092c,112019,c2f0a48967473b9ec1b8ced46d94d2421578e21177adb4a75375dc7acc0486ac
5d97cc14,76131,f1a423d83d5446d977b1dddd7a8e644a9d8b26e61d2648aa8f46dca9d55c9218
5d9dfa0c,82250,f7c2304c81a10e4515248326bfeaa9efd55a0179b09782b01b9278aa592ee5a3
5d9f5e13,120028,4ed2565295a3b871cf98a8908d30e3fb1a1341365defcdc259c66a5804712cf9
5da04c6a,72607,5d6a20a338aa55a7bf79a9df53a59241bbf9d675bee2f74fb215b6eebd82cf08
5da13261,116637,6a5396b93ecc9288e2919da670684841b1193750cb82d851e561856e164c62c0
5da4d171,102214,366514730fd178303f0d64017a56972fe4bb6e497cf9baf6e674888e9b5e212e
5dc29a03,84919,2f187d54aba6583695f9401c441b6b6b76a47d588307282448e232170b03bfe3
5dc3dc83,100054,32cbeaa888798db6bea036576aab3ed99967999cf0929fb51b76555378ac128f
5dc4228b,126333,bd8b1e801d23bbf6ae6581eb2a0802c680a7bf2f9566d134f4cdec092d959216
5dd52e42,93762,995b64db2b9d20769f724703e33535b9a2584caf10d8c1e3c013e8ae8ab4b09e
5deb4b66,108620,24a928cc35a649f84196ab568212a60782d6c83fbcf659d11cc2bd5459ce8090
5dedfee8,81320,ee0bdf13ffd61b9545c9b5061aa11d1c828f47685a0447830160d5706d61b04b
5df3f43a,108197,2fc02b015ad27630f325a1c1fc59e68a13661353827bac3cc7d6df8fd62e6d32
5df48504,89959,cebaa92fbff5d9c927d078f2bb6615c29abe1effcac719caf495fec1077912c8
5df64893,75342,1600823aa1c4e2d36c2b7f9570a615f8aa31d12542e072b481ca2da97a379099
5dfddbfb,386278,ff208944b8dadedbc4b3ff4b3e5f8bb857d8fd472ccedbe99e25d9476cba8610
5e021a0a,102273,f807fbdccc6193f3e5dd8e36e1e8fe0bcb26f9eed4d221ba02e3e8aaabb38b48
5e0efee3,65591,9ccc1aa0c4b6a9121480d8f7e4450f8bbd9f6128c265d984477ba0fdaa9413f7
5e1b7738,83754,6f0de7fb683623b7f3db32f11ffc5b4c404ee4520e7336e5b888178c6161afac
5e1f06fe,132254,a4b160197a9306d77fac891216f6b7cd21278feaeb961a2d1ae46b45dcf104ef
5e23218d,112518,81f42f767dbf880e53fc147982eb5a477f26a3bbb47b12a900e643fd1e1c7073
5e2351b6,79023,b116dd814bc6227ac1fc515d1b059a06868e854dc46601d24daa77729c2f87e7
5e347cd2,107370,f1a2922551cbad8efa2936648c8f9e71aa2887eeddb9f31edf652097c2738fc5
5e379afe,119016,8034b2bbf55b99637bb33fa82f5e129c91cb8b8daeeb9845cc436349dac8545c
5e387b26,2139049,dbf3de7eaef8e6553049ddacbd881df6733b06228934b0e7e8adb64c230ca108
5e411637,105048,5f66c63aee7b7fabc4f84c58d0ff0f5d1fe0e3e41e086bf6e63d9edc599282d9
5e44ef76,63945,9a8bc58eb0c22dbcb130c18561afe0780320bfcf7764ab40135c7954dc7dd9ea
5e4502a0,124000,4ad3c0f0b0edd9bfa77b7a070224943d173cd375c9275727eeda913cda0c0543
5e45f9db,109002,f384fc3849bf2225b61ae81f7a2679c1d200123caded9ec5ef966a615f6d4d5c
5e49444f,219741,0837f523b532f271e94327c117263eef004310ab31f2ed099322c8dea649b953
5e552942,80542,1883859ef68452184749164ff87f6a891dabb021ae441dd24e3076dff81f52f9
5e58a8ed,87360,bdf9bd7f71af08d0b2eca2088b6977f4868a15ed411a2ef9a31ae8d376998f07
5e5a9850,81901,e1507cd35d114baba40535682d0c740374b2ed099646d1d8d3df15d35b7994c8
5e5f6369,98808,bc5055242d0983698b125484b6435cfdf31ce5174fe210b2b7763e8927b18537
5e68a76c,86134,2910a5312bad6bbe812a8d29da6696282df1c677bb51592affea061bdb8cbf62
5e7dbb92,88915,fc83c9a3e46ca91c7b15dbb5ed97dfbb1e1e6747aa21c3cdfb37f0495a02a855
5e87c5dd,78567,083b0fadbee2bacba9d66613de733b67551b81a02507ec15ae8632bc9d3ff84e
5e8c2be8,108841,31217a7be1188baaadd0e98fbb8f73939eccdf94a41d6f5d90981aaf71994ad2
5e97f015,86301,bb754d5eb632314e20f25dfda1070ec75b87767cf1e4a7bd47726bd69c1ec1db
5e98824a,80507,4dd169234faf8d87d1a0e7dbaf6c5f449465d54ced30033f7167902e0ecfa835
5ea1e7f1,1503288,ec15edf886cbda9df8e4224ea5ab9459462a63beeb681e87f70f826931289310
5ea40812,115256,7348af719d5ddfeed1fb03fed8beb91321a1cd0e7220d8fa06e657c48520a1ab
5eaa96d0,96454,29730cedfaaba688ae333b562a649d64aade573642e465c002b207398f43f8d6
5eb112ae,82519,fbabbbdc7a4310ba147cc8dcf6a0db9ce3120445aaee24db2af4543af37a9284
5ebd0b63,94665,60948a1624a84a057961f45eb2f1888643c2bd81ed2b4d4f388b42e610e65df9
5ebf70e2,93891,a08efec8da5fefd4d7ac89d9361b32712f4cfa3d4d5a9b553beb9aeb2ed4c180
5ec6a495,108665,bcd3ce9d8f47a23854887f99f4b02cc352b3711cc2115c134a16c5586014978a
5ecea977,116571,b0ffcee37e5c98c66b01c735894e93f92d611b019f73267a7001046260965ff7
5ecf196f,111445,fb2051cd06fd235e55570bf19acbacf71c283f7bd36d6475cccc9eaa8c788355
5ed239af,76973,7acad14b85a05bb8149cc9345e3e66242a5b4e4d3b6f0c641c89b3a72f07ef17
5edbdf7f,79678,3565533d43538a498604fe24fc6d13042a7ea81ca7ba799699fb4a5bf3787a0e
5ee2247d,355443,6389a50847083a7203bcdef2778565b68add9f0d023ad0bb6749246fa9b4ef52
5ef163bd,70671,e77d9dc9fb89f44c8a9ca9502f68bdbf28a65df9f1932e65a93ae9f62f515981
5ef61f3b,117769,bdcbb34367a8660c567951ce102f8187952aec7586a48ef31e8ee14d2aa96990
5efdd0ec,105605,ce9372fad5eaa6527d43c4af509b589a1048d79cc0c547e74409f6aafd666fd0
5eff3314,71166,e3e46e0c842dec881ab90688d2cda028c60d990250a5749ac85db349aef2c857
5f081001,115875,17da4c81340f9fd6fbbe9624a68ea067955ba89757cad507f483a6d72a459600
5f0df3cc,71044,a479e93b6f4b78f25b6398811e03a0ee980cd1384ac09b905da38d27b91ceebf
5f209ef2,100928,177b859a90b198a6a2967c68a42bd021b40677c42afd2ab70f54dd58f2b6e620
5f23a67c,74661,c29444e54e13b67874cb159e845fb9cdb783e16a0d341819810e186093e0d2e7
5f28ce2e,82826,7253fabbfe02a33ff661598e195e012418be9e7e08e150edefe5e4bde6f7354b
5f322c1a,74863,5277de8dcd93cb4bd2106e661e7a344df5ea87f3cff6be6c9c6885e4e3d443c2
5f39868d,94534,4707ca459605d51d02ddda3a9ba3fbf020561f218e13f2064f599bbe07a2125e
5f3ff564,92717,ed1cdf5cde00b66d63ffd5ac63e802044cdc832e6e065b994e8eed835ec01373
5f490302,95917,62d4cc2ce4e660bda7495fe04493fde4718c009e1c958795704f38a50fa9ebde
5f49112f,103494,6d3faf1257c7c03db637c7bee911f520ec517949183d6ac3e97b49c6b1eafc44
5f4a09be,116025,51e641a4411a2e0015a79bddd77bc82d41b247b8e84262b6716be095f39e4736
5f4ad828,84721,cc2e9178bdeca74a71499e2dad5a5dc324231ddc503fa7ee397e917c33b27a01
5f4d0afd,274617,2d786693877ad4c80863ff7d79b31b2dec91899661428391b0c7db297a213c58
5f4e1e54,74327,59d8710241163917873d0ccfca7ec3bba9af894e640115596e8d3567dc9578ef
5f53ee81,79926,6fc86edecb0836acb7c28387be2725468bf9bf85abca81f893462721b322c9db
5f689b00,2117878,58aff7cb048330ca4a4f0d2c70f12fd19b8c595627beb791ee4f2bd8e6767e6f
5f69e60c,70191,535432363fd13a0a5fa95e3454a8bc5d92506b39b38308aaddaf2e1c64324a83
5f6a76b5,99861,7da4ec4bf77dd678c621036f596b0866341f89606127aa7711e1b5ef0dd36126
5f6f1880,116213,38c2427e4693dc3c596c4e09e040b254f74778e9ee7a51ecb1b3255c19b04008
5f8745f2,281283,4d05c2503d9f823fbc7565c62e7781210d918e283504c4f09e9991b4f62aa05d
5f91636d,101328,6f1c463fa13fb78ecfb429a9302043f4510fa2a4456966de65a392366e92e0c1
5f964dcc,83507,479bebc0c57f45e3ee5c1a0e2cfb84b53cb19811d0ff0ba684eb8505f2d1de57
5f97c8c9,111423,790f52c20ef1ed2434ce011ef4b2bcc25e750080e339664b8cf8c8eea79571a1
5fa60f16,100487,db05ec0764c3b9e576b47d3cb4f68402b503a1c27164b61a2010b14b427c76f9
5fa8da4f,87483,f1e2863ec43572f3848f534cf86c1cd5a4de72061302b2489e5e542d7cf509e9
5fbaa699,371600,40e74d999e5e58c630bd701b2952fbcdcbd47b8cc45f105bdcd90d0b0ceecc85
5fc20fd0,66188,3296d2b57afc56128e16d80b59d16c6ba684bba09068172e710571024bc03302
5fc7c202,81383,a4e57187bd97c6c8badf70e57f09fa5738a5ecda00b83eb957c41437167ffed4
5fcdbe8c,69759,a396bb760a2b09cdba319a64a98fefc397cd015a8a1e1607482d5945e8990558
5fdd488f,103250,95aa7fdc88c7e8d2ca0d921e76deabb81f56047ab840c0bb15473132bff3e58a
5fe58d77,120184,5901b5f3558deb5f371188858b6f480481c1f1c0650260f901c0599de5692cdd
5ff37343,895381,a81cae84ffee7ff5b975b40a4db513873f63917a543f18426e579d59e70d25e2
60001bb0,95567,b860236443af2b8504294e556d3ca66b49197c719ac9f61edb00f0f0473a9358
60016dca,335076,6f892cd32e90acb440a1d86aafbf004aa43900b5fa9c60c921c239e444fd8c4b
6004822a,126258,338d1a5373c8840e074a7f231cbbdcdf8742ddcb70594c68fa10907a09d14029
60136f91,82217,3d94d1c665d7eded58521bcad44515bdc3c6eaa3d4a2af2960ea457aafe66436
601b4960,80591,4efadfd964adc5ea8001bb0878c30bbc40c05e70429f3f4fb781d435255cce94
601c6a6e,99998,0d05803b393a5f7f4ebe7b09c82029862202da8eda43ab5046dafb63024e275b
60278955,87180,183367123e66e499ce924a03f1000af3bf843a1ce6ee4ccb80caf5a80b0c753c
6033dcf6,67606,6693589ea75af7b68b46b1b600b1f467e147ffa903ca48c4a0c9b9f07f93f475
6038087f,62654,1ae87a9362c0bc487395970be06378ceec1639a9893eeb0dfd3298327d0dd065
603eb44a,109127,4c660b508cf5419e41f5781ed99ca589cd978e4cdb39cc7658848c5e07639d41
6046317b,79102,7fae36c77dada379898031ce55aa9de5e137f7b313ed8ef395de229e5ed1f690
604e0bc4,75191,222ce7289f27b523c27f2ce01717f61b147287ea2d1f782b79d6d615f110b2b8
604fcfc7,103892,efbd06cef0b4672242a2e147a53bbec62688e0963d9710fb8d0dd19dfae07c45
604ff59c,87610,c1eb9bc75894484e842f6fb122b3a81ad0f20d58f9c2ec2c26136231d6cbe60b
6051bc07,842339,b4537fd9d2f3e7834faaf9e4945259d55650d2fca45424b3e0196f7fc5d959d8
60661a03,110705,b86c3857218977009ff2ba892d4f2fac63d8c1eabaace9827882081ebd8bc8e6
6071cfe3,287711,1db2dce5bd9f58ff31e7c8188d60ba84574d39311713b8954c1dbb17f17ff7dd
60775fcb,108487,ccd5f39b81c3b8a7d6d86d790ed012080264e5969b69ed29a8d62151ee477a38
607ee145,75743,691cc8f8396a6daada7a9e79bb0f146c72d8ff5f6677e6cc4e5d775bb980a770
607f1706,113170,4ab871d85f661b54ca0d71582456b9ae92de942b43cda19afc6889d1af008ad4
6080b428,94685,066f276c4b50d7646fed985232bed9d72cb7b002badf01d4f26427697a3ce9b5
60899eed,118489,e3be5bb7562a569c62dc19a96aeeba233ceee6d6682e2dc25bc88ab7a9871b6f
609fe7e1,84219,a7dbb1473a8b08451c5dc39f423a2ea84ae5d28e34537e8ae7a98c7d8422592d
60ba2be2,77239,03ac941e8171abdfd1050ddc5086dc07ce21f18411636181d4dcf178c687c212
60c4383e,103411,0aeb9a6d491221de12ea5fc7ca2c766b7b3caa464b85df7e4c9be94d97498e9a
60c48d1b,93153,55c3d58b7d5c20680966e62d4f080d0abbcb0680701fb5bbd115ccd567ed0a97
60c6c987,360863,d105bc3743c346ad652adb870009743dae176023b064d9ea1ac74bd47aefece1
60d516b7,101947,6244a624676e19066481e37754e838e4ab3395951306bb006393de9984f1eb8f
60d6e68f,71848,678a6c396ba55215c1eebfd1ef88c3bce3c4f307116f5d51ca3583fbe467f694
60ed5afd,109086,9978efa92a5b5911180769edc6ac089bbac55dc5eeb5c45365f850e751f22b0f
60f59a56,83875,01e762450c67fa4f36cdd1385cd433aff462b60065302f5b0bd6b993783af92a
60f5ad6f,78928,ef82c1b6e3fad9a34c78daa33e79a24d9a713dfef7bd90fcf893d1babf6d5938
60fc3f38,51764,eb95511de4273b3ee2d0fa1abf108b5d17c8f1299321952911a3daa754347fda
6106a211,98826,0cc33a3fbed5b0659282ab5385ca81bfe698b8a6f31dac1ffbf1ec2a50b7c74e
6117b61f,82758,758a43343da4083fe762ed326610ebaeeca00524484f1a30ff97d0ea4df6b3e6
611b7739,93353,688fd7bbb4414f1bf335f51d6af8fc8dd3de4061108cc2b36a5a595da812af6b
61239284,96794,3522f16c4e91a4abd2272dde81ec59f5d181368383be692f06531d136d804d1c
6126715f,105972,eb20564aa191d99da4820f42c3e03e0a8a129c3d06cdad467bf2654d75a4e81e
61286701,85428,6dc0e97179a7014735ad46862b84eda0c23ee514a27f836b0e2b12dc2bf87446
613781bc,106909,432165c8e4d81f309bf661cc4711223b305747b349f465c4a32074f1848cc309
6144f0bf,94817,929e017d9eaec93046944bf0c82a369a2abe7aaa80f6c10924cdcffec96f6194
6145614f,70348,4049f7ca76566a520cd6cc25e338dbece1f9a1d4aff8f4102cb7bec95f0b03a2
61457ebe,76799,826dcb6e67c96676c3ad35fd2f5f821e82f85e37ce6da193df000e8eb3937069
614d2251,133023,86be69e081b78400915124922b02af2db25d8a378f67ea98883427e63a739e34
614d5598,93932,84eeb157633fb839f3f14c6818361b35b3cd1f2e5adb2343150af8c7ce811bb0
614e81aa,107252,4ad09316f9de7ecfa1ce5271aa8dce68975b6fd93041d3d566b90243237d26a3
615508a5,2093388,16306709e64dff94bdcf92e7c945d7fafa924d813b8cae8f97d17b82aa4a52ee
6156aa39,93754,c78246ca7073b26db27ddaa13d4dcb791da6a192fb7ccdf90d8f5c1811b604d0
6158993b,55926,e51d6024ebc903124f8c0bf1dadb662349768676f9ccf482440767a19b54c9ee
615f34c8,91695,83c6498a3b0122f8d12ae81fd569567acbb6a77c1e6c287cc6656f38b4f57593
615fd8fd,103108,70ea97723a1a70f7cc835248f1bb877cde02d91e5e2a6635365f11e9f9259030
6164b3c3,92268,a5c68eb41437178fc968830cd6548d82a6a44e576ed82f99e8d1898bb5f5b439
6167a1c0,83844,95bccd18aa57978579f644bdb7a47ea2d808271b08b7d2257f0547b79d7dcfd5
6168e753,94286,6930566adc5a117a8700bbf6846c8f1ed2c5231fca16aff52de41d862e4078a7
616ab947,86776,38fb4b0e0f3cac4bb35971eb6b05ccbe82284af2118007f8ccb0c01137296f18
616c7eaf,114494,79f59bd72c781b464fa9eb272b1a69d7b0e9c174b9c94cf3f1eeb6757d0591a5
616dce27,126511,98d17cdff6f3a112de6cc9b5dd6043afd6bfeb43406d0c2047a01d58683ee41e
6179380e,114759,1547bcd4756e4b07c451ba986d35ec9e653803dc740cca3c9705e7e290db57a1
617a0cac,100652,82d0de58145ff187dd5047a9ba74fac19d31e5f1d896e46ce297e480892c84a2
61815e4e,272580,f12e2752af498c41047ea55e173968d571589aec4e3386a61dd600e60b2c611c
6191b068,79016,d81a51b8cd2bc55bc1710eda7a0267224e9b3c286a15b6201349aae28e389eb4
61a05d81,125605,31bff28f07581a8bc30c218a33951c6263cad037b1ad1bff1e69770a5d6aa820
61a1cbce,75884,6b157bbb43b634a590ef274a3ba412f042409d86ad0dfe73b3a84c91faa354ad
61a5d7b4,72805,0cc5b37f3f8b70d180b89c0768baf8d95c9b1fb7d42f28162822344e52bbffe8
61ab7344,99220,96c2af267ccec0f610a5ed8f221bafcdc10a3ba41a7e54b80a9d7f1430bdce79
61b657cd,101442,a4317b4c45bbd6a29311a7f5199f3bf4402b90895a54d7e97c7d8944073ba012
61bd9de7,120487,413c22d654a830abc1d697a5a2fb4f7f2e2ef58f8b22db3a4921bd4e735bab20
61c1532a,101849,02a04965a9552da516337f3d4c4edc4c2aca30b48a6dbb65120f6ee0dd5b1b5b
61ddb0b6,79018,b075687f9355f5405dd65412211f424c59a51ed01d34422cd80613aad6b5503d
61de0a12,101852,3d71481b6db458aa1dd531277598f2377f4dc981f6064abae338208e19780166
61e265b4,98141,806b641f1fef5bee279336ab1016dce9f59b166af229d57df751f9275849407f
61ecc410,76979,201063bb67581d9228382fbdf7b67374936f3a10cb5abfb031692eb9634b48d4
61fbc4b0,98221,c96f07d339d5638c964a2a7ac12dabc6fe531a70fbb36b75573100ca8bd06b71
620563f4,103165,228291a1a86c3334706e41ffa88f9ded3e5828b99bf1a65fe518d88454c0c994
620a0f21,94627,dd6c78d7faf93552182a94d892c59eca4e32a2a6465e80d1e9f5125eea67c7c5
620e6d66,76729,63f9001e9fabd07d0a442fdbe21e6d26abf4dbdf27cd43eacf7e09900e06aa5f
621f1d42,92906,7e269034f997b61665f61e1365d6528d9f539ba9277df59b6cfc9220ad604e58
62204545,308934,a3272b47da931cc0d5ef986ea6fb129c3343a7b48c5af82a9a2b0d3299c72741
6226773f,104057,d9893a8f2d9194f158f5e1f35bc6d9ed3acd2121aeabd90077992aad12691c1c
623a2b41,128541,99b1ca935e2567c9115f81316d309d2be77f6da799799758f83077c5627a78a1
62447952,113884,c7a53d69f09d0931cad154b046dca2148d0003c520eb663f4588b2201474b7b0
624f233b,74433,75b784af708188bdc48f299d81dc29ca0449b181a7cbb7e23351756e272e3f45
62622941,89758,87d070fc4c2e466908874c2da33c9407eff612c1cb93ec9b9a02c352de133cdb
62832f43,73756,f534676e5aeafb46d5ca4dafb7b4d4b1cc2b55e84e2d64ad721cf4627b20bffd
6294a9bc,74840,1eb42d40a68e0987b1ce63c0959f40a95becf55d10835a779c8a9eafd4750312
6295ee5b,82533,9aa66ab5d0165607bd4ea22bba8c1280594ab66a325e4fb8782d6246ed4a4604
629d4370,79112,6a36d09361566473aab37e6eeddce167b449a4d1f1c63bc6118bddadc24efe40
629ddebe,75932,d9ca67899da095347b0d9e5f56007e218304289e636406ecb029ed6648b24abe
629f0fbb,303372,d37fda19502b24a59664a3d816a81681619192a93cce435c87c6cef025e46383
62a07b85,83625,bed0f1d9a26e5228000e8e655dfa6fa55bbf456bdb12aa98319df744a57de790
62a82fe8,99341,46198a148bfd1f100f744d04af837ce390057f0fa1d44d6a8ae90210f34f15d3
62adb541,65101,babe84b73be8e9c40fa4512014ad00db950636f72b1da20d5f68e89bde6b9522
62b309a9,79688,1b292ba9751cd66f732d5cba583b7439b5eaaf6e2396b6aa92a4e89e457623e4
62b9c4c3,1064656,1003eff44f0655057b5f36226c7743834ee3e3ad993002c3b740c716174d36e1
62ba9da2,364392,077c3c4ed5aab2b1d455b7a2c8f23d117872b96a7c9ad79dae0981616e7f480e
62bc55dc,98084,cb8681b51dcf27e06f39c3b55616128d95064b46b7c01d1daca77d0d27a7ec09
62bc7e08,103510,f6d5440502733f1b9d9321cb4446c33ffc91710446f375b2df99b6191b24d9a7
62bda878,96323,0347d8bb722a3bf3ae6465582a26f895bfa414837ce22ddd5a3dcf3171cd3801
62d99d23,113707,8d5680e99f088a3e1349d0bbc4a80e03d152e71b3f7ebda5dae3cbbc20fa314f
62da6c63,111397,cf51dbcbde36e327d61e206ea76da04db7e77016aa86c8fe14c0f581d0e6b660
62e84d80,102477,1e79404d54c45acc937bc28b4a73ed0b5bab041aa3d3fced0a0e44dae8c66e97
62f95631,103072,18c14b3292f11407a61c040b95f69f9e3e316941102a9d5136a2d059971cc73b
62ff0a39,91716,04688525fd73afb3c73a493e16abaabe138ebd0afe254140ff5211ea8d49b99a
63037402,86135,10a9ce27e63970b5009dd71562268d204fb8ef79f07e5eb3e209146788de13ea
63156c06,99118,a8960bf1e34cd69f1dfadf8857b9929d49b825e2f246a428f593de9316c7c33d
6319e81b,118366,d9bdc153b9fe30aaa58ccc1ebcc3fd34700a431a6a3de73cb2f3e013c2e44035
63207519,74635,a3f3cf00857ae22cab48fb40b226a841a08b6194f8cdb7fa80f60270e93660a2
6329ec43,92575,3fc5b1eb64c8848ac54e1158eb1d700d7ecf9365e8e8ee4690f3f71003c3100a
632d66b0,102982,f1d9ee6504936b9bc132a243bdaa7bd2c91e208843a5192102c1b026e07dc2da
63313379,124885,751f77cab678f185a42e3c66e94124d9ec76a94d7684699904939c0cf3947c25
6333b8f7,105772,8283ba9e0fc2a9f6702600e73dccbb2c3f462759548136a1b114470440c8e3db
63342aa7,106114,0889913a0aafa4adae4b115e774e6a9f6ae9ce31b78755d3afe772f437578c2a
63395837,100261,19bce0148aaacdf790d020442733391008510f1b18fcbd5f46bd6c25b1cde8ff
63472235,85892,730992a80024fe0a2732361f751fa7d47cda9e1a48b2e1a8485bc10f652e910b
635326cc,317596,49e71ca73159a5b741fe21c20a661a4bb58209d771fcd8ec0e2da731c26ca0da
63553fc2,99593,5fdd88f7fceae6f0b59bdfefb9d3b9143bd0529fd945c07bdbcdb26e4b4e3b1e
63563bbc,63259,efb9c9bd36f3055fb255c075233d0ce64b4fe8aef30692f0f00fdc70c3c123a7
635ad83c,372460,8db976a358f1ee24485a166017cd6a1566e88d64d68e4d9e89357501ecdd06a9
635e229b,68044,652e5c32498341ca91d002330f94148fcf543528a39131aa2dca7e9b80069f2c
63660c7c,103180,4d7e475ebc6f33fb84f80c33f13ff80380b53a147cff6ecdc1eb5fc1649fce97
6369b9bf,97623,f38ad022f5d4d4a314f3b6e0c6df72e4aabe64ffecf210b0be0c4ee260f9f2ba
63721aaa,79056,f443ca85437eeecb6bb6f94ee4b17667d9e7e32373679d6a225aa2fc7ad1c063
63731140,100863,57ea4caad1cfa24e17fbd3d4ede43fde6a31d5663f4cb60bf53a38f1d033e33a
6384ee72,96117,a728751b8e5f9a222099165a5e0b52a7f657d95f6f95eb8e5d8ff173a574c1de
639c4e4c,110526,3e558e6dcf779743b6e99effd5a99274c633d2c726381a65b414f92766ed0e15
63a6511a,102780,3940482be24538df0a06fcc24b92af9f3351456629769da294dc93649ce2dfa5
63b9b03b,81802,4b64be7a710bbff298038b10d79e0327f858a31f70530b9cb1525f6086b5c0bd
63c25aff,128231,5b6598fbfde453306bd66c7d0348f802ab811db92cf11957f5569dacadd61243
63c2c056,103375,99c565579b770417f5d7a641142cfb83f6008a9031d2676613eb51650f72f385
63db6104,311586,68a62b25cb094adc6ddb8dd002ded421b2d20cddbffc96212e7768ce4266c820
63e0544c,1809478,c9871d6be48fa006a1d616bd8c387092a55c82dda1209abb80abae8e5df11530
63e17d13,96327,11eea75f3f851f1baa46cb164c5fa38636fdc2e5c08dd123afbcfb13714bd50c
63e67fc6,62921,de548b4e42035e39427ede4e3268ef789363c85f3b4021d95bca7f1242d0f44d
63f09c0e,82234,62b8f0e8146b382009ba8e92a2e4340c20879b215390183d04963b1ed17702b9
63f3e0e7,76605,122557555706793853ea6551490be664581dd1c3c078a4c47c036133a21e9c98
63fae2e7,351653,20509ab09290b7487ca316c32df28727591310977357c8caf3d4bda136e27808
63fc306d,135382,7a8146014fec974f39b4b62950a2ff4c825536cc1041e58effbbc48d3b73151f
6402ba5e,104057,9bbd682b597b69c6aaa0a2d1b0ef73802bce6ae0face8752262516474d707255
640599c6,107367,ad68de7b233067841256e0ce94f5eefc2cb7e50d795b34047c01df8b84f2136e
640f8fa5,101359,89962e140126f14e1d7110e2089cec65f660b7ba250daac62fcdfd375ed05bec
64111694,75746,43bb318dd2ef4dc31cad9137a83240a25341c566127d422e41f72b764570e6cf
64315e7c,92091,20c29fe815937f751314aa1130c3d439f7f578c21cc232e9b0874562c033b1b6
6432cf6c,84508,56920a308ad55c4009ae1ce09075ded23585d3a84bd0581bd0f2fb0ff5e062c5
643e686f,82546,eb4718aee360317635e36b8a88febf91a29583c9832bbfecb8b51f9d81e3c226
643f10f8,95700,c222d023e27c3082b9928dc6bf575e5e28958b74d92cff2aefb3277b2879da82
64410699,79248,0a85312c7b2ee666dae6cef90379d0ef0e4280fafa80d81091bda55e20c40e54
645c11df,96548,f3ecec6b5dba622a0de125fe0fa0e11a9df12b780216720150ce3878331f56e2
647ac8b3,105044,455abcb9977a4960ffe1c8e24f7c3dccf433711fff3e00a77b3ccea5dd5807bf
647efa23,104762,a483b17f7ecebe2fc46de4ada93e795199260f35ee1229226e17ad8d58755691
6490b9e8,5727631,8780c40e3f1b4b52f1c753732fe05e80a813e618edb4e0f6274185caecd4ed56
6497165b,101220,b69a352ae84a46fd3378af5f22d335a958ccc99e536cd6b5773573fa9ec358c0
64984fb7,99237,7ea564410d1e4466fafa04100a3fe9a20ac9af5ff64108f04d665147290f55e1
64a179aa,85282,7d7d8342683c4e93adfb8391601e93d646346f92b23a3a92b9ba513b4bd85c76
64a9f2e0,103623,c283e0a210e303e6246988df039e7d468e17e9ad6cc0f1745ca35890026f0783
64adad1d,92594,d5c7a4ad9ea1332c6f34db08de37a150f0b18a9da66ea7789450f6afe7688dd6
64bb6507,84427,76bce151ebf2eb19e7b845c2637a9d397ae12423e9bf27843ad6b1c8e44e9e21
64cf50f0,86745,3aa91be92665a00cf0cf6d1f8487614b56405550d551a849b141a697cf558c44
64ebe579,116272,7baa5197993f06c1f78cc37292ba8a47a434eaafc817bf1c533478777114bfc4
64f34830,292393,d8be52575f59ccec37386320a1178bb5c38e5af70e6c456b2edd7b1c5796096c
64f683f8,80605,01356125c57e3ab867f26e394e885e2dc75578f0f8a62e10310cb62a10abc6f0
64fa80d5,74178,37b2d01cee10ee1bb8e77e9d2fd0587b12b52229f10179b06174378c8de24f5b
65025faa,77864,f24f832e8bcc219933194a302c49f3005ff7a646db8beea366d3d3495ca30b4c
65064e75,84552,a21a9c643369d9b7d7886ae00598bcd86b620576fc0a17e95a1286c6c559211f
650af06e,117062,9ecf5ebef2fecea723b69a3130228ebe819e9e3656136198d110ab6eff41b308
650f347e,92578,23358ae5be2454a145e918a055300517b65bf23415d106220165e928a1747233
65113b26,99637,9e75c440b4710314a925a048499afbe286601e6ecc4ccb12ca3ffd5219cc2807
6514a62d,102044,d389a732e22be75733422cfe3ecb32fb4d49f22c291c5f1e5c70a9507f47bcc6
65164b2f,80038,1009429ae252686850a002ac60287405ded21d7c5197b4f86700c53deeb41eeb
651de89d,237490,22289a51535829757b2bc506654949b0aab1f1ef2f102845ca4e3076c8e1be36
65224274,72455,a052c17d7e0cced8789389aaa9ff6a224f56000f04937e80aaac8505c0e16b00
6527ffa4,90805,d9676f9d42c5169496e472b35224992dab721313aed3227024b9f3fea182842f
65307c57,68994,6ea2230c211d863084a771240d7b2f9cfcc9fbf1a640c7e9cb0230a3d347074d
653189d7,103199,49690304a205af24de09e99fb53a38bae017a0e4397d387c5d14b1329ede251a
65359747,107126,25af0a8f7f03bc81d2b6e1568df5d934ab1a90dbe1919a9f1ac63687fd017497
654d2d2d,107152,1f34e839dced5d7108b855f926987b9efe62f73102f67798c3bb63052cae4a12
65583b67,335499,b79683910869ce99b312f4a45a197f30942008842bc074716be0a9090327c6da
6560fcf9,98769,8f836b9301d35310e3d44f89d08dd2b7716f4cb6f2b7598ba8be2cbeacb9dae6
6575a5a0,81793,9227df9dab7bd41c947e7635296a6be9484992cb56d22904ce3a2751fbc311c1
658a4941,106489,70195ba445ff323048c18267ca3a4db5c3464db4689527cb5099fcaa952a9de0
65975fe3,78179,dbe25ceff87a88a19c16f1aae4c9f1ef5ebb275fd11ca2dc693a0b839c70a8fb
659f67fd,106502,2b469d82f81c468500cfc0e474931db8398c38c0992e8e2c507b71b7afa454c5
65af088d,80631,0b7d00eca20468425e2676bf452882ff77a55376c98a87364f44903362c80a36
65b539e3,97652,4ae3fb74217adb2f12f0600667c1d4591a7f3236e49faa6bd702e9aa531ba58f
65c5936e,102938,fede0ce4bf90457621e143e23cac9aff288e2f2abc0cbf4014b4cefa8793c2d6
65c7d526,83799,0d86299606e6f17b77a40d19741045f88be2c1141a308bb1a1352b74071f2e5a
65c9ef9a,75884,a672f14993fcbf8ae698e31937efc860d03a4dda74153edc047393d3df0090ea
65cca4ae,97633,55816d9ada8db0c16f7c4b4132809d44ab656e432cf54360a0582b27abcb16b8
65d2fc72,105923,fdd3641a565aa45ebd3cda498ec961d76e15d865451aecd01e02298e33a525e4
65d9dad6,84277,78a5870b5a26019571c610a38238e6d764902ddb552cf8f715bbaee7a89f67a2
65e142ab,81202,b63ba736a0964b9b0a69c776c4fcbe4843309717cdc940f23be4a1d8646a9cc4
65ea666b,468840,355c1d0ef35ee09e78b68b69e6ce68509273216e782585a1c4c289e51aed6d61
65ec9608,61666,6b3bb1ff3444fd37da3610c919ba6b2a58d2af279e19b8581759e7852bc54dbf
65f2f2e2,77127,853da703a053faf448ef81e0f8e8b44a02538aeae4d6df3ae4182da0832d28bc
65f3ae23,83526,c2bc7140b11d56a638be7c0c4600c32ded956fa586f94121f4a3ce756b0bcdfe
65f7cb82,98413,d7777e9315820b38a5668e0e130d7a34a835a62cf620146aaefcc992b0d2e48d
65fb9bb3,340010,690853c6ea913d6ba19ba0a4aec656a93f03eaa510642f26d1401d87639826c9
66014924,110207,cbc98be6c3937edf0688eeda95129c4f11f064db9d153acef6976f791c78269c
660673ee,81920,137075c7a6b0f8b7e7a42aafaa5bdc94711ad655140f98fade1c4de8b68b3c09
6608c9f8,90703,e0c088a9eb38a28d0cb5b153cc548327c969201151294cad21633cff0026d6c6
660d5d9c,95218,df38a9ce27d2ce0b7b08086b251de896a3f58348a7fbd8b6f7dbc4056604d2a4
66100bd0,103361,4f5fceacbc3dfc24e472e3a42e12c91088b9203a9893a50ef69ba6ee633f6343
661295dc,100200,11e331b79d5a4839b9a98512fbbbac3c4cdc66a7fece685fc10ff6f2bdd89223
66170ce5,127774,f9779a384c2139782b2744d22175d03bca8fc5837bc2edc655a7305340c5c6e0
6619d23e,444180,3fe674505ddde143e9bab2051e848d3bc5a4c433247c4e5f178cc7c6a1955b43
661fb4f8,95354,bbe65176cf1962382b8b91475df52ac092a2d60b9f30d3bacea5662e01fe4526
663da4cf,102250,38bcba522d8c4453f3f60a682924bd420423819a7e2fc4b9ffa7708c3b17f1c2
664053c5,110288,89282105bf74970566196c258287ba23c50803a971493b604f04f05a2a401686
66478a47,98619,a858827671e86496e477d5353342b483d6d1289f74ed2adaac229d77e1e92a6f
664e5e49,102549,d31bb47ad3441754d538e0f2fbf9ff01b1cd9dbe63b2efb72c6938d13095e5df
6653fa14,104863,147e24ba7846e82c494b575b0f914041422049f9c70ad5112728278a335a8b6c
66639104,76023,b7439be858cf2740408f115b85f840fadc41ed4ca890bef0c3b2b87e416368c1
66697eb8,95606,e2676fc579a6435d4d25e9635e6172b37ab9ad46f9853acc55fa8c00088cf3c4
666ce55d,361888,51c3332114a4e0a158ef49e1514dc734501caa007fcc73e663c84d7c11bbb5d4
6672b1bd,2397282,08fec6a14245cfe0357bce446837a2435d34fa57edaa8794f3cc220069ae12f1
6672fd89,623662,1b3b0d6ec73ae3594e7ae1f03a3a66a600ee5be3e864e0124e8c8d56700f682d
668d5e96,73933,71df78a943f9738a4e3754cf30dd49f5c379ba9e3b9ca155c5b1381cae192d00
66a336b1,93733,914b9bca2716799f65b56b839a5b903f5464d1c77bfb507dd8422e596825de3b
66b1d4f9,71666,30e1484ba1aac82d46d72f7eb6b9569dd35c2cb8267c5c487a7548a4a024c1f4
66b4358f,93424,db777b705e96e3896d8818c708ecd593d867f2e5e5098492b9249c1a4b403451
66b620be,106708,5220070fb7e35a27d1b65351a72ff46c9dac86f48d6f707ffe086c6eaf40d788
66b7758c,334389,faca76b79dc13bc1a70a6158d0a6b936a0adee88322eeeb05880b40fbdd15017
66c0190e,99400,5f9cb5a7d105741df6916c7f0c5b74fc40ce8728d46d16b012957f02ad28f1b1
66c544fd,96525,b546bbd7fabf4b02b309521ead27a5b7cb576c8c1e35579693b11368c8a708d8
66c63bb6,80442,89508db644cf8d8da0773abd51692736dd0e33e9610dd3e5eb7002818bf55fb7
66cd0169,1792982,dc0ac49387acc5a803b6b2f35e4d663e465dfb82dc4c7fee081630cb458b89a1
66d83ad1,109638,1aeb3c821b437d229f459bd6eb0559099963b5596b6bcefbb5d9f11a26730deb
66dc42df,250344,274ea3f075b7d42b31960daf172932b683cdee10337344bdd68a95f1d5df0311
66e1259f,88148,cbfec08c0519395979cf8ef2833d327b5eb1794b62ae9de2796f5e12b18379c3
66e6e00c,83211,f321fd9d35962ddcb3d98b8939de7c252b9eaebf78256d762c3eb0cd6ab08cff
66e8a0bd,109512,5e052122852e1f44f8e2a3b48ddc12badb90a650d4cf3a31355d98b2ec0bf14c
66fbaeaf,109030,93613b9372dd6b3b0b3dc22ee07ddf37a82280a528433bd203c08f0b29a5dbd2
6703d1cc,95759,1bf926887ed792831f3f1ce2431ea92eff387974c860f3a6b708123be619d5f9
670d37d3,86412,eceb4586be53e079b7abf93b51c99dea99b1189e502281bb7e608da3d34a3a33
6713f3f3,95073,18660705decbc201b0d9935b68028972c1e0f0462254c991beb4f079199a18b6
6724aecf,74609,2dff024324c40eb219e9bbd405fe021917d64aed587673e3bfd55689fe9deb2c
672ad97b,103182,dcd750f14b99597689c634aae6af7953e55d5fee15013eaf6dcaba7511e63000
672cb73d,70885,00f4c2b3e76ad21802f6ec145f56cbf0502c19a198b29799a047abad9e405772
6735e6da,87768,b618db4c412dc77c51078bd914ac8b17dc3545f812f470d040fd2b7beac818c1
673ae6bb,85057,d0f51b3cb7e07d7c7dd9476611c5215806daa8954d2c9cdcdd915af419a128b1
673f9bf7,107487,21321e553c5147847a452cdf1bff61470cc0732ff9865261231b708834fe6536
67415f04,114985,7329283e42968ebecfa0d58ef13a3032203871178969c1554fcda910730a3d7c
674184c5,102144,c49a15209d611a39bde7aef7a1a31dbcf099b49dbc9404a5e8756a5c8fb1844a
674d47c2,80469,a5c692fe9061bf7ab6695ea03a9ed844feada869fc13013a56c941b628e42509
675bc32a,86600,8c4014d28485657e3676b46975cf61661d768459b9672232979a9ca38ed9c96d
675c813b,105311,2cbf4ded0173f723023a525f02c65312a2ac2e2b0662a2acdfdbe048afe2f0cc
6765ee48,86388,f8fe8552733fc429305348bc9b7a6baf5c2a479adddba4524021849e66d822fe
676a10ec,95024,3494cdce9e961b34b38d8bf66260475113b160aeaac72841a294d5e85af06239
677a3d3c,88828,fd30d4413ac3dc01b46a3a555ad1766c116d4ced9ad6de261928db29e803cc95
677d7f07,95574,f5efa94181714c121c5c66a04a15c4d62594961f605e37b4b02c442f57b0ee8c
6786c4be,103397,2e039e21890f0ac8908121fd89b7466ec54c414560c88805b7bcb1eee67357cf
6796bb69,327901,b400ed286cd1e9a2805c91e6a3029b5913aeffa54a35ddf248b9ea32e766e578
6798a9c0,893152,8ef88051829bbc96832b456eb4dbcbc43436ba24b59e88be8122af4662bf58c2
679ef515,77163,555765565a7d37599533b5b391261e27b759a95d1ed2e0718446b53d183ccb60
67a8b476,1996946,a9a3ba2ddc5cfcd5aafd542f74fdca7e4816b928f23f70198dbbf7ed09105a1a
67ac5d9e,121949,a5dbcb3f8b7195afa0d4ad4b6fc43ebef49c1f8b0cd74fb64b10686eca001c9d
67afd1bf,87724,152c10863af731c44eca71cd87fe070aed70197f2c69da5ffd8810381a6fe64e
67b2da09,205517,cb8f2eb91f21311ede5f3f46afeb4d9a5c74f5455931523236387078b87145b7
67b9c588,112986,082dec21025c53759f5f3248394a0a65584199508cc0c9435f4a026dbcd1c6e9
67bc8201,118121,ab53925108fa16b3abd5a0c3c81d7d3cad24eaecd568d9e2fa3fe987c8b6c64a
67c4297b,93371,9b2d2d8b26bd416f797f402d97c0a7ad89ce1bcf2f887d08278fcc7a7d4708d9
67c84e5e,90732,58d12b107dcd3eaf64af229595e1975d70ef4059bda4e85335134337402ad431
67e43d11,323201,de970e8c3a59ce513b219068b86d64ad64d09c30cb8b6f06c6104f0bed6be550
67e6ac77,100569,1abbb61b081a7ac79eb16f6cb7df882215b2b391a387419ba3fba2dcbfaacf99
67e86a17,91581,8b6f3114edd34004979d7a08d0cec7aea0e309a328fe5d209f941ec920064d5b
67ee22fb,108450,15cf6061b4d8ea85385349d71d92b422c5654ea853988c4e53ac338b77514ce4
67ee469f,85157,f8b9425e5de84798369dd800d407b3e91c1f3eb47f9614bc2654a9436c742f0c
67ef25f7,95677,e9266fbe8d634a9ccd44063b35aca5df0b053db5c5a3911f1254efe6d19ae169
680183ec,101528,8b778931242884ad95f24e94e25f6a0ae6930a977f48c6a377b2ee271c7d7e34
680d67e0,113506,c379348051b51b7a557788e06f9e7680618d4fbdd0cdbab4a55a0459b1cf92ae
6821a966,76798,e756b6a2f09be4edfa4a2f7f76747372c612c9a9b1df8783b13c6bfe36d0f8f6
68299714,95075,c3941c470f625afd13d47e68eddbfe6cc379683a977651d469915201e8eb3064
6830b551,71434,6acb0eaa8d046a73cead0aeb856ef4b6d606f7c3b5049cf5fc7a6b747ab07402
6831cacf,1771403,a160bcdc5ae6739ad0e90e825db184443d2bd289170b07751b1f159ae61c21a6
68619164,77778,d815e630d169b960ffb4b5b2dce77149bd75332d1eda3b532a35f85f0fd7a851
68678c21,101263,576ab511a6d68b7279dca4e096b4c2e67a9bc60cf1e06c5a16d4429707ae7da3
686ba6ee,87443,8a39a5fec8df8a501e606cff3ae8574e1e8d90b47c5cad4deeecf37cd3393cc5
686c0f1a,125942,612f779f6676043c53625b68cd3b19ff2f9f2cc289cc71505f7dbf63fe30040c
686c620f,105450,684343a66597e587c3b775e4228718e8f2b3a7b86d48a4a1e59dfb372e45da4e
686d0358,110915,5abc2cb7e219936977c4da3cf8288ee2d59ba5eea1939ea6f013ad3f1f212117
6875590c,77016,e5ef53a0787402e8020006e2e2c49a1c459aefab781c0b4cf5d50789f9b2de01
687b62b1,87727,956a95e5a2afa569a470a304bd41c72c070e77aa8ea4fb439a4cb72d9ebb25a5
687f275b,94317,ac8ee76f5d5a97f5b2ef0ecce8eab6e4e6202766f77424f40e701f6d2b12c080
6882ff4e,234398,557a8ae55cfa7945dd5b1b74e517db12cab8ba6a92aa4ecc93d36d3d55a937d0
68835579,1322569,1e2b834d816fd2da08a91c2befc3f6d44d414653a4e044ae1e610773553e06d0
688a6a37,107405,c7bdc9fdcde118993fed6448ae70365414fc7806ff393525be52cdae6955b741
68948845,108730,a40d1c41bda1c4ca100915bea8405eb0486d157779930301ac8c4d3d89124ab0
68aed284,1874112,e837f57fcd89e376ad1f9ec29e3141f2bd1713f8fa3a80d409dde909182daa2a
68af8ec0,71740,e5b8a3e91f41e4700fdd6f63dbbb7bb56cf9392abfae5a77d375776b41124619
68b5ecb2,111680,f0cca2db433fef4232da5a93ea19d91139415369b0807d9613a61a0cf433694d
68ca0682,97531,326a33b1e340f08f9f545eaaf3980bfc0fc0e53ee95d6212748644e635e99a23
68e63cc8,88667,25f2ce0ad467039a13363425de258b0dbfedf3d87aaa4d55425de4abcb4580f8
68e65c89,91624,33624f7df4854de6fd95ac075950bca46a2267c0a5f20b03f1e0a02599b26bc8
68ed3c1e,76906,5529028d9797e428b58963447b01300101b22e2980bd0a8a3bf30865cc471bb9
68eeaa11,90997,c7caff75929e918c3ff81d4ed017fba694aea79689c9848abf16056efb2125e4
6909093c,94894,74cfe257cf5ad0e7e2055e7783391c3aa2982cb1b07eb84fd6f491127614a11c
69112cd3,101976,5f6e83b56a795ed784255386dd4284f9c752010858c762b3ae20993b7b4773fa
6919767c,108283,8cb31aedebb170ea3e4e680d50827f2dd6375d82f4abe94fff280cbf8c8c3161
6926ce15,734951,b06298124f95f37d7ebada897ef880b213a75ca03d738073cfee2baa67df2040
69277c85,96975,c20c056af50e85660950cad6c7bac22327ecb192256078d212005d17687283a4
69321d73,344845,ffdd6a09f3980838f1c5bc6f1510b5660f2a6b657b38832ce539dd9e075e07c3
6933e7e8,91740,17f2aa9c3cb0d4ad3f269c8258aec2137f7f0ddaf5aa54cf61446ec182441ae3
6934411b,89988,b3e52d8b42e519fca6d9e42a6aa1d2ca35f5cd5c41eade89f18ff9f64ec8e655
6935896f,120230,8336a093bba17d86b2d73c5209a8005b6a185c52be65d5c35fb5b7d24b6877b2
69377ddd,70999,f455c6a5e452074234c1e67fe85dce596e5dee7d54a9092ca3720d1b0d74c2d8
693aa60d,115173,db9ad1cb6cb15ada9349eca750d1e1cb7193b33c2ca2dc18a5e66ae7c07b1a40
693d0bf1,71590,f3ac75802c5114d65211e1531eb692a4bc5de7746a61d35c7754a01c22062707
69429b88,75522,2b2e66a55754e5c636f7d9333bee9939b9a4109ba24f088afcd079f682d7cd0b
69448386,113020,9518efb4370d61d113d11b1590e17c30345e3b97c22de07079d3bab76c9207e0
694c1984,74630,d64a9e8c13563b94248151ab0962a72d050132a16d9b1358289ada1f5158355c
69515c86,93861,2c8f3d0f7424e1fc7e5ba126f4e06a94f8edd7a1b7ef9a40210a0b2e9d0a55ca
6954079e,81299,63b5f268e86e66f07ebfaba7837e9bf64857d5c463421e2335534a9bd59838de
6962ca07,240977,7ffd44f07acea23fe87f5a5fc34d35fa7299ff2cd4aae405667129b02dcc0806
6965cb8a,76977,49381877ff2822e3f6f48176b34a95b0b624d137b36d1f44801e550f63e47c21
69707293,88198,9da99046dbc0f01a67224728f96a63e0b17c233f910e417c2ab236c5ba50bdad
697ea914,342494,5c00b094c09a16a6ad078b89770788fa75028c09bb581ad8c3d2ddc181c0ad7b
6987cbf1,83878,e03984507a576e1b36d2d05bb59fe77d05f4532ba85e34434889517be17875c3
698cf19a,82713,bd48e2a55a543663fba26c21ee85432280c00f7d36aba99492eb12bf6848738a
69934f82,83420,86a2a0594411cc6012d76de2ff8619034e068ff366e5bd789f607d89fe728cb2
699827fc,988102,95bcd2886f5eab974672025ffa499ff58b1210a2b90ee8583da9f32274d0b472
69a0ffec,103132,ea7c8917822d6f49148e1d038197372a6f5cc8700aeb83e26d55db0f80b3a658
69a56ab7,107821,ce884929265d1d89d822cd667c94b5ebde333a3b4eb4f2dbe1fb66c122636d37
69ace7fd,70058,47eb5a9264fb26392bde539079a5b1bbd20a85d4b4bae5c18b3580beb5c0a21a
69aeedb9,112156,8e0e29260b4c7933cf56157d12af5145c8e7ecbb02a37b359607becce2f49eda
69b0b798,111869,fd14883e5f023fa2345e543f52bac5440eb2fb0f03adde637b4da69e65dc44e8
69b1f949,114744,32a9a6a2bf2c2156d23b711caa9865da8409e4724e5a041567768655d5745665
69b3724e,99922,d2d125ca7f8cae866f4fb2d2ace1231d0b7dd8dd85b021ba25c1ac7977c58c7b
69b44cb2,93382,82d632113419f618b2d135d1d6b2aaf155b7ccdf86494beca9f5f4608c10a2e1
69bb9441,95562,7bb4e2c59c0dcd0e8940354b9904c258daaa853389df5b9a91bdd992564e0e00
69c04da0,96800,25937533a6fc0455cfd054e941313675967a6c803e920fe7a489a24b341bb792
69d50563,99138,53b3731bcdde1246e9b5f7b5876fbdc1a493b597cd51f446e0d47284c1af9f4a
69e8f952,72443,64c43a591b9c910d6a5fcfc6cc97898ddeb9c088407ea077a8a0c406adfb412c
69ef7c4d,94866,7833c3f410cc59c9995db43a87cb485fdcccfb5229dfc452aff8a087334b543e
69f34a30,83435,35e12c84157496ea61bab9fa76850c3b54d86e8e8e781a4060074e43b11fb97c
69f85861,1929021,6c062a2f4629a406bb2f4150bde8c978136a6fc81380f6b52671bc0d3f6f84dd
69fcde9b,75986,6dd1f24f4e066283d613ef143598fb6eebdfa13d5d13f1037d8257f43ffd457d
69fd3852,87540,20c92c6c3bfa3d6c6e0ec1787a0cd866deb59b06d07a57c90dd3747e2b4ceb0b
6a0fa18d,4143190,a1091fe7145493d1aa0f4237d2cebf444ad82e8299e57ebc5335b7adcadd20a6
6a170eab,73674,a0e880fab479936b81fa4b99f0340cc38b108d7522a08ec0bd9ce261e47bfdc7
6a2595e2,104052,6874dcb436145190e81f651a4c72e4f99749cab42d72ca2b96ad0d55c8b305d1
6a3cf3c6,114077,bd8dd4d9ce5f90f41428f17f5a65f3292223e7754fc484dde779aae4757e29f8
6a4961a2,622509,e81bf888e1eb359edf8075345c55b3732497b88c0a4f08c9f5980ecaf04852ef
6a4bfacb,92560,797ea65d54d5bf2dc41aba6cb755fa0daf53f9da2721a325c545ce26c66672e0
6a5118a3,104925,6cd028ded6ad64a8f0de39ceb670d96b62147dc15a49b84d2c2947d9801ab7a1
6a54a6c8,132812,72f85f7955b3dbc86cc4b06217d08d0a123e9a43c133fd4f316ca3d90e6b3a3f
6a688572,102542,6e0bcb3b11f1c9632e3b0be1305f057b52ab26f39a381a3cd7c50b2593eb83d4
6a69653e,115323,bd68365db9ec708c4e06b467c45fd767c1451b61317f33f1ba8c5d9fda6ef9d1
6a6af2e3,343459,db4e6b4b20aeb7c10a61e1f19229e619b8f298cb0a4b9132e6298c31b073a646
6a701acc,104420,3d13e9cb235e061894be375239112481bd5296a4f790c93531a68bc9f576186c
6a807dbb,117955,5eac3afb844ccdc7b2553565fa6e8445b1a31a8c14990c7995078dfb21699a5b
6a8d4d5d,250477,e087ed89c1c4775e527921d5067aab240cb80b75747a226d02e84f2a807717b8
6a91880f,100799,dc64ab1fd1f4fbf015d14286bc23bac4cad02480d3a332f8b19d8a22a13ef5d5
6a963027,104302,d5e187e7b2a493b82ed2bc26f1387c74ab69f420c678aaf0bfbba68857357566
6a9710d9,94525,738ceb6d71aba4d259941c9e2578a91f9331b218bdc228e73f4ee4ac51599789
6aa3821e,82801,b7a32dd3e0ca8f1eb5308a68728c58f8878937e6638ac03ad9e0d5f7e40eef0d
6aa9d526,117160,950c7fe6274d9a2366df69a6fbd54a121d355c4eff31be804d022ddad49ecb0e
6aab5066,91109,69e664847ec3148d2a93ec1b4fcab9888d62545a1b570dc45c57dcba4c7641f2
6aaf59e9,94004,6e11a3953402636861af897b17700de6b6c1a52b76e1e7462cc208c3c59cc4da
6abb1527,109448,ec05dd96fd129ca38cb227112c3e6fdaa6a4642abc260fe6aef5e4b4d491adc9
6abbbf96,120546,886cc1093582fe66281f714975f5af43207b3ff49867778d688e92be3d676a57
6ac0325d,113445,1f2dbb294716505a2a454c0c215b9b3ed40393e0c4e6d0cefe9eaa6530026bbc
6ac4f9e4,96948,bfcad6c7ba9b05bd9845964ad68229293634ea3fd3b89a3c71080a118f94af3d
6ad46566,103893,1b048aa7a9dc8520d48f9f645bccdd8b086fb00db315eb60ac481b20aa881772
6adfd31a,102912,3c13f5d5945a13f808e907194f107830baeeb4ae13584a37922373cf7041ce62
6ae102f8,114338,3be6fde546073e4885394a36712bec35afc35a60c9dde45d28ae41c8828fb857
6ae44d8e,114755,425bebb8e9957bba3b128ca6dbd0a499682d39891eac7f5f89c8923a08cca862
6af0aafb,368671,31ab328128732d4f6ee2de88ece81edcc3ef770753de061c5d51d2572943773b
6af7feda,1444015,8161f8cb79c4f1c4c23ba37a9cc626ae8220731eaddf50ff8f053402156f5a14
6afa4d79,80850,5786272ac65c19b84a9843d3469bdf2fc32b258eb3f936e651445037d92f9e23
6aff5afe,81837,8139c64859950165f2623cf13af463663af0601c72da41f9ff2c385b586991af
6b00b121,87155,b8259e016a8b75450730fed17393fd0b37f3143fdfcb9bef35313db713a16b02
6b0a4cf1,85663,ee5782ebf1b85fd99b2d3f388f396173faa115c3a81fd3ecf7b10a1fb908cdab
6b0e14b8,109255,e124c325709010b7d7bc21ec57ead8a574caac911a60f95a2cc7a45094277ec1
6b14db5d,75897,996e63e77a5e3c8d72e9b1ba01fce7856df0bc651b3e727c2ffba4481c3c3b10
6b1f1e62,140772,e1dac55e349646abaf5808f1132a0b4d04f8a6c0be48534778887a0a6aceb141
6b20f82e,77663,cbea741a3ef86e033f21d013b169948b87f2cf75c8aae273adc708ea1eaa821b
6b24c232,106152,d63500f00cfaa7f7b4c6b322c35282b038ca4f8269e35c57e1689cd3f2bf90a9
6b253d7c,89343,c4155e5de9e8adda600a399336c84379870e7e7228faec49e95365e2ca138b7f
6b3286ab,77092,dfa161459ee96027e7830c45cec34fc8940368c1e4c4724f578dd01d776cd9e9
6b516306,880538,8098fa1cc13c364a72fe767ed726d5319ec9339dca4b4fa0620a85bc901dbfd0
6b5dd18c,82921,3b9101bbd290986fe042ef1b891253093473d486e05c8c4a71909e687cde3347
6b7c0348,96634,35df0637cf37274cee3c3cf93a35f1ad312e6c52bb026c5be77cda848c8fee3e
6b7fa24a,88797,ab37386ad5b87a641e0580cfed75baec669b109e8ab0166e5f6a4dd0b37dd087
6b843ec3,106457,e2c835bc24928b4c1abdbeda1c0878b64b045a581bc5b4a2c0873c5a9835ec7e
6b89ae64,79635,6e25dcf4cc8445f49e49cfbb999671fb9b66a9e4337d9826f7407bc5bfa83c4f
6b8db20f,108969,d768dc634760671848a1dbb9bd233b15860c556b19ec315ceca992b7291c59c1
6b925625,127649,772f3c8aceb4fc68d3cf4349c3c7c3ef01d5299c471a303baaa09e0e1c436785
6b9325d5,106142,e2b7c5ff685feb214ca18856ecc528f1ada57ce3be9b88d2c06f043e9431a137
6b9c74b2,69560,a034ef4bcaa295300fdf289a63b133eff4dfa5b58dec5fcac2cc6b1537b48f5c
6ba8e795,86005,e4b762856d29395421c6eb49c1670c64df7fba6ee0f93dc742f19d4aa473f912
6baf7b69,95960,65cf92efb1332ef7080f18652844c056d50b898a7c9b19f290776c99b0be599e
6bafc530,82872,6ff40cd60c93b36ce54f93f7aa35e24e57e0d649129e91f905c1ca06eb56cfbc
6bbb85d5,112502,4fbb4a5d22f2b66e95e75e58285a3bdc28fa9b8b88132d805c4f90357a9fb2b1
6bc2a504,84310,f00b7c2ec4c82014f3ce6d5b41fa641e903f1b8a2970d48d166a5962a9cc30d6
6bc901e7,113893,5b6ae6c514be1e8a1483578bda39d6ee6305a3321155102caed0e54fba6dcf10
6bca45df,1196267,a1c6f8962c6a1f2112a406078f7498bf27a05484ab4a793525481480de059c41
6bd398d9,81222,92a7848f400a37691f6a92ad27dd8ec9c1fa80a737257598b87f3e4e0b97c750
6bd3ef30,79314,8a5834dd4e71adac53e8b9570521cff6cda87efbca197daa7513ba7da41e8abd
6bd77849,235082,3e63c8e23b9928be95a54c8d07d4496e7dbbcf0e8021b2ac2db03dda36b15eee
6bdb0863,86241,1f68b62cfdbcabe6ab3202a5de136df07a4a4ab64a116f3c0f64c647e6355384
6bf9fffa,101518,ad7286b623814420be0339328f27af0ba31f200916019bc6793b01480f02db3c
6c0e441a,101118,c46636f9281b2f15ea8f0d096657e8968329d79e7217e357dffef4c53ae6de72
6c153bd2,84210,e0731869995b9fd051d49dbf34fa882e80d657ffa1cab7813b0e60f05378dd64
6c19d11f,77314,21597022f1f66193da8f6d539b69ec494396bfcfe9308fbc4988766a4c08aa49
6c19e584,100652,fb9cd3e356e0684237d4b290c4bffc7c0945be3d4010af106fd061615abe9f2b
6c300973,88192,5724ca15dc3eb258f7783622f4458b883ac83fad2f6aeca67c8157b8f33259bb
6c33d7d6,97170,24d767fa09e95c36b00f8e7a9a4a2b9678f2ed00afacb01327b27dfcdc097f39
6c3586b5,54710,f64ece4e3c043079b21a8700ea76c91653ff1b02da24b46afa3c2fea8ad8ebdc
6c394692,104864,e3eaeac8b4a9707655e3d6584a394a83dfb99d8b437270d9f89a08c324ef5d89
6c3bf379,80863,461cfcca40b6b3328c785663249faac47aa5796f7b1bd48dd74d05fdab9adcea
6c419eb1,352467,7e846cbb668d67bcbb42dc2b5a8e686d0720419d2e6b044b43c9026ec29b2086
6c43cb1e,116226,d5c611d66d90fbe41abeea8572e514c93d65d838445f706b4edfd8e5a2a8265f
6c50b3d6,72468,d5fd96321c2ffea69c12f20dc59ecec5658fcc7df63b97121d8d05b3693f1b6c
6c536761,80843,1dfc13ddaafd871cafeac5dcd7b2a416731db4c833f826afadc2de936d264a6c
6c5b1fb4,118710,17e57146d1fa79237d8c89215c1a3b2eaebb076f68d3d78a3ab036ee68cff8b6
6c691a28,127419,856858b757193993e4e5294fd7a32bc1b9e3883fe54105c05ace081a99fe2737
6c757045,89399,aed205fc884139d00b5f058ce0baf4b4b85dcb4e1b9e76885642bffb3a8e1791
6c7aa51f,106356,ab46d1d75c82d5479fa42f4a840b116ec602fa993844bae6d6ff12fe6377c530
6c7ee983,106876,f5b3eb60c291371dbe788717d66bd7c3c09bb31ff9759ec263a7204e234b3a3e
6c82d8d4,79542,71ef1141206b3fbdace89299313b8415f34e6f3c8da04d4dfef6618ba549d8f1
6c83bb2a,102495,e909065e9a7b4342eaa27c566a7a1b57a34a65f3d4e274aad2ef10e4bbc576e8
6c912501,120385,eb31ea9094f5ad058eb40c5be65a03b42ab0d3c6a997ec50a555ddc6c6897a53
6c95112b,119781,9aaae8b6894d39bda9b6ab4d099d290b752de1e1a1b6e5f138aba40e2f86e6c3
6c969089,271147,6da806b215841f20127f74e5a2c4051f121392f1e8b77ac908b796ee67dc1957
6cab7203,111268,ff21e2a8c18a1e748697c5f53c6afc6004e05ec30ad1a8154938409267607f87
6cb336cc,209863,2d9e773253d7d1552aa0039ccb606d582421d1513bd6085ff53d23599099a872
6cb95d9c,72433,abac9157829d6e9b1d66620ef3b930e158406ceba3f3e73aab21c46c73e4a7e0
6cc5f756,102110,fd308bab15a0fa55aa2cbbbb8245a5ce4518c61c78b04f184b56bb9c2a9b92ec
6cd02982,345067,08109fb711209142638d361f689c8d5f36134af4baa94c780f4aa52911e2a584
6cd2b92e,98822,f19a7ade5c589289823c7c36869370a0837b6406aa41421280435235b43573b1
6cdba156,102477,fd13200d4955e37f2e11b528827a460741e0c89a87d428d12b56bf44ea8ea64f
6ce6b974,80602,3070b15fef4afdb211cbaccdfab868fb7a73041483f58d8a19fa97b57e0669fa
6ce7ec00,66525,718cc5bf2f5c145b0cf71891069f8bab06399bb1353c3da151f62a124408de44
6cf24f0a,273689,6c6a9d08266bfeb5a8c3f3f1daf580e7f9016fd6530911b3b78085b3405e1b8a
6cf54e80,101170,4c3fee52d335b143c3491f4f8477d5c57dbddc8ebcedf08a2c5ce77ce385be6f
6cf9bee1,77129,ee3c9119dfceeda67249093bd506c86d3264fab8ddcfbb7499915ed421229f7c
6cff6503,106445,c1942d5e7ab58b61138ff91718d8000198d5bdf12db13e50362eb1d41c3b6f99
6cff7a8a,89695,44ee619521dbe8a673cc9ab4ddf854e04b885b170b0cd3614e0ec389b9a8c94a
6d00a3ef,110923,641e8bda6a57f15f8c394c217895094bbc9813dd8b00491161befea0643de25f
6d048a24,106877,7ed4d62bd6fb46598fb43f31f0c3d01377fc96ebb60ff6381084363ab882c27e
6d0ffff2,75239,fe002b350253ccc0d9353f94235b91df0eade2315b292699c5d2408dba7895e1
6d52921d,76424,879d06b61b188c18847a42f2e7545b315993ff41c2213f6852a66b637e7d0813
6d5c46cb,77420,717db636abaae4e06ff18a6f5bc40a1121fc6a2b5b179c9ff795ae31d96c3a84
6d6a4351,107493,740f977b9a8b9645daad036651e2f664fca3bbb7d20764d74199767a5ae2aefc
6d7a8498,94266,a0adce69639deb77366355a806d26fdb92935ba3d74b6665d44a2211564c4906
6d7c908d,74702,0144b451b3a087929c43259009c30d5f8465dfc2a7e1facbcded6d3a8b8a7dba
6d8018cb,75840,cf56548a59788b734b3cbf3658a1aca516f1bb012c5ea8d903bacb7ea6dd32b2
6d84fb02,126783,d22a8e3711c8162c0eb0588ef8038a1f10c9ce50f36f22547c56688aa20ae81e
6d865ae8,89936,1db01f22a5d8409cd5a9971e91ec360a622a912fb6cee494173f83ab3440de45
6d90e486,121343,51bc1f5eeb20245883538666d1ae00b38e7c0c41fd2399da03e4823a2edc88f9
6d937396,109154,c48a1388f7e29fd059ebf6c915808ea04976f32786e020cf4eec51bbd2b3f91e
6daa05d9,81469,5ed46e9a6292c3ba5bce751e588695fa6d88029fa4600c45bb5dae15f94e0372
6dad7152,100770,d2d0b17e4efe8c440a7ec3cc712cd49bbfe53f31af36da34adb1b84e9f58e325
6db47719,100421,79c02f842dcd283830b5d0d3cc3e4aa8310d7868a0391fd3f063fe8564ab4986
6db7794c,80273,e5aff17a8b92fbe51695db7e784d589b41bc547db6f691c550703e1d063a7ae5
6dbabd60,88820,4437edd9b7471ccb069c4b76225556746198f620dd26c672df3f52c0e44d934f
6dc442e2,106119,254b7493629c54f9a85532c12b6fd60e35a70e94c857c3994b05e3d5cd73b92c
6dc69bec,87750,72d03ce58d41b463b1b0979e0a702263fc40f590065712ff55d3de606e719301
6dcf579e,106250,4d7746b31a67c49177d097134a8e21dbbb822197a3976026531614ace1f619f6
6de0fbb7,123655,a571a1e423693f2e3e7b962ae16d081669ecd2f9f55208125bd77f464e46eac8
6de9296a,115709,163852d5f6011999d33e9776a541f435002c8a6cffa943ff2acc96b8f1a26c8d
6dee01d2,72998,29abe6a41c5ef4a1e39c2dc302f32d2c806a4b0b538a8e4233b27a8bdd367e61
6df8bfac,92159,98acad5f48e77b6b0a4d64de963dfa5bcc3832486e3cd8a0109c8442d0f8d656
6df9b6bd,96552,e8d929ef0fcb1534cfa5b81c78ffa4c15b9b4194c3364a00728678185785cd6d
6dfd6452,105473,fca6694d4e328034a10194c700405bde2066d3d7f815173be7c82f41852d5dad
6dfda813,74660,2fefde411623a99ad5f6a2c650c912b387337fea48478ba19ce1d01968cc6b88
6e0aca81,1521024,bf3f12f64ad0fc4816278dd9f2b6e851db031643f9ca1420a4ae23f82d046662
6e1a81ee,82200,2efadb62afd1b7c338a8075f1d8948d84cc59f34c4f2b92d58780a1b7da4c533
6e2400be,83662,e3da4de2487b6a373a1443de7f784c8dfca037ce4386245ade9372eb6660cc55
6e2a6857,110567,8b4bc1bf2988121722b4b8af4a009a7ec6b71693b056eca040a177e2be1c827c
6e37503c,94619,eb09a986da1caa2456b3dfff7e618e6c3dfc6ca531937240a9c16993d3ecb333
6e411816,134286,68459f214a88d2a5bb028ee3f90ec7505f96a5ad051bd0a47f65a866da9e2a3d
6e4a4076,77914,7c319212eb342593d2f53cbec2578c8f22e0f8ea8151b050ef92d368e8a9b511
6e539e82,84228,57fee2abb39843d1e5eaa421e53949360797affc7b06b010485622538f1723be
6e5c9df7,81992,0587a78c110b7f3668bfee7c70550394492213df9d87ce9558cfc6a88e77579d
6e6aaf19,859096,40cbbb9287955eefa78427735ee03966e8d334f901b7802991fc87889dca9c2d
6e73933a,85217,5a473e8936a7866372049c2406564fd29f40ff21903aba8c5e904f754697dd19
6e74fd8d,92449,d7f6c18a18d0756615d66f3b08090cb7f714e111352637ec3790272b02068cd7
6e80e6f8,74357,9825b3de33fef35d543890c113cb10c3b76459baa672f4ede66450c16482eb0d
6e909803,84760,3d5f68fa339955d779197ac72ff2c6f39bdcb1a473e33dbdc7e0a7e4169c14be
6e94224b,79812,887cc95b9ec10655dc8505ca7bb6e74a0fa0a74a0378df514ace659b2732168b
6e968f92,102073,3fefc4a65da24e53d06e40f24b663b663bb991722af849d7a2e921ebdd77e3c1
6e96bce3,83936,a858bddd4098ac64280a14785c8412c8c7813e04af289b9f7b4dadf3e2299c72
6e995b7a,829312,e9c16329f2d53ae215726b771fd399c0c7d484a5c9694247825b4328e043b77c
6e9c6ad8,82164,b0beb1e425c6942428c3f0bbe3e94b523cf03213141140809f5ef2e486c9689b
6e9e7418,209076,fcfaa12b922410f80ccce89caf407ea3203b9260ed23b5d2af3fe4f6a41395f9
6ea463d2,2083070,28aa5352c9bba8a0395a79ee9030b969579a61a43b23bfe5ea6bc1cee52aaa87
6eaedd65,71158,06c03fb76c9aed2f96c9ae21cdcf95b3c94ed0c96f11972ce8cf4a5a39994619
6eb25883,91055,c5ada2f9352fdc7b8f9a8db1713079c74ab8b6b749cbb265b1c76af7b79773dd
6eb2b838,114500,08e0ce16f067f34668dbe467c18879fe5d5ad180299050ae64f5f63c25783115
6eb381d3,88645,0d756dbbaf958e1dd8806a5072b033a296b874ec261a0342c1aa12fb6c9f4a6f
6ebbb5a5,115770,9247df98e389f662de5828323ddbd59d64a07c9aff991b02f1b54c8385c95ba9
6ec8cd4e,108371,75282a1286e293e9fde0a2b94c862cb860766429674357c12fff60ceaf5ee1b9
6ee74a87,97717,f1f7221a82a044c154209298965bb26d9fab48c5354d37376b9af3afcdd4b1ff
6ef05a8c,100212,32e779f22348b26e1585f03b1f259f33e3aca9d794161aa1832c9a742cb6daa7
6ef08bc9,84474,94a784ce4569c8b1ba58798a82ea5d740029bb999c43a8ab58cd7be29d933101
6ef9a85d,80346,25f5f1b9c40e1c5ae6b5329019fa90f211d324a8dbb73b15c9f67ecdbf5b5847
6efde40a,84342,b70f0325bd78878ef04e10a2c1b3a469bfa0c5070f74ee92c8a4d80e766e9910
6f2acd6c,100207,9ffc666c369675294158bb07a7b85debef75165cd3afdc63b37ba3a21ea4a6ff
6f3353a3,286042,e349674795d376cbb43ffacfa24d33cfe3fb8ee32504cc59cb633a7f583d2eed
6f381753,86451,ad82521cef9e2476d70a9f00fda1aab1b25199c3f819da6bb2a70d8213ad7036
6f459659,99389,2c8c69365d8a86ebfd7c0caffee0bc588d5aadb99a59cb80a87c7a3702b88342
6f4e4b4a,70463,cffeaaeaf07c8b66a93df083f2b1bbd58522509c029fac9d931299e7eb6205f1
6f503fdc,86551,3cc37783e4779706afb1347626c668d821a13d56e34585e1e1492bca1b4706d8
6f61e61d,70394,35843787074830e3ae30f4ed12a604b3e49f850281ecbec3246eceafd81fa782
6f689af7,109488,105973e0c5d76de8e97f0b65467b551663d36e6caebd5c47f9eaf6031ee546a4
6f6d0102,89630,8289ac7bf506adf88288c6df2b1f48a8466c045320abe32e65b76bb7f7746e9f
6f731643,99726,ff80cca1f076511f37508810430066e4f6fd74fa3603b0f0cb4db2ce1ba198c8
6f743f95,82703,4a96fcdbfe5184a01bc936320b60ed88e9de92814db18a757c0bd7f7f8b9b906
6f75776d,82659,f0e2764105842264f8ff02d252dc9d83e7a504b937b74aa0f6fca25d90be1209
6f7b6675,103003,577b2be98b1f0b58269e4c00cc7e3856e54f7f8d6353d2405aa48b7b325aed20
6f84f1a5,67558,4b237c34b5c3f59c8cc7c92ea4447276fdeaee832b5a7dfeaa12e0c19150f0a1
6f8f0ad0,93967,e4abe4f21d7628709096280b44a5f24af3ae776ceda65a1150bd454258faecf3
6f97a21c,103364,a322d53b5997f7e67195b8bc4f0281e4e73a36f2e89c4d4f99c9566dd310bdbc
6f9a0f9d,903987,5b1aad05661c9ebeb22b25c8307b2c0c7db8e8335f9a633aef7f4e94d9711202
6f9ac631,78800,23dd72d0c2863030fd747f3009441c03537fde9fdee435b3a4478c20f93cae5e
6f9c046c,95670,463a2fac6ad9797fe8cc8158890407125409cc4f23d83d43130db9126d6c9ca6
6fa3c93b,282053,f094b6c811d1eda3d396c379d9c9ebf6723d77ea0244b6b253642a4310fc725e
6fae6718,77408,5236d54f658a16ba68649d0b85bd696395df9ad9612e5ca58940d93c232112ac
6fb087cc,302807,967158b955a68a4c8a164b0ac0aaf771257f641077cde6e5385c3d482a10f251
6fbe27a3,102756,38574591aabe94517fead3e116e976db34bdf67159b170e48a7b53f7977fac9d
6fc14211,82901,c830777700a48a4b43589995d975e5294745b93ad68945cfef721fd06f36d495
6fc910c2,86748,13cad9e8780a6ce2e81c143a5ba7ac0aff860381cfd02d1bd3fc138cf57bf6b1
6fcd8c81,84827,e86dd9564c90bd52956329d7be3fc5e47366d080b5c8c295147094f0cf2f1539
6fd0a07e,261065,a984747df291801eb02cfb727fd0bd9b6f8f633ddc55251825b4f80d313b3ca5
6fdb7c59,71188,28582eac360c9c58748b4da5c8f1c2f9bc1958399a7cd56536297a790de9ad48
6fded559,863371,2e998146aa2578493bc0bda43f63152f4ee8873b3911d762bf303da95ca2aaf3
6fed91ca,100375,0c9b16b2874893b3fe72784320a31f74a49c700b9a9f521393408a3cdbb834dd
70008782,101213,fff37c3e606a4a17e4035941d86719564ef94737ae6d255a5f9329f426b06861
700c4947,105853,49f81027c69c91e3d47d3d6dae2a030fb3d448c6aed46a99d04bbfd7bab7a1e5
7017f382,80813,23624809e8434b81f1d279a030d84955a32f6ae0a42586894160db4c8ad9d864
701f94df,99542,9c537066af79f12d33bddedf3a29c15e21bc53714d1a625b30b7fed87905a678
7022c79d,83045,5a3ca94caaa11577fb1381b1859ded33c9ac31ecdfadad693bcce565794af6da
702f25cf,82641,600433114096a1037229c0619a6043e6b695351aa14c2ba45b36b22663409798
70397ec1,108251,161dfcd1bec767160124ef6365b0e7d37c246adff3ae8ca25274d57ddd5b8db2
703db91c,103740,cef0a1716ef1c453f595d9cc843074599570ba0d34e9c3c9c372a22bdb86d81a
7043487e,82835,8c00ad409c2e7259e5f24b56a57854358caf6daeb881fb5eaed8f3447f5881b7
704ec92e,74898,5908077228be2283bd8e5213ae4660612ee43bb5155dc798868bfe796a19aaaf
7061f600,342223,58085bfc9fa3beb9ac824f3be3a560d3f3aa5cb5709b17888927bad9dd0803fc
70620304,129096,c6cc9e0004f6a810485d58d0d814071edeb5424c5015312d283611e6c4103ddf
7063e5a9,110691,1f44df753c5bef0bfd1d804e5c0e8d3f0b12737790d78d879349039fcb8dce98
706b2a95,89696,842855d8ab4f257f67357cfaad4cafcb97095215f35b4788803b63afdcca138f
706d94c6,95154,832b23ae53768b9c1182164645d72290819b57133da9560510a562a89fb61959
707e53cf,101924,bf0427543d592ac244f3b5cfb2a43bb893fcc8135412b370339b4232de6b402b
707f8824,114735,72b7475dc571448b2fcc4cc3a711f94c0e266492b237a4d9bab391cccf1e2f8d
7081955c,70496,052f88cc89e47e5a78d867d37d9267e3f3322181938a3881f61853417137193d
708bdb96,100391,bcf0846957aaa3e0c63c0108141a8473b5d3b37a74f73fe8bbf0885eb9f32974
7092f473,83914,1298457b067e5e76cc6124b974c06c892982258d7bc60f0d706f3a53bef50134
70955b24,92482,b254f0032fc3413fd0c5ccf628477d8fd5b7de98ea5fb3be1fe6c2c5f7dbc294
7095950c,86208,28681be8fdf676758188cec206b2dfa995427562d0067220acf41c9fabe0d156
70aadc3f,84775,d7248dce63c9a9f370b0afa3f8e3b8ad70853c6029784b0ae7d31b951d5c781b
70acabe4,98252,e088587334df3c32d5cb102278b163c7ee7c55cba1215c8320587e2686696bce
70adee38,69881,e01ea501cfe884e4afaf89c78f5563b459ec37a34ad55260733f79e2300ea483
70ae9654,83745,4abff924db052a467e0a854ff9b3bf31403e1f70b5ae6efe3c740b1543def0e9
70b8a811,90412,7a4580793aea12e029377b6ecb077f70309e626cc45c14de11917f96a1f65f93
70c3feac,97725,98a25d7c3f613edcdc6b76970d30dc06ab3aad3b5aaf49527fe31764541926a4
70d2336f,115344,807c11626667ff2ae972773ab0e6b4e6f3fd2f4c67e1ffe2d9e5f8c844bfe13a
70d48322,77572,e7629c83b1e360ed00573e11b74a327dcdc0cb9a2cbe9b472ccba50e9246b1b4
70dfc7e4,644319,05e174cd744f45c42daa34b2f8f663fa3ac95a937b8c35ed0b355d05e75412d8
70e801fe,84346,c252d8b2288bfc27ccabdae1707f5878a7b49ef11f32708501f7f01674df8c40
70f9003c,75889,90054eae5af86d401ea66f4d68dbf3c383a345aba9574b96ba368942b3b9f005
71118374,63975,cb87b5c99ec4136333e360060deb42cc242afd1518d7aa2705cf9459dfd3140d
7115a544,82771,aa5855ce77a8e53665ab52f29a89ac034a911bc6bbde453ff15f9a3986c8da05
7126d584,82544,fd637a3b1bf4c7ee51b6f8de223178f1501f04e28ea5671eb1ebc888528b964c
713290d4,421520,6367878c5cf03a2f43fc4891450c19238df49ec848a9eb93058de256206d290f
71362f35,105902,8235b25c3f6008c0b3ac1cbf1d16fe723be0d2eb7210b5a60daac12e8a68e682
7138b016,64182,17356338d1048f6e84c69367e9d424e229fe21c9eab0d1a14625d5872c341432
714c1821,100709,daa5fece71d31437b196602a70aabc25c3b4fa71b5d3007265cbd86325f9f1b5
714d3bea,86324,2bf333c0166a061f227703f58b3b7777f00dd891c57867dd34f093bf6d087d5c
715441ec,71388,af0785a2881777ee8d87136e5cfafb960eeffb80c18045b4976d9728ac74e362
7160b458,74001,787b6b6be7894357c5361a1c4e97a07c4aeb935129070d6db63f90761886e28a
716e54ba,77099,b30aefefc68811b3c79c46200ec7fb83518c4977aad9c3a2d80e482a87f71bfc
716e5d39,260567,025fe48ea160b208f5704b5d6585db1c1c98b6a50341f4aed78cf0832ea37b76
717daeaf,102167,e8b1415de5808fdca1f07f2ecc41f0888da194b37d3d9860be9146cb75230a4e
71832779,120298,e06a335dce18762d1947c1234419bbde96cc5f067b45fb4baec26cf5c06ce75c
71867cbe,76672,34a9f3dc8264ae6d483aceae613cbd404a01e877c85a7812e9269aa804b447c3
71867cf3,197521,164bbf0c1a1f57ce3572278f1fa928b18acc60e2cb762b64a324d5429db3b148
71879fec,72414,c79c82f6f3d111d2a0dadb7859b4c79bb40a582cade0e55ea3e30acdeac66954
71890484,116616,1352a04d735d8429c5659de9c046ba82ed86bc024b943858468befb834d25c86
718b77aa,75533,96e0604b84bf5d6763ce011713cdd4af8bdb160991d352babc9aa421156d6b2d
718fda55,127851,fc7a9bead509b8e037ce8483452e892d450a8daacc417def88043b7b74286d36
71909213,4351019,7d31581b69f6cc878a4653ce0955b3aeb87ff52e56562fa24290754e687748f8
71976287,73259,d80b3888fa1ff9facb5d6f445f5b43b581c6103a7e714ecb5b5789f99dcf5371
71a0e90d,494867,8fbb45902bc6ab0dfafc8769adb3e15c01bd9eb4c1336215ea3d9371cc5c6609
71acd5dd,90549,caf181aae5df26a1a36598ff63e5a40addb9e2a13af1e2549a5150cfe5d40279
71bf7498,1721854,1217a78e8f43e805c654db1e36feca62b2ca2e4ee2200752bbf915b2d10db94c
71c9be4b,109828,0ed86a8a9c09e81ab14812359af830c028c6346e8dfb5bcd695f3dbe4da7c63f
71d26ee1,82741,f33717fddc8cab5cc5b035d68a88b32ecbc0a889724e295c98a4dfe21343b222
71de6e2d,78537,0e42e2d154f0e59b510889510c5d22b8655623b3bb3607c8cc399a774771da14
71df7db6,122729,9dd9781482d7b47860fd70fed447ebdf93bcf818050f447b0ba515a3384bbc3b
71e23725,785099,fd6abb91be3156fbab0fa7156330bdc50e7a6cd106e67d3d6c94bc5d18128d08
71e4fa48,108511,ca883a116a832a99bf32bd8062687d7468d195c51ac0cdd6ce77dc247934907f
71ecffa3,82402,9618bce17649b272fb182b55532dca3c7c934c940395068a7f74f2edbc1c2e65
71ee5540,79875,66293b0e5cab6ccbc77f851a24680b3ba65d7cca434e88add36396c977d6b302
71fac23c,108263,e6a58905f46ef9769f73b7f39d715b0046fc6ef653bd8e0fb576bc182fc2bdba
72092661,77035,fb37047309d80abc485fef06cf1ad8682f0f1330c92b51645d4178c378b0f92f
720e459b,94133,3818f8380db65e07e5f04d2c26f4e00b684392399053373d157fae03173b66c4
721badd5,81330,04b32e1fc20c43af6c8a338a66db4decbe3acc38e2ba720efe1d684dfb7af8d7
7221c5d7,1022834,31044251cd413b3ed67a27421c9d9cae4e86595cd10024951b0f4a7ca0979001
722e4a96,103433,7a6c105718d9b1d3f7c59c73c19e78e9c22c35e5f0b7b0c19bf6a347e12b085e
7230a58c,1906579,4b250dd809555768ba618b4a72d90dba68d6c1a91cc3cd2913c1a34f1710e7f3
7235345f,2090329,d01adba772678ac4f05dfdd781b1170dec27747147945c8d4ec632f03048e991
723f90ba,100825,d9e9d2712f2c1905161681f8d7f5357e058cfdc771af85d2dbf6b182df5206ef
7243cdcd,104830,39e2df66ed81951ae738f4d32e29c037206023014c5bf2d49d9cf0bb6a6ba89f
724500a6,67945,6796908d42a7abc86bfbdadbb0989b749332957ca2b518e3936396db3d92c333
724a1bee,199771,6248f920e61d4e9097ee8a6ef4b4ea9f1a668416e8897ffe973dea310e0864f3
724eac45,100540,3e20cf2d3643a7ba2176d90cb14879cfaff2bc574b82863d9c79686eebd0da85
725f8548,98759,f11f3918c688ecf6d6156c10be14af3acfd2907d018ff4018ed40876e27ae0af
726a27ba,104126,c30755043c299b49888d7a869e8286ff99bebde882214239698e4bc90ada2785
7270c4d1,110196,7dc69cfb7ba9e709f10548bd540106a67f6855aedeeb4442aa26c3253297dc46
7277cc6a,316005,312d783a98e4f8a9d361273ed938564379abac5a01132cd5f2324b953c4c9dbe
727d0547,102360,81ec489c250c12c21159afc998535c6f4920cc66cfd5178954dea17be3b7fc57
728abdcc,79057,5c1ae833c70bcbf7f96e472d8a06e24797c3ca1ff0ad1b0c54b78b81a6af0fc0
7291956e,115829,190ba7f53e42a783343472e07fe13eb4ba1a7c9abc1d0ab677b2f5562f07154c
7295d5d0,105522,03524a987fb2ca8556d5538395cb098124e35f4f7ae4b1d495d52feaa12b6a19
7297823a,115995,a14e2bd91520fc8ba514202c8acc7f6309ba4886e4aa4483021daf741d2614cd
729d29fb,115372,d2fa37665553ed885f602db398d52204af0a00141689a5e3beb85bbd8f42d192
72a15a37,96298,0a23e8c3f9bd60f4ec08356ff66bcb5b296c6ab77ff235acf1709e166e1d71bb
72a56c76,3842994,c779da89fb501720f470143c88162f4d380166076fc7d538ed3abaf392163e11
72a89ed9,104481,06d7eb31b9969b4bc7d23fc9345ea8931921232320c85ddf884d49cfa30bb8cf
72b0e9f8,75001,021b2829aaacef221709127843cde3bab036964dc4171fd4985a10ff3e6fb1ec
72b19ef3,312920,7158efaa25b93ca8360455e86cf6e00c8c8034f7632f11b9272956e25b40262b
72b1a450,107286,d4be124b0d4bd96f49ef28e852c47abb9d6952676687b2046c3ef3a75f84c4f4
72bfed9f,77415,1edf124c6b502fc55512dd105937e6bb25e3c9af6c43e63f490bb130f60baee6
72c6a505,76985,9ebb01b28e6d4c1e5e0937d85f8d2298f246a46c997ac56431d3449fd338d463
72dc0c2e,824074,5eaf5c10c5e6f8176fde0826ede2b5908d947bc16024bdf5e0fea97bd35a162a
72dc5fb4,106873,ee93c78cb30381415367c06277ce6b1e6a260609e5854754cdee5b0d74e79366
72e7c330,99335,879d523da2b889c19a7ef3ab9fae18f910549737be2332f2fc903404adf855fc
73011bda,106540,a208b189cf565f5fd6ea3dfec47f8e272d0690aeaeb7d00ce168512125f5b53f
7305a11f,66628,e6a87102b8ece0f790fb4fefa451f5730e6728550cf874383c784912b3c2006e
7309cd1a,76963,4736358fe1509d5de105ae7be3f7f70dff7557e46b2c803188ef4c02a25798f2
730b6f41,87126,5409e06d9c6ebc5a3344f2f02d2fb4a1360c244560ff394b64b90fabc7991f96
73138b41,78697,d2820c25c1662ac4523fec870245a549ddf13e034fb4ae0bcd35bc9b8be6abcf
73145bcd,77639,55b283471676267f1757549b8b26533e506546ffe839cca6242a9f63ee54e21b
7314c4e8,67582,2b7b879f9bfafec297fe6724c13b7eb2a7c9b3854cf5ad1316d8aecce11d0ef3
7316f495,84628,59f788cde62fff8676cbe79d3b3ee8a4824be6c66e61667bc3c897406dcb7241
7322cb69,126522,28e7f8860c62ceb657eac3795812f1a71fc5afdf9e1cc5e7fcb70eb26555c0c6
732acebe,100726,f43f67fe913568066c48f72a3005c18f7d9ab8e60aaa248d777118ddab48527a
73315d37,106285,cb757c582394e8797225830e4511f5d11abffa2cfa08e9695f40b32787aa62d8
733340be,636361,a7e6c2a43a6e214a287d1eb7842c468c8d8dff9495a1c35aed5b46b3458eef27
73335e3f,72702,374b6986405cad44a89877ec5cb76d41524d15c1399a5a3ef5af0d23d6fc6d43
733634c3,96870,4bc26899be067043211e5550efa6a7fb385881cac9c96e891ebf55100a250c4b
7337150c,75572,5e2e6e157b39270c6139ae973ee6808f37bb9c0d0ce7a0d344f1dce137c06930
7338a178,78212,3928d5c09d967d65ce079633a27559bfb432ae2656b826c30f297139fc0286f1
7339b1f9,82704,41640880e5ab78f00bbccc9ac1d84a90cb13e64cd9c780e5390158d6be80aef0
73442050,78523,97abd31cdf2fb5700151e67fe7c3620f702dc27230ff83186f8564bf68c852f5
734f8837,79867,21667dd0ed8f967ebf94be37964949e02392e9c5830aa254e3c288f0283e368d
73573428,90380,9fc1aa6a0514b02c3fc962ac9d6775d9f6bde7544c284cb69ef829373065c5bb
73618b31,100653,97eacdb965528b6694dfd41c36ffd5c2d08ec4ae4f3f60b4fe1852a7970c10cd
736aada1,106366,b1673b4a26c9259f1ff7545429cbafb25b300b0a8890492519cbf6bae5b189ae
73720dfb,982298,be70eb4eb467f744455aab1a9d9c8b1d4d1036121a3f40a4592b2ebd135d5722
737ee916,120071,ce746d69ed9cb1e865d5b47825ab3ecfbc3cbc54f41335438104a8637d14de82
7393a101,91796,ade8c36b3a4ebdf8ad2df3ebc40a0c11cbe4e972498ab7b5b3d7a90f915aa52a
73956eaa,76673,1acb142d6f6f334340ccd6656fc2a36b194e6208e8fa996baa2c60af9eadd39d
739cec47,110991,136d51a54f3423ec86db2bb0bf16b0e22ab1eea30344bf87a63c6a254b1c6e38
739ea0f7,111459,9df47afb728ca73343e81bd6241cb2cffe887a203cbe5b84cc47d7199b799b68
739f3fef,92301,73c7f3e33a62bf5ed4451b9f77b8365c713922e7ab878765ea09983184145d99
73a2c90e,76936,27f21a7cdbf87354061cab699d1fa5060937e221180d9a988a82143f386528df
73b118e3,100608,17fc956de31feda49e222201b04cb6ede68c6a32e6f77615470a7d3dae464071
73c736d0,130094,efb58d5dab95a1a0e2b356cf42c1671df65ae617b23a79f6f3085a860716a6fe
73dd4e6b,1086342,a2a61de254dd7e6eb9d9364faab35c1f8f0e8df74bf00e81e5220d4279786cf8
73e32ddc,105237,0fc80973c6674366a45218c857c082a9870a6c172858d78a65c6a7705c911077
73e7559b,95489,9eb4e822d52f20f7b8ea7c7015ee2d6ace311f0a972207c726394089e4aa03fb
73ecf842,112226,a4d322e576cb06f866097b2931bf4a43e28deef837c38007dc3b3359f064e29b
740a8697,307075,6d1c8d16b105054ac72e89076398ecd71d089667a5bd6ddf5c7b282a0a0b8cca
740b14d8,99830,8e49162888a6a64bd2fe3d887dd8aad7f257f137e3d98405e273b39e8bac2457
740c6443,109680,72994c2c60397d49147f7b560b52b76af88e23e48aa863eb0737e2121b0b7c14
741365ae,70203,3b0c4cdf3e7fd7eb44879f77ac914566a85071cb8de66fb7e84987781afc688f
741a68d8,96612,fe15590a9921219867b399021fb25a37832eb7de6638f9bfa0624c28ef8f020f
742ada36,84073,eecde8fc1227d0b2ac9d5fc11e167681a771d79fd9055689d232cf085ff57f56
7458e21d,77806,8e6c5a063e7f9760463e99b11e55c27805a9928fda8d00f10e0127f809b69958
745d1cff,119551,e1ad8460309354b51b0420b31ed197b0d25e3c5a2dadba157db17135ccc96aaa
745f9d54,93773,75c7cb0f0f229486f48490a7dd9411f337d5f055b86048f5498d2648f72753ec
74699f9c,117037,5a4eb1b2339b0234bf4bd0bae9b9eac4b1875aa7bdbb2d496f1d91c563d044ef
7479a911,73647,992eb5f847dfa4c07a11aed66bd7cd345eb171473225309c82d6dd02e9ea69c2
747c3a91,89393,bef0393bda3628566d2de926981222d2d08a23dff3179af7b3f425b7632ff4ef
74879336,68546,ba06fba9a80181983fb9268e6505d29141a68b34d20d15e440a2c6de701fcab7
748c45a3,79959,5ad73031b53efd15ff6d22ce53996cad42b321aec929715b1e21db04022a6a31
74a28e82,113842,ed949db67693be70b3d3ca2b336bab4fbcc164d41d0239e3ac4087359e384705
74a30d59,76848,93b00104df4b6093cd1ff1781377acd32b06ebe929f62a1bccf5ac136cb5015d
74a6ddbc,107956,ae3b7effffe81d44b5b0595c2fc42e79c2add911902fab0a406fba17932556c6
74b6ace5,1147270,b4c8f661616afcd12f411f88b0170d2be2581bdd0338e609e3a3aee8e4473559
74bcda85,349888,d24ae1ec2bd388a86509d23fb53df1b5b2edc7ffe8baa4f7d9d5d187f0123e8e
74bf7e1f,104133,0cb78b470e0286f9fe809fd6769a20f04d7b28af4e72804173c6e80e6e13f757
74c06ecc,1647285,d98fe8ec34cdaadd5c0ebd0f11e0da606ad42c57b6ac4ed47ab21704c2d2a79d
74c45d60,92931,0a94c29ab3e147d0c0443e2bccf5eb627b06513d724cab517f36e8f76b3d8f1f
74c57a35,92317,4b675feb4d7435f512508c035a8ac6cd3298964faeddd7b29dfeb2eff98cec48
74c6aaaa,104724,6c45bcfbddd3ab4b1d7b8ac7fa7deee3496b1b7f40d18e8adb2f6fbb51bfb907
74d20d16,93798,75613a8f42575d1a4b45fcb52491f7cb32864c486567bf03b2b20c92e209926f
74d62101,112142,6a89c70bca174ef956a49d200502599d3766a510f2fa20457b03df62b2b24da9
74d748e8,96825,dbb35286904d73f035d9ff0c90dfa91b4f4d29c87ba2ee2c70e7e69e9857d014
74d7ee09,73328,c83575dab503ccf1565be2285305b369782d2f7269800fd374a4571b0ece10ad
74d8cfb3,72995,e030290ed1ef7e858e56dab9ae42903f2441eab0b4ca958422c6c8fc0c4fa459
74db7330,110243,c291145936ef37009efad620fc48f992617dbd317e66a9b270bbf6d0f563ebba
74e88801,300630,086051e59d6e8366f5ade6d38fd36ac39f40e5af2d379aab2d6594352c565878
74e9d39f,114170,db9421015dc0ab786d7c5f735fa01eca453b0757708cc7ce6e48b73c95be13a2
74f0e71d,97442,14afb643fa22c306c228ae3e43e831f2e66b35a0122fe2763b772a80ed694f5d
74fa6eb4,100799,f791362f57caf449fc968b7da21c57ab0c9671521609e2f20ddb2229f21da28c
74fbddc5,670387,daf22a99237fcda680316b48fdb03b07f6694d854bf0aaca9a1c7ee3664d55bf
74fccf44,117317,19ae685cb2260e24251a46b7cace799c854004e04c1cea3fcd42e0aae596c949
74fe72a6,102026,96a2ede1ec376b59ed4b2a34b2de18bc71dfe3e0c6dab1667426da1ab396b5ba
7501146e,87528,cc7c3bdb7c1abaf06f2e485bfd6d71d31b17e0dce821048fb79f595668e0895d
75081caf,103132,5f2cec4037cd319862fbdeb67de9c1cc7563ee85c3cfc9dd5c5dcefbd58c5fc9
7521a3f4,280806,57f0102daa2bd1cb704c53dda3b896aedce5af66adac20a2b2379599955fe056
753c6626,97454,9c96994d6028f37409976359946e5dfc1b38557e19264da11cc8ce1ea3ab53f3
7558d50a,93549,a64138966431363adec186c1887397f4d0009a9ad16c5de5cad66c321cce9d2e
756ef1f1,381187,18557b5560a6101b4c21928e6179bcec423bf29e5c8d8b3c986bd417445aaff2
7572a1e0,104171,9498e639397288049f4a6cd50a1400964402f021094d5efdc00efe3914151d29
758863be,111055,b2e9a6722f6454f226e7944583cb960adeea19d328560b4bb7a378d84f4ac822
758fdfcf,74684,28f0d256db6f9a20b109d8c4023d846faadc8d61bfc452d6420a7401ef9faaae
7596aafb,78721,aaf591de58f4e1ec58b04b81bd265309ddbb1d31871fcc61c9e49f25035f30be
7598676c,94684,e4130956dee3c78bb0c60fe8668fd8e95eca0f46e3824e5f9a45407287f932c7
759caf4e,1043939,585826b56114b6e3daa12ef005235eea1b31fd00ec676e02fdc7f490ef58aa5c
759e27fc,89053,1b5aef9f31666d80dbb233a280b751febda01dec7569ff9443569d3664009c9f
75a38184,121144,7c3896f4dd999a479c9d0a33afe176128d0b637214508bf4aa11e4eb99300c8b
75b16525,74988,5ff4b08fd75cad24888f348ff02d3a865a183172edb4d8fbb8e246f70c7e733f
75b51dd1,114085,a61b8ae9c97cea37e5045ee2ba547c964184c1458d854fcf0d7fbbbfd6c4ac7d
75b991b0,94815,7d05d501a51426e3c42fa2ce5fc851ec07e37057b01cbe2596f60619ee93e98d
75c0d491,69678,f903760e7e3e5b5b8a5de48890df3aec3fc636718e111f7619058edc8c85d1d7
75cd67bf,91836,7f761e55d2f0fea9036444117becc5548d9184502b6bad6f0b0abf9ab4e093c4
75cf7577,110999,ab9e35ffc95a03215af09c700b240ca150a2506bcceafae7c6c4a8a8ec46fd95
75d83d36,111667,940b99f79fb1e9200e60fe42d0dbcb1ff7e9fa567042c355b8f62a1db6bf8e64
75ec1eb5,369121,5331a39baacb25a6c72fd7a850927ec0c08144308d26fc963c9fa5f3704a6ed1
75edad58,94520,cb246a5507432638919d092d1977869cc4b0cd715370cc0797154c14a1313056
75f45c7f,109759,37cfdb302fc126ca357978bb46040efbb853047bd63025899cbb5543e058c050
75fbd629,118097,36b323ef4ec1e97af019b4f37feb735e3b7b9bd9855838f76cd1ef3e8c409f18
7619575c,79097,32f5497fdc50abaf92ef04cf3e83f96db52048b0fcb290ba7ff81fa8fd0ea6cc
7621c89c,111805,1ac3aa44352881909e30d839b48a3fb3d828def377bf63c5af6ba6576eb53c68
762691f4,88156,7fc487c57013812980de1e7ff77dc34d165b1083416731e10c934cd3711ebe26
763f53f2,81786,a25c58ccff3bf98e5af2347f8ae4e7ae983020e98a624f7941c4ef7ef44ea9b4
76442fe3,97911,9b03c1e556ae5c7a48d1b7767805fd54f11f827d43f538fefadac5461985fd7c
764c6614,86370,ba09e7816042e61fd3b046e5216990fce9858c4383e6b8e8331b77afc487ba14
764e9a43,130520,a1a940ce5635df15910d7c59c28ae3d25a0e956e0afc3435652020d685ad956f
76573fdf,616146,a6bf9a5a321b910139d09fc5c2416d28f06eb78217ca4da953babe09d92b4a6e
766c7877,106153,1120909f386a738dce5022620ab867f20d84abc26c1e9c0813f4012e639bde37
7674ce55,80159,40b1174b8a9333736644238df6cf5811392319e444253d978d243ff6bae40772
7676013b,101207,7d62c81c749bfbffacc4d0115c74b86927b8ada19cf81529e6394202e8f4c2f0
767b2eb0,111376,590f02b1ab83ba12f8f2d6c7468cdd5f45de33aa4364a820da8f0759bdd5edb2
7683ff36,90224,a4f0ded4b4496f15b37e710fe57ab86cd28750220f0e7982423a28ae752480c5
76911c2e,76208,451cfd10b214f4ec8ba16156dbffbb28736ffbe91af568466e84d12199364c3e
76a3ec7d,91819,ac0c7253d9db9c8aeb59e3cc50230987907e60831633b785a5d95583e4c2a11a
76a642af,100501,a140e138631f52dedd9ccda9656e88f674e444dc955ffebbb64f018cecd41b6b
76a76fe9,85638,a99fa9192883b33db23b1db2026a48822072461d8ce33a954fe3e991eba08c65
76b5d1da,87350,dc0cae6ace7fd71189847881fdbc19ec3ad5ee1292669ea9212b048873dbf3e0
76b8d4b9,88394,c429de68ca0a588c3b07584ed55fb13b3c6d76fb6528038dcda48d5fc510c2eb
76bb4ae1,84170,695eb11a12276c244975a08dbe87e253a4c06e3a82e22ea7b615fbb76992306d
76bd9ff1,71825,2154bb3626dffdd109b78ca24604ac9dd7b2910e12f02ee772f13d2d22f1426b
76c13f2d,80526,21b6f03412ea854a545caae5f872944ac38333ff1753c96b55300f987e7e9c77
76dbcd3c,338493,63f70fc02bfd087ac1cdb4e43effd6a1e6d138f221724a8781eca6c2908113ba
76e32d33,86597,60efaf55d7e01089d907a0b4a706acf7047c7f3a3817196650b5ec2fae700de3
76e6698f,102593,ffd33270165042bf8275cc0a7c2c8ac5ff8df5b3ac113eacbe97b40503ad52ee
76e8493f,123376,78932b82e7d952144748fdda8fe340eac28172976eb1e7107792bb9f45d5b849
76ec6ed6,101614,4e18cdedebfca5641653afad8af214e34f98364fa5332be5f49a32eba2eae2b4
76ee7d29,102837,9aad5e9ade0da27500c6188c0328e846fe108e964fe55681634b7916c4b7f07d
76f57416,92284,b9da11579d8ac2e625e4452fcaa21e1becda71bc9d40ec761946162540c1b0d7
77178104,128921,984eb06778189f8d08e4c8177467113002a7731007830bb354c88075a8099394
771c5248,112773,c7bb41f30bd55589a47695de076295c44435acab6a6e64e597efb2dcc3f729d5
771c7b17,93540,49098baefcc9982b15c288f895b5fb58b281053ddcc1a0bb45ee27c026ee3c47
77260e2d,71797,e47e62f7ae16ec73fbd5b0212becb0f43c9a60c25a9d442ea44ea4bb987e55e5
772824d1,106219,4d34f1c0d8a165fce73d703d611f593c81471711bb92a5bacba9e1a217cf568a
773788a5,98433,b85df388727a7b809837fc5cfef36b02762fd5e04e3debb93804e75bb4dd194b
77465cda,117856,15d6623d7245e5bc6f5e264ac7a609bfe99e6d11c46ca6b886a17e50fdb20797
7746b747,105834,5d7d237d0e9b7c4651f9e5a73999082b4a1c1f502305312a82b0ae99b2f272b6
774a08fd,102164,df09dfd4536823ac09c4f8f4a07b5d7083897e9cce098d872b9be26899686cc6
774d5f58,80754,4db174ceb5f96a73d33a37dfd95947deb6e93a826671ab499b3da3355023276e
7758fdf5,74454,b9463c825f3932b42c41e0177e47992a140487fe9e9c6ecf7be631f4f3348acd
7759a4f4,104003,a2fe44c3f535510d53b84efc3dddab2dda6ed077fc789f30c99f949360086a66
775e6d38,104217,a797c05dfec522699f9f1205abd06199bebbc9aeb7b7b98018be06a57502095f
77607141,95595,2da6c02b7bb33a033af572b19cefc3aebbd29d0003e5af0153a714c1cac952bd
776ff99c,115867,4662bfc6cb192ad699199b4d6ca8124b1ed967465c0a24b8683f0b325ff2ce42
777b8bf3,78780,3fd22df0dabf4a23a6c07b089ec636ebb8b7ea6aa1a8ed424ef2f07b60e3a33d
777e59d0,130363,24f9ab9c6d859b56ed8b1559e1d6bee04c4d52824b6dbdaacdde793d1c89ce94
77883c79,114868,74d8ac2e4ebe9a5136e0f9ee0989818d7cd84d561f0945e1791242c1a1a08732
77887d8d,70471,3571912e26eda92a7b3bdedc2076e7ea61c05dd4cf63ea8c28d083cb0295b6ed
77904476,88759,eb0e67c8c46f45360c9ab072c86c8741beaab34d4660d0bbde9b4c7a7ff400ce
7794c3c7,61817,2fd39cffc5f7f43ad0415ffa52692a8417cb8821cbd891c1fe8d0859f9f2e578
779803e5,91279,5aec2910790016217f84ca0a58d805ca343c183df3cbd6b19b7a75733fa81db3
779c9ecc,101212,ff0744a7ad79e6cfb8af94f7a0d582a3a59fb5990a60a754c28d54c007cc32e2
779dc1db,113002,83ee2c9cfe1df707e3a6bedd00f68a50243310a3c390810e5c39123bd8fbf6de
77b0a507,88928,e370fcd3f4876a04dcf110adc1363bbfb999088a1473f0d941d1811298512537
77bc5885,96472,d829c02ff91a50b84eb1f827844b598e7cbf10d692a3e76d6905a34f16fc1d2e
77ce27e0,78473,d36949c67b89ece72c21a28d8d944aad2121aa079a66f22c6bd34d8b01200a42
77d364dd,88448,302f5fab0ee016d4287e33632cbc5b7c8ed598914e7da5953e228cc6e1fd165f
77defcc8,114276,428cb70e09cdebee9456e922fff2650e403ed281e1211586f958785dc0ef75c0
77e1f19f,90656,449e7545fec18a2493d2a90b5dc8ac3f7462abc93ef0394cbfec0d28a511b17d
77e5724a,109308,aa81644629b9192324691bbdf6318ddd93eea42a7a7c32daeae31f755dc74ddd
77f158a7,72374,81de0023dcd7404ddc209fbca9d92fc240def951e50d5ad5336a6d92e667a594
77f947dd,99030,8ef69a665fbc7bf259e8e94e3c3cd1ca9c52ed68f3b3e2687ffd2bf3e9913122
77fe85e2,365819,f079b50f3138ed0788ec1a70908cf49413a93e52274318192a06abcf9ec1d643
780ac857,94207,bafbdda85299c3d72428fec3c3aeef64511075e2803ea520e566b35c4639da15
780e6b8d,225436,4dbadb6f49438addb86610c84608146e6600ce65e5cc69d97a721fd230d913d6
78214145,4140303,4697d09821c6013947ab706a418a6c89017471f5562ddabc4b28e4a9e214605b
783d44bb,1277169,baf2938814223d5cd26003f678b7241e3a13671570aea4796d79002bf234f874
784210b8,106140,bd60d13ecfac246c75ac367095cac4d2c55b72f6e3ff8e4ba9a5512eaba2803a
78578434,90713,3887c3879ea95697d47a1c1cf752e458dc73a4b96cdef6803d16e8993c67bf5c
785dc114,82738,4fb7107d2f8494472d468d3d2df42cb61257c1db776ed9f7b2b16aaa3e37bdfa
7863cfe8,101995,df18ecacef702baa585ad1727dbbc533735764d0761b8761c07590ebcdc3bc77
78805488,1837297,1210b880cfc08db7fbe06633fdcfc1afdf8fc4f17e7c87bbb971fd5e0e8f54d6
7884193c,73769,b319909ee464ac56f54b4eb58c1f93dd75e2d5ae9eb4f5c3fb438faab2a1dca9
788e60fb,106360,b58f3c5bb1f3d83ee47fe5e14aae8a5619effeb54dc86153d14dd611ad7cf7b4
789915cf,341681,b34dcc5e0253620bb96fe9ea9b5fff1cf1258449783dd411c52fd296687d78bb
789c1cae,84455,339b2d881955d71d6e81afb76784f3f4002ff5bac565e3d839f5d3f5cc75a40c
789c7542,474125,3e531a471c623e1931c3e1bfe44102d02fb702489bc4ca5199215bec9feadfde
78a61d4c,74599,111fb698b2fbc171cf934bfc7ea9745cd5961460219bc22f2ba82086327ad452
78aebd12,98857,36099a2aa439cc4087d1f48c068199e95f5c8f2b66594ed8a314b446921d6000
78c14f0e,105998,9700116c9fe52ec89b6b5e5116be70d7779c251d4fb2cbc548ee7315391c613a
78c58125,128062,9809a6166467277db29a8e7b20c34e21c56fa0a274a5ca707a3484805fae9cbf
78e27b18,73836,8e0a204ba05390a282e0c347dfbf67a29ff7c7e7ce81e3c045f0d7619970fa8a
78ea3100,3507572,1af70750730f65247efb6918ae222ba1c077f0cdd188cec4e660176a06ca767e
78eaf728,106277,66b877109143633efd0beeda760d994071083a226e474c9076abcbe71aab77d8
78ed2dac,111399,672831f4d4533e8612243fc08c4d0ad1311828087f96c9c2c5f4d44a81318352
78f1b577,72444,406545d3e6ac1739450b84a7c607bdd9c809f72084d202244b561fa0af2915dd
79030098,117193,90b2afcf4599a6e0f5ba99e30a0ddb7f84eefb4ca245c30dbf71f79e771f3038
7904a18b,117048,ace60bade69438d0fdf31a437f14943ecb3d0e0eb43457c58cd827355f7d4d6d
79111853,91242,8f3f7c9ed64f013770cffe9e6657b6e91c42d1919b78042ac5d66b52ef05ae90
7926c1a3,106279,150588cd4b73e671c7619ef4160e95a3d14d62c5c02ee068705eab259ef6d827
792fb8c7,118918,f9f92c45d0e49435ce304e836f83328e4ba8283f8b21366bacc47d6c327abc7e
79396363,80254,fe907d483ac1a84bde4c5cc1bd61f0bcfc4452074e2511c15cb3f7dff2d0d222
793a99c8,105625,5b45162086e30b5bec3ec78545324233d9b4c46d88d90adbf2a237709e5c0310
79406604,103760,ca9899384f9e1d5114d73718dee673ca4a24b6709b081cae5a6869e626345f34
79417879,99346,0c5bcaf675061fb7c693af7dceca24359e3a1571a2108cfda14360c8943c65fb
79429804,88301,7fee47d47053abe1a7cfe8c982745e66abbea85d3d6e46679c50106c93254214
79520811,100420,00635565f2e980d5d6c37b3a635256f82cfc49ff3fe16339fa95ea456a852418
79652377,84948,7fcd00625c07cf4fb587e476e117b2ee2197b305e0ed105a70f9e059776565f6
79668408,87337,8eaebb460d07b64cf2dcfeddd46cc7eddb2ce20310ea9458743668d1879782a9
7968218b,76266,750e22e2bc526d98851cd243e82b1f1577c530fe70bbcb62966608e599ae01e2
7970336e,81883,60d842cfaa9feb9cfbe24dd225b45e9cf2d79930be6ecdd2f73f73dc32bc621e
797d356e,80888,20990750fe4862446df97d20bbd12a3d2adac0b6529a17156564172cd54be75b
7981a708,112306,5c0ade97bf085d6149971695a6dfdb0b94a61199f2f8101660ea5ad093462252
7988c20f,105659,6c06dc31f4ad1f0389a945fd6723e0b418805050e97ee2c460726ada94f409be
79924112,1944920,fe1f568213ce72248b7ca890076a1e6b50a43b4a2fa2bb617389836b82051024
79959c12,4593538,e109d9908215f19ea43ec260fd59211f9c6a1dae57dcaee812ae603adbc8f79b
799acb40,106315,3ab869df57ffd9112c3a3d2ab15b15510e7027f0b2411f5e815f116e3bcfc4fc
79aca82d,120625,b20167021ef9c3d4593ca8a583dbffa38deb494623da97f5c98c6116ea25063d
79b09bdf,65359,00cc21802ba58ca27e9c11f0b41ae5dc3c2b8e6943a3b35efd9848f00c7bd7f0
79db4e6e,93945,f6fe32724adf9f2fd7c450134a9f2b01267e37f8195dd05d1f912c7377c6d8d9
79db7e43,79974,e69ce9b041b043168e407f8b4ade1d149b0a261348e230d5f4d90b96df6499f0
79dfcee5,129256,3ef1247a495064a387252ae5ce1cb24ef32b9d5595209bae23328256fb5af413
79e87c35,79138,0552fc864c443e98a4e148f34e621654f8d0e1f4d41e40970c466064c33d40fe
79f007c6,84005,e23caf68d7aa3ee446d4a5809476aa56098affafeae2b162a45763b3e60f8cfa
79f28b28,88944,34f405c82629ebe3bf926ffa98772a688f734e09c458635469af95fb7e56b795
79ff50cb,94829,f92b60111324c77c88df672263f0b39604e51297a2b8dc0a6ca346b5b8ecd5ea
7a095d0b,81528,e2c445aeaa3a8219dd851e2de165109b3f1d33719c1a4c4a0e5fdfe118cfffe5
7a131b3d,95634,25f1f92c237ed33a9d44061d8ef83a66d9c5a94ea811b69da686bd7784a6ee5c
7a14eff5,90213,66840899c653be606570d2bb34423b476272bc23f59086cee61017df0c36bf34
7a163a1f,105240,a1c979281d68d7ebda88d2e4a4065a7ab145074434966ccc5ab1e6bebd657a8d
7a3398e9,129004,60522d7d454d2af0a06587e0398e4f3a5e29c40fda1473cd06ca369b483a0481
7a35cb7d,94892,85693c0f18d77aca18453b137b877133e906b39a1edc06677772225ac1cd5d7f
7a3deac5,108872,eec4195b274c506eea518f60cef3750dc4a13fc45d6c139ba7572f3871592e76
7a4b75f1,82779,6fa5aed30c3b93469433c710548da394636d8f4ee203f320dcdfb1b0eb36dea9
7a51f40f,95806,9deef4e0f3eadddd0a7ea933f8ab649e3369d0398af56544cfb9f61bccacc338
7a74b1e6,68724,12fedd8a9bba50535e97bf64c44de1d42ff0a910bf2d94716707b6977f327716
7a8c8280,130922,7a20b3feeef0758d8d3641694c9219362013ed05d7b9933f501e3bda04182664
7a943dbe,95234,20e5d21e610be9a192c524d151e7461989f0f7db360d1a65e163ae9272928730
7a9db6f1,1706448,5c371cdec20abcce0f8e8c8a234c24750bd36a14f9de5dbb52cad3a00930b609
7aa1ebee,70728,f633d1f8186b93b547cc2be0df5678b8393e72770b2728934ff265e287bc3563
7aa9b3cb,127548,7e67417ecf325553e507535403b891af4f53ddcce73fb32631f0207fcad2ef81
7aaaf2e9,377998,f6bede201ad9b28fc0dae1f30bc8e7bc483a2c6c1924bd891dbf0683ec49173e
7ab4b572,78810,5a7bb37896a7d4a7106e1477b85ed793bb0bf018684faa3caed60e69b17faee4
7abfea6b,102996,5c4bcd9184057756d9811e5458251513d894b349e4608f0f496637395f4fd842
7ac2f6c8,91712,b45d5c8afc535ed7219d2ae9c471ecf48d3bb5bdc2b622a6f462bd7b445ebe87
7acb8a0a,108628,f8c69de2c395e31c170cd7f0ab1a3d9fbdbd597b88f0ec2c986494f29266fb63
7acd9782,85579,15abfe83c08f8369fe20e5ee1fb0461263334a004c8d61413cd34b793ff9f9a3
7ad284ef,102692,72cf86f61b16ec33f66daa48c905000c3cef5537f4f6bd5f5af45b2a91e4bd63
7add5503,79221,c737b02acd731df9bf6b34a0fbd238522a15553503046878ba0373c6cbc73059
7ae2c134,83296,84e5f09db9c9bdcd1883dc6b0bc38ccad183c3e96ba362858cd9f589e29078d7
7ae75178,1827975,fb3d89e79bd88a9aadae7fafaef8231b0303bd8d43bb870652e7fb9140e81ecf
7afbc19c,94667,5d34082aa7589ff4fdf54ac900507691cdd1ddcb360529ba39a8c54a09891565
7afcaa40,380539,375814f1d8152cd0133c065f8a3a1c30ede69e506d3480ffdcea0e2c6d055e82
7afd78d4,78559,cc302f9177037d980a01c675fa64091a7029000014111d5cb51adc001775dc82
7afeb56f,89608,0a4be205c5319b4dcdef7d574545adb8a1f87a2717907a8744b884f9eb4c4626
7b02308d,115128,f3b8849e944218c059c2b7eb72071df5a1232fbf58adcb869484c15d8ddfcaa5
7b037e26,83908,78d93cdfdff81b246654666d89e5ccea83a15fd2b60a390651911a53c7911c17
7b0e22e2,98248,d497bb2f20914dd66b2ce35495efc83e249161b9f6a5c0cb5c3aee9ac342f523
7b12ad53,77053,2ca9ba715356e9987997a871b5de3e41d210709f528d565494296efe9b5128f2
7b1f70e6,89478,b59a1d78880b0e0a588e044d51934ed1051a2e31c8fc678a66f37395aee501c5
7b347005,101384,d0f4d48f92cee19e91be53b35daef1c945975b65e74c7cf48c2d87c036717832
7b3dd712,1304087,570690ab106102d2f436e555a73b9e2fb8ac24513ec4b079a0bfb6f5c0990acd
7b402708,84524,f2e9bc7a10cfb176f7ccbdb9f2c24d41034a5562abdb6fdb026c8db81a7c4de7
7b433139,74410,ba41c12b5d64fb55b7e34ce6c9f6e89d2e19cab9ad09f4180ec17cd1f28bd659
7b48dcb4,82140,1ea6528b7f6430b17da89136023a55788a4c61f117db7f0efeef9152dac5d89a
7b4ff837,116243,b70850e0e22eebe23ea7a2e9c4b8f096decc6d2749dae7ca2d41e06db368b6a5
7b56971b,105115,61184752c642dd2f5ea7f16b3a5cc83e0cec8277a26c48f263b93536573b30e4
7b673fa1,107545,1edfe3b077dccdd46067d2d312be31ba0c9afba6f3271edad22778ff61c1cbb0
7b7b0f2a,76150,a1ef31282759b5fbf1c741bcf9deb3a385c07a76c0b46439d87175120ac5310e
7b801a4b,95154,85dbf5dd725e0809f406ee55b9b2e0e72ca3d63a0cc40e656a0e55a45b20bb64
7b807829,71338,fb579f6c944f4a039a7ebe912827e1dcce9676ce19e25648973fd2a9a08628c9
7b8c3132,80524,d3845e1f897acca3b714f95bb44cb48f00fe899d5191cbe7979ed2a18bf1e15c
7ba019f1,96061,f1374f5764170bfc51fc5d63d6dc41f5dc3fd1b950adf45d6050ff224e74e06a
7ba89b39,79675,8561ae0690e39a3b789d2b7acf84c572e0147c101442a222f6fc7223bd3a2fe8
7bb82135,212344,55430a3681b3a4f9e1ec4a421afac252cf7ef40eac6773c5fec328ed511cd594
7bc7d28c,271275,7ae963ea77849bcf256626062e10b3059d772f498cb3af6fdc50acea3d8b2362
7bcddb00,328219,8dcd68c01c4ec493df9a2b1be862bc5a81f276b156b11dce4e1bc01ec08f03e3
7bd76292,76363,da69e76414a2a12c055a1d62475f3d75626f21a960f6244c2e27ab42f987d890
7bd8cae8,129377,ff00c125301031d7a74245e73691ab5f8b04eb7ab9df5225f3d9d4b85bd84d9e
7bdcc1ac,78478,6dc29d2e9eb05e97b158995d381e91665f23ed905af6d005588c9f297b4e966b
7be2e636,100448,268fad3d8d5023e7c2fded4a184be4aa05d9e3abc7a72d68560d98bd424425d7
7bf25106,105123,43c351448f1a57f7f3219b8b5022d8f1699f05f607411a9b2bbfc973bfa8b2a2
7bfc4e79,101465,9f6363dc694954efce133485381542a2f5095b095c6383b8846a0103f02bf13c
7c0c6025,103652,5deca4b913344c61f6a7f177a9ff3c464e607721d21267b24265a8785bcaa7e1
7c0efd0b,88521,2b26f1487fa3da7376db396cc3364548a1b367f185d1b734773c7f1e04fa4326
7c207c79,102886,1221c156a7ac5fa68726a2888149ca0f638ef93df08da907dd376a407db9ac85
7c22a9e3,71973,8ce39753fc583d334b365f91bdc0c1505f997a05681f178e6de58323e8532d29
7c28bbdd,99473,1b61902c1ee91887fc828003d157339956107e86d56a7218e29242629945911b
7c2aed46,126619,6e13466ad8b73f0d41191d7c1116f776012b73c281f404eecc74a858c5f61e7b
7c2bc1a8,101106,0ed8a8f7b38b457c44adc80c6c605c6759fab618ddca3747a0c187e0f6f64e95
7c300221,77160,d7f7387ad6b22342af5fbce2cf3346009b16b25588315122740008a21b22770c
7c429229,471547,6d818b7583dc4e37c6082fd008ff9bbb30da0c76219a1ce32777afd4cec4bef0
7c48c9d5,94230,ebd025a4d5723aedbf8d1d6e56b4c4de23867295844aac807edc17a2172a30a1
7c4ba853,131235,639977fa9e2527b125678b16c6ceca80ce7e0e428bb6385df6aff662a6b95982
7c4c23a1,114736,25c9013eddbcfb88918a073ae54d04bd012e2385ab64bbb415838780f30e9c4c
7c508e88,85294,a596191436182e626f0bb78fd7f35424d1fdae0d33c1c7e450853ff3e3b78a08
7c60f8a7,95979,39549f1a51d7a55e3b032019b3e59e5032ddc759cb433267582936a756e4de28
7c6f43bf,105859,00bfcfaa1979684be2738d54815ef54427103f72058232133e986cb7d905b9cb
7c725ef8,82280,fffbd31c29af9bad7813ddd7ae28475401eedb10a2e75ed0c8e3d16c03090e60
7c763f9c,94234,c757e122ec0a461c5cda157d0c92916e47fee698b1715550dfd3d9b2afcb016a
7c7f2172,90864,2beeacad1de6737c4da813cdff3ee94408b9d23976c62ff1fa913187f26e8f11
7c87cb03,100739,a32b50666d0ffe0df06aec980a96ee14fb81206f70a186142b191cd134f5fe14
7c88409d,118568,18b677b9211501515eb26ae8cae3992ce7587001d97439837e510ee4659fd526
7c92671c,94600,6138041103ad1905b59ce256deee122e025c9f4f03fec884c2f550d3e953eaaa
7c9842ff,86534,1668d62e5b8d104f4912a60fd59a15dea9ff396464e1342d4a8326ac9b84a71c
7c9ec872,100058,b690c054601524cf33587373419ba0fbe269caf322758bf76f7409581b5e7d97
7c9fa9a7,109199,8d237315eb57a9616bb2aaa96e9571b1bae4dfd1158cfa67636f47d5dbcadf5f
7ca40fdf,84046,c12347774261fc311d0ac49fac4ff452f82bdc7fbb25008f25a540cbabf5b587
7ca56aad,79380,33e9770afd9b77b2a9648e3847af746eef0578df360361b8d9e0a70a859ae855
7cabfb4b,79560,f14e3b2cdd17ec455d74a964d9b101be0069e6e025e3becfb009b7e8bc08de9c
7cb7d041,362507,bd61b8b77c36a14434d1e7434c5fa5c61ab4c8ddf5ebdfcabcc8f537261e2eb7
7cb8e7e2,78921,a4e5efc985a29f937b174a524a11bbd22b6e9968ff212bf94287adb0ae7e9848
7cc0f820,97650,912510220b614fc7777868550636ac9e3ba39fce16c80d045b1d8e01805f16c2
7cc5574a,100323,df4cd108014c5b0c6b332636727509edc199405385c0dcb12b0bee799a4d57d6
7ccb62cd,120338,b728a3c47500e45889ab69888c08afedae493f45bbbf594ba942d7662e56bbd7
7cd112d6,307973,b80b1636bcfa84ac1bf8bc61d7279c30766bfc693e19ed6153710d525bfbd716
7cd6eab1,87420,eefc6dac2653868a7918ff639519ea17482547f0aa5a9ef23390bc34c4254c51
7cd6f186,112304,8dd1e9d5680ceb090ccaaf9ec5495e694412f6e95a151df360c8df08f5c64ca3
7ce0fdd1,1345749,00f915a95ac4e81f2dd5ea0b43b25ea42ddc7252f71718b96da9eddf76cca090
7ce82363,119167,0a7b8596d023cc09fb485b8accb7209c8bc167383e435a69ddac22a6c414374b
7cebe0b0,93943,1bb949e3cf78e4fedb9c9256ddfcbda84e949fc63223055d906e695a66729e91
7cf388ef,73235,51f433ba8ea2dfea462cac5d9fddeb32bd69c0bc7bed3e36d13611323c51d9cf
7cf99253,94228,eb2db26e8e32358fd130dc7dbd7ecfc7091038559b15209872f2779762f3a8d9
7d040041,108427,93a7e18fa75202d5a531a5ad35e789f639ee275c9bd338e61d26d8d6ce2cb11f
7d195031,84730,f289ec438177c4ae6b5bc8508967a962b321fffdd0c15ad7664c2b16d68055b8
7d1a0a03,77995,036f2608c949b53c9ff571ef0ecd3ba08400868e4be133e61505d622cc207d94
7d1e3ef3,96110,355eeee06cf5f97fe008eafb748734e3ea972ae85e80cb5634fde0ed454efa25
7d38f02e,106861,e21ed8f05bfecd72e4eebe8906d1ccb0f0293051e15dbf8664c16b18d89d2773
7d3e2b9e,73048,80e32a58a4fcf1485f500b91ada045b4eb7106d87f3f0c19b6a10cb0e5c64bed
7d416a97,69290,fa90a24fec3e7ac6330c1e3626b731868cd2d40a58e32cdd55dc9666495a7abe
7d4833d7,111038,a3a9397cf8556e29c08275ae4379287b08d992c9723c78af9f615243f5e5302d
7d4a4916,98907,3001048c179545642a2cc27d36821951932d7ecd35e7d87fa88c7e8abdd9b4ad
7d54a875,110037,7cb6c26a4532df44a58f052f126d86bb64f4efc025883e16623cb42a39fd08a6
7d54c128,394720,1dc839bddddd0e4fb1a18964f725826e60b51ebd9a612ec71a79d2b6c2a00b00
7d581d1c,103513,301343248d4d3b40cb6fb438f3fb10e439ddba83e8d4cafed9b7ad906d5dd689
7d5ff9b5,94756,43f9aaa53513fb067e0468a26a8334c1f5463d68870eefbc6a9d91c7cb540da9
7d62726f,106524,6f825c114456b2664fe257e245b670fcddede41182554ad24692b891ae9548f2
7d6df330,1847760,eefaed93bd5b56df3c0bab2ab2436ee3ff275ba43d6b4074599f395dd1305c34
7d6ee9a9,109570,12f5ab10bf21039e6f5d8df02a6d86c9d287a0571d72bf175983058af6d2cc7f
7d732a5b,103774,46d01c6ead14e2eae04778b8e1cfa858692bd0fc6daaffba8cd834c33285263e
7d76d96c,76350,ddba2b1dcc9ba9bfc4f9d4f739b55683879068a271890eb1e205281ef8b3918a
7d7b1862,112716,601e318a8b43dbc3e2d6ec8ec845beff564a1482517783086d241bf1aa81ffd5
7d7df73b,99929,77f0b3de56f30e937088db1f161f77ce397aabc3594a1727065e87f16681bd25
7d80703f,89753,8a54c165b67031d285f3d1fe8b0b97856d71b5405199d93062089a4419254d82
7d82baad,2055058,3abba4927425296d52f273b6a8d0b0e7c9e26fc3b28830b63336016ab3af9efd
7d83e262,99210,c3091202067ba487bb688f162aeda086de8ea7977c2df16b053ce363ac877510
7d86457a,77641,7d531bb25eef2cd82da7ac529b6b69e3c784f2a8919ea64fcd2605faab54d72b
7d9115a2,102560,3a9c61730274fe4e8d024d9bfabcd784797664e797289ad7189d7e0b78b3dcaa
7da1f4b1,87571,3f14703cc6853e365a028c95953c6afb848565e05bc130e949eb653c191acdee
7daaa806,107807,5d62c7e2a420e9ef80aec2a6935fdef644d0fecdee0f30bbc82300596139bb64
7dab45a4,103659,5e822297a78f3be82ea8408882091d642f0e867278c3bc3df4d127ee93c2d41e
7db4bd36,70833,fee3f92e4344fd6ddcfb8b660bae1567ed9166c195f8ed8eb760fa2fc2bdf44d
7dbc4770,67435,fd096b65de1cde6696614aab29611042c6b1201f95ec46055b1c5ba4ce98625a
7dcefbb6,84633,1c14d475e09ae0f710e4d8ed20c9ba59ccfdc7db2c288912c9443f31067f63a3
7de37789,111512,a5245d241069277162c2733be1c31ed0c1c07e811a5f5199d3d54333a754deb7
7de639b0,115371,c64a2cac6b4fe496fe4d7b376b03cd7de165a3285fa3b9e188f3f8d44a120489
7deabadb,68654,87f901c260e4058a74058c33f682fa8f37403db7c5b557adf614bf055bf69235
7df0543b,1760053,df89de3ddb4356bdf30a533d9f49e4ddf5064654b090a1f6ca624d57ea78fa44
7df34c9a,75088,f9a33d4b512e520c8f872c7f3375a348ac1197084989f803db2bcc47fb4c4468
7df5efd9,200632,c083ab0f58b4bed1138f9ba0646729d4b50bef7766348cd2717d6fa465d64c6e
7df6ab87,87335,e8cafe5db8e9cffe5fd6712eed1c139702691065f23d5b88e5b29ee6b03d0b5b
7df90514,81333,86d647c5e02d30f4c648dec271de45dde8f3d6c068dbffde2a63d7e0661a0d5b
7e0307df,115070,8ff69168d1ef7653446088ca604a63b29990ccfbcdb71477e58b9a039aa9bcf4
7e060fbe,104447,8d7138e3078f84251aa0a795ef9ae0ad7c34471254cfc343e42e5cae28692eb9
7e16d353,230536,35c07627ea33745a3ac8bd309d57b174d21cdcd90061408943b16e3fe4f159d3
7e2a2330,71351,f7054c8fae1d54efbf14355abecf7dae3ad4ce70b852d06537201db6b7513de4
7e2b7d5d,109098,0a22bf9076d266d444cda4cab5c29d0121a77760aab4cba9988c0626e5eafd07
7e2e265c,79595,7b20de4f109b7b192143b7f6a73fc4620b078f722cdbf91b3311ec08d3a023ab
7e359639,91865,ee39cc4c21c1b75b55123ee5b2c4a6724bc27e492bd9e4dab1f035163d79255d
7e3d258e,368390,8200772afaab071cdae0675b40c220b1184234cc65ed9704fc4d364e7094912c
7e513886,104794,cc9afad0ddd3670dd19bc2f7830111d74f351e9e7ccd8923a8d188ad535c3653
7e51aa9d,88664,6a2ca8b793ea698b970a288ff9704cb93938f1df5675af16f33eb78d4f863345
7e57f2f5,92939,a963cf1cbecfcbc4e79e95266a1500f049dda494e0100fbc8b8a56bd3e9e0225
7e62676c,99062,e06c08bc4d6d5e827452c1ace074594da670ad2ac4afdf25d85af00a62b6e7f2
7e6bf542,100849,8ce7999f0fdc32c94e57225c0b101007192d29a301443bb08b30ef1f4c5e6be9
7e6d56b6,94942,4362fc5201d59710eb2d76fa1b82065b6a75731999b4d4a5219b0ec65931b295
7e99961e,71665,2785ad6ecf63caf45e2e62699b1a4f0b8256cc87777adb225441022837e66d9d
7e9d115a,106904,bc9d2653d1aa339ce1fc43699351d732597afb10a3023b36f6bc04f749e18c19
7ea65e3c,267745,63cc97a95a244ee8fe39efce2eb358eafa122fb37a8a9b0f172bfa322e0def81
7ea72cd1,2124745,78d0934f22fcacb6f2531c07608f7a7cc85e2af33ddc36510d68ab638404588b
7eaa2b31,96362,434ee48300d05f92d30e149ef61ad3d33d269d49173c6a850a50599db404744d
7eb47fad,93831,03dd11d25071f92130216caba3f18f2edb36131100e741bf7e7a388b90c820c7
7eb7e185,105097,410dd3bd4507b112551bd5b197ee5bf27857a4442dbec6bf4f5ad34356b859d4
7ebf8cea,69631,8c7ff87f3971ead4ac4fceb2d34b3aa5599828b16b055a8648e30eb0f8ceb8af
7ed5d581,114034,1f3dc12accf2eed7dfba6874676f703c1b4a8357632723f6ad7c15d7e53a56d8
7edc754d,75113,c3a1a07da1ea20dc7fbdb7797b90c522809d04c1881cf4ea00ad3896b344f1c2
7ef555b6,86813,8a5fc78532bc4384b025e44909bc1498718570534f57531967881a1bdffd6086
7f1dd4de,98717,0923abb33512d84e5db0227c16a8f99299fcf69323f8c6fc5e0202f3ed6c85bf
7f210376,306709,26fa95d5d15bf86b9e8fe506999c46e8d82196d2429ea4b6744fd93d2a71687c
7f267b7c,113154,a796f84b6f5c0400cb0d62e05471366f57eaa254fa45a47462ed64ccfc21bfd5
7f279e7a,93248,c28aafc8e6386e57e06e21c1ea4574f6def4a25797cd6f5cb39634ee2a9a656b
7f28eb5f,88863,2208c55d796799710208c5e74183317fd5d74529e672552611fe65c60d7661a8
7f2c82eb,110923,19a4ef2bf1a715e6194fcadbdf514d7a91f06b1001b6545046502e7f6521319f
7f3a4327,73295,546bcd1c7179d82dad2eb90b4abae921b4e52338a5e9f45839b1b557baff3c6e
7f4b1266,78869,729e7f5530aa88647d696d26bfd1a4b50a5062b6e106f7a27136a29a07cbcee8
7f50ee71,79612,105226ccb2d61f1ae63de81d3a2290c482bf59c74aab3ebb40eacee5f73ea505
7f530f58,79796,78a8ee1bd28b69f53a8c831240f60ade6c14b803d49e166c1dde6028b3280cdc
7f549b29,135227,3953759eaa4a927f1588477b8cede492bb9bb32c95c873b1383a133e9dadc1ee
7f5a0038,78584,be5e7bc9420150560bb24c7dbba9bcd99e132b6f6b3b6df5a58bc7a2c2d5221e
7f5a8732,136686,b9f145cf8dad064a4891a924101a0a1210da48835817bbee759c8a119e587517
7f63ccad,92612,e18d0d5a824ce71a1b803c54de036ffbb28c3067096163680794d06e531ce241
7f710b53,102894,79294c4de7e66e1eb7c07b877dbb85f9c8c861f53bd7318cee49b47ddab2e70b
7f7d91ba,98355,3bd70b1cdbf77963421e7c7d76d1a67baad9f4306ede6661d988a7896693e982
7f8cc849,341495,0b4facdec9fe2d5fb5bbad1b8cc586f2ceb8102672abee2d7c86781ec9685f24
7fa0747a,644451,e8938ee601589bdfc9da218ebbdebbee1fc24ad9379918d9ece20b5fc80d2e96
7fb9b6ee,701131,0f87af7cf19456da4cf975806989539a88d418893302bed513feb0840d990e4b
7fba2af5,79221,cf6b60864e863bca57292aeae54688da950eda4d2b0adb6f4aa29dcf1eb100fd
7fd993d6,74656,6272cd08d834c6c112cafb8e5833358b61c7a981271f655eb7d205d9ce7942da
7fdd99b6,100394,3206ba4ddb781056f50f411e642503be8732f4f89aa2def120ab853f2d698b92
7fdeae95,82333,77e87667fbfec979e6fdfa763f0eca0aacb3aaaa6a4bcf47bc149c7918b58901
7fdffcfb,101577,373e350656f6d6a369123acf3b9ed0a2c9983cea14717bbfcc193591b83e6ebf
7fe3fee5,86766,dee584bd974c321485c1ca9ebe3792064ba62331b1f4e127e532d58d625c0158
7fe5a2f9,94049,ed311557eb28b3bd72948381d6cb771e310d1e4842a121d9e78abec72068f817
7ff98ebe,104150,89113a33d261f051558c559d746de13246fb94a8003d22716f8885c3ea9dab7b
7ffdbf60,81855,0525c3605270d961686b63bd2043c511c2a8444726cec7e28ff5aa446e1cc87c
8006f3f2,98104,a556ca5c1ea55591893300d108afa92c6ced8819939f902d75bdef42e240d178
80175344,74425,4efb95cba7adbab4d51b4b54ce603bb84785f6226958814ea6f8327f5c67e9dd
801b031d,80903,0fc9efda4f8bcb04aeef9ebd1786b5ec87e0c0a1cd6eeb48545870eb4cd10d1d
80274c6b,81770,e75fa8bd614cf3fbb6e569b97b466a74c4d0366bedbe3c35ea485b9b556d3b73
8027dfde,98997,5dde4a08fea2e4d16c5120264bac750e54014817d3c2b85e63a8ab2066499e78
802ba781,76482,e542bab2b0d870d34128320a823ba982b02cc9dab333ffd770bb5c8db7e2ef5c
803efde9,94607,23c9790e427b8926e9f794561e20fb0cbf8de3b022b28cc19f138e7cfe217426
803f1bfe,82187,48281db7816dc7dac4c91090b5cdaf9798e896ac4e1abbbef54903ac561cc536
80407b68,87445,17081fb3e9b83928a903d2089d7a89c68c9b4c7727ed3f7c87279bb03e3a77da
8045470a,74803,2b7b3afcece433226dbc292137a0b93a8f8d0c83b27aa15eee369d519e2652c0
80520cbc,101318,5f5bdf38fb240164406fe1b6608655859379a9f03b5cbad0e7461ae1b1fad4e8
805bb98d,101275,35de80efbe82e90ba7e6183fa72edff2d257da70aa6fce72d8de95a8a05c8e9b
80607baa,72537,253d0a5cb1339b30e71300490040665ec5499167e238016c85e948295c0c7ba0
807da3aa,124189,1ca7edd21e7f0bf6d6677189f5ee59248bc7cf65c4c1ccf90ece8c625082fc75
807df025,112919,95ea5b5bde306fb627f16eb0c51f14f268364b0933334b1af41e8042873b7e1a
808872b9,120387,4c80d95789e26a49750f7b7a6d547e0de330848839da0dbb7ea19fd7dece96cf
8095f121,93063,f51407dfdb12bd1e9530f68634705dbdff20bfc438ccc7a3cf72bbb44e22adf5
809c8037,91877,ef23e9102e6088d66ccfc577c15fd52b88a148afbed480b8540f7b645a0b6b11
809f3a36,106285,2cda7ccb6fb1e7440d3c5113523628314e0d11aae15981c2a860e902e65d7954
809f7d55,100452,cb046758f3dc0c7e120c68997e1b39094e4c37d78809a14dd3ee9e344b037d3f
80a2578a,99399,d64300bb52af8a05a802a5257f54eeaf249b6f445b933a1344ef0fb0c3f20612
80a86d46,95076,63990d984bb0fb8efa8f8e134e5b9fc0365e6e3cdac0f9b577bc9faa71882f9c
80a86edf,386092,37471fe302f55ab2b2da195fc9ba02ed430a3110f2f1336493ca4cba6e0c42cf
80ab6bc3,103477,d422962dca66ccab3e282f0a13a3ac8b43645d617bdd44759abee5f80ac38afe
80acdf90,302787,f32c726d5f1fa26e1f3ce18613d395d49883cf21a929c269d14a4f7f4aea0933
80af44f5,85215,602a09188ea62c2b7e936b502a1f157068f89458333db8fe7b00abb61ccb3c05
80af4f4d,77950,3a72f48b8f6f3a0c33847d5e06eeb137f9fb895445d7d95dfbcf43be96e52e61
80b0ea66,82307,cd2d15260646a3d5bd68782fc8f53e5109e03c9bdf127dcfe538d5e76d087fe6
80b21e8f,95894,52d446611fd432777f628fee7ab0f205ad95ab787a40b300390dc8ce3a966511
80b2dfde,73015,59ac156adbd0e5a53603cbbcf516d3ee71f2eacd34a486124289bad522c86071
80b8a7ac,71577,cd10df95f34d638b181eab3328971dcf42bf1c74888622058668e97d668c7f42
80c37600,122828,f9bc575aa0101f44079e54eb9db32fc7b0d7e5affcb799713a29df805d9bbe07
80c3d5ad,406264,6184ffe0f8b4ef434105654ed1be4b8756378cda335d8262e9305dc4ecc6eb9c
80d497e6,112103,67dc3a76467f4ebadfdaeafaab3971ced4ed8ca42a6c146507ee0e34c6d58d71
80d7c658,334585,13bf30615c119c425e4d1ebf151152dd920d409176785e22bfa639c96222f8d5
80dc8810,106187,e1ca79be6b9d4ea424daffe1f49a886ff89d3f2d7463b97601c016025506942c
80df6fc9,111129,d30954d1c58196c0b911989c7e7e40c155efc22d56a17776c20c567fe6b599a0
80e0d4b0,75546,8c4ec6f621b55d261c413688d99a83a756ac944c45e667404972b00713cd645d
80e57ce7,84647,906a1b85c135a3890dbc3c14c80abdcdec5102bf576435bf03c4e218c882e856
80ee600d,438133,92ec33591ef27f820115d55233387ec6d84ebead9f22015c5732e26ae73630d6
80ef0588,79090,99daa7707ddb77536870b5227c1657cfb45c516a1aee32def59d73d7b840d0cb
80f29de6,104640,8bf325afa2ffe9b3cf5d4e62391934a58965aecc49e1086bc797b484f1a4230e
8105bd6b,64218,fa75bed6374704926017c3a2b30b7d45a0f4502fdc1ebde14ea2c02cc85585f5
8112404c,95085,48730d7e6054e205807168a3aa4dc517c8b4e8e3a5f984a50c89072b0442d73f
81290c46,119855,7f18666eeafc3ea1a6713d4f87315f754d15765cdc68065d6d4f6e9037ebd075
812eb3cd,111448,a2a3c2e9f852c9d59bc8a34fc5183889516946402c514136f9e5f6e3956f42de
8131fd75,1103517,73dab56875fb5980092da2dea5f565c5679006caed3c275564690b69cef0985f
813278b2,313426,0ee4843bc05ce493b3583d6a39169ddf12f8e07b47eabeb85bf91d69d4edc73e
813f8255,79108,a2f45dff6d753f545b6af7aabccc3ffd3ba577c9a0cea5419db411a35653ff5a
8146143d,83189,78bfab2f0a0035b6de8bb333ddcc192bcc1c5714c18313add0ab4aa7cd45418a
814bc458,63122,137c84a334418a7023d5f7ad791743784278f3e06d0268ac17dd82b41d90c468
8153ee88,3744896,add3f39afd2af023d507c8425cd2cca5853e4139cdcfa6301556093273910296
8168a884,82681,07134f283436de77daf0195849e8be1eb530215230594aaa2f3463d454ff366f
81718e44,73328,03bfeb29c1141d6e8eb3bbbe099b8f16ad4ea3054298eb8563777d5dcb398ab9
8174c382,66706,45985cb6b2fcd1ef068c8a2213e0cfdaa41b26b29625b7b99c456d62e57079fb
817802b5,330404,3c3c5d198d54c8f996166e20af90bc3bc863767842241e16b7038467ffbe81de
817d5c68,117012,627286f6ccfd5e056ed7bf0aeb9dfa2d469bf2d15370fce21931acca8723f9ae
8187ddd1,73943,5f3788620d1f5959e0e2c3f8e9e3b204855e3f05ad9b13d7a442b564d1d0795b
818c47d3,76873,d124d9129b0195be4f1e92c485b3c12050c9f05df03fb3744d03016571d35239
819e2727,95289,9e42bd2fd2a35b7d875af60a6537a0e3291920dd1454fe9fc17b58ac78f35075
819f7662,108542,af33d914610cf5cfb021f23425b581515c872a1a2a1f0b89e2dcd701a569e80c
81b22c59,102316,40e2320418508c2cdaa2b9baa1ac4248183f244c569dd1d7764792f7e12bc1c9
81b23864,78120,802f82ec76d5585f1c2bbadba82bb048d7b6c135b6813190815dc448cd24163b
81b2b2f5,102959,350ccb189b90a92d4d6034dea293abfeef9b3345908cdceee11713a53ebf7d51
81bce6a7,101457,e64b7caf3394ecfa7ec30d9253c4d27d0558108c1ebd249f8e06536ce4693370
81bd3ed3,80827,3029aaa45e7db318dc1a591a24c2462dcec5a38b6bef6756bf4b337e5b2b537c
81c0e661,77004,a71b610c1980cca7b5ec5c775dd463b51c3292d7fc0913acc00da7e31bbfaece
81c105a4,117261,017589d7c12078454addb1fd05ca8074992250b800132322d4796e7388402cbb
81d00dcf,92177,cec8627b307093ea5e4e3dc3476fbca0ffd821b632a3b2e9d87ce64a221b4fa1
81dc4158,2453893,efba94cc8cbd8bf5137295af4cb59f0983b7bed817a62c00bfc34824beb53086
81f63442,82791,bd27945cfe48e9692162cf5a64447e1486e733585540d24cf44570d47c82a11b
821ad7c4,104786,34a85708df1250d3dfcd85fd1f0c5514ba6084a1024af83bf2f3d6f78a0e5c81
821fcde9,621640,2835c9084c70f160ebe644b42f5292ad26958a702b54cab7dbb7aea4a592b9b6
82317225,378338,b5aaa666c07b31b042a6a0710259b0a529f16e595fbdb10912ec6f447d31349c
8231a483,108357,b58b98b61dd7c51509dfaea46b832b9f55fd3613a77ec55a7cef4e755cbd086b
823bc07e,117148,809f3d2fd8dfd7ed704acc7345975eb7519f4fea2bb1f1c23eaf2b5dc155b2ab
8241b7ff,77979,b733d2ac5c5e48a606765b94234f4387357e0ddce6a768be3795afd0001d28c5
82469aac,96520,4994f811fbe50b9d6be28ff350f1af11400c1fbea1b630c3d8aa3e014e335b2b
824bc507,303468,c7173fa7ffd4e253c917c03f11eee6d6ebb9afb679a53e7b64870fd2b5e9048a
824d2489,328866,05a76c422cc8c97e316f984b16f43430b99c5a92ff45a13bd8ef1003cebd1b12
824edf1f,95832,320fc3958b0dbfb0066d4a8655bbdee9c680cd8617576942fc72ea578dd63f82
8253922e,62866,7c14e68191cacb46c98d5198c88979259b976b5fafa1d12c83286d029f14d993
8259eed8,80004,7e021171d7da660d79e0a005ef9c695c8bce287e7936319432ab5504d3ebcc2f
826a34d6,93984,6c2c4f9b43c97899c17de414d252e6285d041d4f56edc4f662bf7c7725cdeb3b
8273947f,76713,7c32d20b70df5a39244f30c5f636aa46e07edddf2ba3eb6ef34e239ff9d11c88
8274f4a6,93941,108730af4e9483c2abffeacb7a838541bec453ed8989034b9c670fbc997143bc
8277aa37,77401,21dc3eddfe45de0205d2c7fc10124201a68150e01e19e01e0ef20efeef0651aa
827a516c,78450,297642483be37aa8885e0be9621aae918b3285c3e8a92b7780b52bedef07f684
828788fa,85361,6a9db497ec8fe4fe6458d36ac2fa84a5e490a87a50e18e5d1331d7b5dcc9e692
828faf53,90148,de000128f1441946ac32ef92ea6522b4beec0a47408b5fb3358f9956b7b7769f
8297fbca,114186,d5582fe367116445a2928b58d8f8e78417261aed71fe4d67c51ba2d44a5fc567
829a9858,91221,a7367b7cd0aea7b3aba94d5862c658e6db1a6f1595c2a89b7bea09c9b34a7164
82a78840,103772,a44c28fa34f1075f7ea43cd9604e430938e714d994e7499098a04b74a753d314
82af2b94,109330,ab7e4a9c4a1dcf48c332b35985d4fb55e50903f67098c584813769f9ef00d9c3
82b48b2b,110271,1bda120e26c6e32074b7b0bfa4a41a4ea7de9c8826249686aece1d7831143edd
82bb9946,116029,2415043dc80a6d7c5aea24e920fb5fd4f1e76c366e33fcebd616e8a66342a18f
82c30872,112541,eec3b13cf1cd3f0f7723f57d29918e610a0870754545ce597e2deaac374b3e13
82dd5c40,111046,866cffd2cd61bb9f64d7150dd9b9ef4e05a43100935c0216afe983129a423c82
82e3db69,111328,f90a8ef4edd8ce0be5f4c84c7392fbd0e95f9e532dd80f84e7a50b3fb49a34ef
82e4872d,70080,ee40674e9906d5bcf463243b54ef0067d088ad12f74aae7bde085a7b9a5b400f
82e7b833,86786,9a00e881b5742841bff59180df2652a5c83b87dc5f0fd7faee8ed6fae7aaab86
82e9981e,80329,2754c70569bb85e822497b6005bbdd2cd7b2f2ef6b3426c8e4121310bb47dcdf
82eb1364,139790,83a428bbb568c55e857aeb3234788c6b6dbb6542ab32781317827d93da711b91
82f78ae7,77316,e30e2094f207d08b2f00bdf10029940ea37dca17e1da83a0b89c337eedacae2e
8309ce2c,72673,5db44cc0fa8acb82e3e0396d20852c9de48926257f1201207275e8e6665f71c9
830b1241,89695,a5fd88e25932c39d58b4806026d7831bc5a76cc964dd7a06afa7bcbe480a3b57
830c37b2,114865,698024450043093280f3e2bd072ccb10628f0761d2297cb9935f0b43573312d2
830cceca,109679,4991e672d49d4436f6f140043ce7612a7efca8310266f68c3afb5c31f500d888
831218d3,84756,52af59d767e82ee8ef38b9d69f4eadacaabcbbb611e79f10b20b8ee975ab79a2
831644e9,85244,6ecca38bbf1dbb93d79f8c2f80a0e12484fee4972c2927da8082db9d616dd92b
831874b1,77036,e96f1d967a6be58ec75ab0d269455d68c05eae9089a1e69428a17b34a61e2532
831fd36a,98859,dd4f796592c8d0be22675c2f9eaa3185731c9eaca33e4126771c451aaf8cf56a
832dcd15,62330,a4244d9d36ebd1517935117e89e530ff783f7d7476534cbf6797941f110ef242
832f016e,100440,483cff7a5aadbd8b3e56878e276f80020d507b0f46b2b7be0fe2acfd30551269
834c8965,73708,20c47f6b67c222fea8e57b138a1551ba6e68301816b98949934901fad3574092
835da38e,64032,c932ea09a26c0b288369f4595afa00abf28648b11b1f972320cca14c9f4fd744
835e68ba,117219,ea0fd03482ef700494296ce219081d959e9e7c1d75ed24e738bb4f47432df215
8361b73c,76848,fc39cec6e2d04d2dd0d5d58f098cb39348251482e1445bced7f6cc5003347051
8372208a,101376,46532d64e8c0a11ef8df114232e80d61dc3cf38cb5c05ed05d936b69d83090ce
8391c3f6,74310,098d375a20b4030b40a4773fd69d4cdcd381f08991dc0093a3059eee8231ac5c
8393af3b,107643,40c180c802b0212e6e1d63321a8ca0ef67204cae41b7cac6271b85193532e29f
839523c2,72922,23edb4a1fa3faa3a886fe1998805543b4c014224ca317800c496077de9c7bf03
839a6d57,100800,63cbeb9c0692810edacba3f30b3b667e73966ef935e0228babe2352902caa6f7
83a44498,81259,f6fbd400099ea30ce8bb928bad65fbdd3e3192fe67b4cdfd7ee1ee946e844589
83a9492f,82807,16bf5dc71edca81b7f3ac7654a3b607c12f5c81f97dc260e5f7099b903bc8c41
83b4ccc0,108415,9f626d793bc85b68462f4f56cd6c57b2ce1b98f4d05003a6a2596f2f22db9621
83c107a3,440856,0cd99f34c2b6fe57023d97df4beba0eed61b8fce76e27f5326779a44da69a62a
83c7ed76,100555,7bfa8c2739c428ce2f0183eee8fe1fbf285aa8417df99bbf1154b468804d5b18
83c997be,91104,f57c9ada4668667e4f457919b83fb93b5de287d7c24cf5067e3c9ec313c48f44
83e30988,89961,40163a499ca514af32608c0204e69cbd05d539baef16a9d682a87e95081e0249
83ee0cc2,83064,48521716301a3e55aba7917d7bf5b1d95995baa6a386886d242c1b0157f3302c
83f064f7,103821,fc214b95a514a13901168724baca9a3c01698710258c6f102d94022e6dba26b0
83f5f489,100825,c9b61b7253f567241235b1e7949f44eb100c1da77b29d7294d54bba1753850e8
83f9cf19,97466,615792c05e7f07e73204cac336bf2183651f0682cd009d63f2db25d73ead7de4
83fb34b8,95279,ffd20798189e28a4e208b5f23e785beea6722b09b06408e0fae4ed50a173cf5b
84024463,77583,fcd94b838e143d39164afd2465b35b8528bb0ab0c3d9f58a935bfa2fe4a6657a
84087aab,96177,b2295c2270fd7ef1fddb09ce7cb0e6e3dec361452c4c5f897230201c80d54a55
840f0e80,77335,de8f61877a3fa30f4a09c8a29aa6678f94d930ca4fad664869a920b1277f771e
8411f2e2,336997,351421d6de563eecddae804d008366f29e7ee3f91cb8a50a7e2bad42a0501a06
84168323,71526,d76861bfddc91958447f40432e40096eb0b8cb703361eaf653fb9972ffdbf7de
8418c472,130553,f84ef227be719dc06f1cedcb20bc8999c4c89c76d4346aa2757cedc76ff084a3
84288e77,107018,9b31221016dff822eec0b9cfb2342cc58423cee7c9cd6fb9a5845b5fac359322
842da25c,1711234,e067f025eb72622493f9ba0e314d403083fc62c51044aa9effb7bd4204bb5db6
842f71bf,99314,5739b84f8365d4d5cc2e77860d44ca8d126ca3f3cf5ba6fb3dfc5be71321c7a2
843219c8,72816,1025947e720c1f5abae52279db1dfe2af66bf07e5825a0d499b6c29c53fd4067
8434742b,234784,f4997981fa80dc85e4c4f22f43f11b604f05fbaba146f164c3a1f79f17390a2a
843b5ab8,124496,6eb3376d705726013ff5d3b7f8f3ecd65f31c9ca3d80b4f73cf7dcd4bccfccfa
844b299d,2029444,fd3b23b8db987e5c89a0b2111d25c15ff7d33e7f53ab3a68bd56cc4de998348d
84801bac,106801,f9213a1b257bef6d413493fcc38465ec411bbc290c3485fdb2c07de88838f7fd
84839e04,100947,a0bfd30e5c66fe46b686c8126e5c23daa8ac6b398bc80db41dbc2b9e1b3fa264
84895bbc,123896,b905a654ae3dc044f6af152ba67135a88c53ad4b05e1eff9bd222454791a43dc
84915392,99235,c2fdead5b1e2b6ce2b182fa2caea0156a82439eccabda1c9c40cbbe4705beadd
849842db,82150,f03263fcad38bb8054c00fc04104ac29a5e37c36d1453ffdf1aceb7a522545d9
849bcc91,88836,b61aa73b18bd519e93977f87041979247065f5bed82fc751cc26d7e74cffb439
84a854a8,105929,918d53ede1d12cbf6ceea565d4b52a18e951d195ab711ce7f48302f346c7eaad
84ab5b0f,118382,10e5b791179e56c75f6612f50744f5ebedf3c619d635d124759356a7d8f6bf45
84b0d3e6,111977,286c51c14a2b430340a5d3385685811dee8d6e2d4d8fa8692dd500614d58b446
84b63606,296313,5f60f4eff0f3fa002dfba97cce923f9d810b143c3fdefe1bbda6f6b8c740d67a
84c87866,107433,aa77b462b8c7fab158f392a0675f63cf92d199025071c4e2c5021913d03e45e3
84d38d17,181096,8e5211aa72003606a9abad555d5b79ee06d91e4bebf7b3e34fa27c8f552093f5
84da52af,105116,88c6766e9be44008959392124a5e809600197ad05a3615cb89642b1057001e36
84e2f454,104516,3aa6eb31c6f5196759a67ba66133944f7192b78592fcb433b484df0b60cbe444
84e3faed,83517,56c1d530dbc0ec5b5b67a2c6f6db184632237352448f67fb0f0249b11ef80644
84ed5c90,92624,f1df9416e0869a835a5115f27337d7b24da092883d9c2c48c83bfa15122ec49a
84f669e5,93793,10762115a8acdcdfdd63e64aa52bff75cdf203109d53c89d2539028b3b94737e
84f793e7,77808,1e0363b913ae4c4477c4991d09d8c01b7656a7ac30a037a8bc8aaec9627b3c10
84f9d6b1,103639,c391d97f48ec702deb8521603d05942516a4eeb6498615e741a7a4bd21e0c581
84fabbc6,120586,56ad30e03630445ffd4c685c31688cac975ebb0e3bf18bed9ec3cf003e5ca109
85038474,94076,b7746a9f137aa05a9288369967bc6e07e5042dcd12a66aec545402462ab09ff8
85099368,93921,24989891d03d47c4fff35ca809dccd6ab4a94eda30b4dd1e1916202454d3d640
850dffb9,72780,9492fda2a0f8879f91fb2d75536f9a0f10a575536c1df42f45a596f423ce9446
851bc50f,115049,30ecdb28dd934d4eba7c429bd68766d451cc219ed5d35a32797aa4d9925d48e0
8524a026,234471,dad8f1fb03f60b04d84bf1484e909b6f4307d0ed9826c0b5773ed445827d14b2
852703cc,101996,baf7a29b6c34a19d44f419ace04bdbe5b0e15dde43e2aa6bb1b15e04809e2bf5
85279ebb,77002,42306f8be4d30d4e456bce6dfd9b89090da54fd593facd00dca7ad1c5144a66e
853ff192,91320,9ed6293accedde159cae31cbbfde4348903e8597ae750ae6c471676ae6583146
8549f557,126715,de0d2738761f424ba3c87d6efb31a142740356c8bf198d77a41d51841c7995e4
855d8437,87851,1295707806d0352fcce7669969b27319096f6150e7192e12426f02c6bce1100b
85688c1c,119896,e2b84802dcd52719514af52dbef6e6a34c5c79e7323beead73270b50ceb2ae6d
856c9897,92262,083c7d512d9abce53a60d76592b1a8b2172b6ed03b88172a0f6fc2c2cb5a5ac2
856d428c,88452,38b2242f88959f4e66bc022b4916c2fb9770b38e18892dd8b9429a6ae324a30e
856e8175,93326,88224b966136382cf5ec4f1f58be1ff3fe383c58d3c3a34a091fa88f378e0664
8572f375,89237,e3bd517961e696ed52b1fb314e9af7ac689452f81767ddb326185d6c48991ecc
857e207b,84085,a310f6b5ef29d677156e15d728ae9e383095ebb4724ed222cf10bf72a961fbf6
85815056,83630,24f4b245c4c8b69f2837b60bf65ad0621b5ce2fea71b5eb8ed484f3ff3c4ff79
85828612,126251,4885f9138e69eb181f47176a6940dbcfec486cd37fea5c75dd77981d7aa1af75
8584d04e,103063,3e732c69970bcfc2c53ca20cc0ae8249202229fd81b756100ea074b336c1eb8b
8588044e,75539,c6a6ad4bd06761e08b9650bf3228ff35ed3f0a528f77b06bd5b9d8cf155fada5
85a746d5,72543,5e380a19c7371a148dd5b3bb81065e40a7dfe3f16f6993c5013fef4a6fb02e98
85af5bdc,120283,fe35b031ec810368b62ad6bc2836240bdc4e9cefc78cf3790275a3b1d8437eb2
85b19254,124630,3ae3d03ff51157179e557c28a66504f150ea6d6f53dcded0b577576a91884f01
85b98924,82829,5cece6f97e967c37edc3a13ece7ba9c137aeec75a6f37a3f5d1808607766b772
85bad417,98188,b86aecb93e75014fb32412fe1acb70712ddf970d30c621af63a4a31defef1176
85cc880d,2067310,c5db0d129bd098941ee898b161bd82affe4b7fa52128e32e9ee40cc0f26126ea
85cdd34e,97578,6878095ab2f5fc55e1e8af9012ff827da47a26fde3f88f5405a697bd595745d5
85d6222d,112625,28c7a4e5c022911cfbeac219c96a74c9dc5ead24180139d923662d97a28bde5e
85d843ba,79259,8ac5a365b4ac96fd8665a6531b777212c5fbe2242cd91c0e53ecbfd19876d07e
85e8c621,89595,77c93223cf6463b090839e6c4d9a18cff06c8dc65c9d26253045e56ac15aad5b
85ef7576,85055,52dcdb0199961d6e32aa729464d88aaf8ef02e3b5c714e613b01649b491e079f
85fa6f4c,429451,2d7bb112ae6a2118e8285e3ad072f3e6dc265fdf21398f74ba50440987399402
8608b30b,116008,d1416dd8f8443ee5267b675c7c8b85c1f2ee45328876bf983aa5c277d9a21841
860c482d,917898,956816f8c481bde97bb73a42f797782642fcebb9097243112c45d6460f49b71f
861607a3,112203,1258b1e7b58835b9e07431bc170464b0f0d05cb275659bb33f43a72745320243
861b59a5,73616,8d21e4a34afe82fcecaf570408c07466db2e249cc96b118efb9abc5945629108
862087d2,109412,3c305a58e32f8bbdd86e16eb1d0add83c7232ff589dfd19a6be9d32c60d5336b
8626cfc8,351055,67384ccf26ab363ae4fc66a8c1b5e6c3000cfcc2a9753ece71879501bab60807
8628057d,281176,448f5fee4c44b78ace83fef47a71622f635369a279fd4fb1faecd80ee6f573b2
86287b01,87000,98725ae313aee339e4c94dac578a28876bdbf3ea7bd071d411cc489228f56405
8628c9ab,117086,418cc8dc65814f750be4a9cc9b6ac45d96edfc8198582b850d77bc3e046d5bf8
864d628a,215587,9637e0021c617f3c017c3da56428c9b4ab061f3aff0967a86a7d683b2d96fb6c
865765d3,71493,9540b1b778266d83a9fa441133fe2ae9ea3291ac85b8b2b6164e56e571f15fa3
8659a8a3,93937,979419362998235b5ea0547717fb16426906fe76508a4fd40726d2ae79de78b4
865d920d,79540,4a240f3f084da05a7dedc10b2f9ce595d0e2186df959929e95cafd62b015bdfe
86635f66,69998,ade891ffc89d82f85ec971b61dc3575d84ea2b60e702467991b4e009273f18dd
866a9159,68112,2824acaff9e445cf824164230e3b7fa6a1898ef6e65764f3f1d149fd90cdee45
86811b2a,81166,beafa397b77479aab918bd782610414c546e42c6d0c19f4013b8b2249b23a545
8682c436,99527,fe7a8f5b7dbc10e1ff2b80337fe2abd731fbd1e2d7cadd306e3e7f897e4f60f3
869b7515,96836,d94483d3a5238198f1e69d10e782b2dd37566b3fe8b18270eb6406f0b02ae4cd
86ad5a9e,84763,fc90973fc201bff2aac2cd5c37610a32391d565ed4d870e1a0ebd6980f70055d
86b3c120,101131,753d8d3fb9c7444b88af15f8e80f1b8a1df7707d538e03e9c509f982730910bc
86b7ebc8,71896,3f30e61bab982e2e79740924951073de8b392aaa53c025c80b156057fefa6d01
86c46bc4,92627,30c599b45240f4f1d5cd69bc923629acb9034ab52644dfc1034b997c90e457c5
86c83210,76554,25cfa54eee4e1fd5c459ee33c0248ec69b58544c9ff5c513452eb3e0575aaa07
86d10c96,97451,85533d3f458aa7683cc6abd4cc01243147b2c896043b9abdd0b27a5a93b58d3f
86d2a84e,114363,f17cac6b7fcd20897aac8d213d508fa59426e7dd3465d4d844aba2c62c8d2538
86da84c0,118095,97bb7a43a378388392fb89a0fed09016d5936244155a6447385df3fb5c4bbb8d
86e7addd,79414,d085fd1534411746ac1d3d75d25a2313f94eb3fc756d4a66ea4c739a7db39e54
86eabb88,85524,4181dc3e1015e281574879e54181fa3930ca583016ff22f110b83daf8369c48c
86eb5d08,71821,fc18120205fe67bb1ddc9e44a247b31b8bdd9efe6516918a923cbea310961ca2
86f24c60,75248,1fef76cd6ebfc7a9c0bf377f172964219f37b6862142f787f531bd22d3f13394
86f56708,349895,bef727a6593238f535061492a5ee223b1e5eae74e3efcf31b475bdaab55e1ab7
86f6bb1e,93790,b446428eeb700d54f9b93509e08b2a9d5332230abb4cbe92fbb0d937b5576d7b
86fa2695,108316,312949bf482caf431610e11185656efe25a30738f9eb81946376eaf81d0a95b1
87055f64,109653,76eb1656f2923f31027cbe2bd995c44fc8d1fe7ccffb928eaa8a37e27b9c8533
87066fc1,108127,013904e259edaa9cf7969287fe4d936f3a4fe08de33449a31bbfe3dce23a01b7
87272f88,81504,574ea000dba46cb033dcc9e6fc2ee58376dde8f2417921e87267a566c5d525a8
872b5c76,113437,bbd1708de17d67047b45a24d8a3d3b3bd741f25e9c39ff1a87d54921e5745c03
873d7fd8,97964,58e9c96fffc4803a86cd4ab3c4307e18b785a112f0b7bcaa49513e450e1bf000
87436092,62956,c0fc01aa127eba75a60dddf25bf5b61f0abda4878bdf8bb4b32e415093e16e8c
874bf05f,101442,425c79ff84b5f399b7d3c2becf1f95300f526671877587f704bdbffb3013266f
874f1868,71740,8b343fb87cd61138c258c22347107c6e451a50794a8c09cada16af367864eeda
8766aaf9,114212,78847d641461e711a07032017fcb2bd6381362875508b288cdc2b8d23e9dff86
876962dc,108527,a8734d736060a31be908607dc02323e172352d3fb33761e93d5fe85ba671d255
876a3be4,85156,5757edb9f4ad41eec9ecf1f5a670cf96db7b6731cbbae8fb59ab9fa656710eb9
876b87b7,115388,4fc9df8c1f4af1fd24eae66c94986b7734b644183b24c4d965c1e2de12ec1bf9
877251dc,355264,0edc1d5a690a23eda6161a69e5cc2838091fb1b52e6fe7d3b391f0c7b4ab6ee6
878505a1,92567,49621e245fcac8cda43411ba2e523290165192c0467b2759f727684cfb400b9a
87a6ed1b,75051,56141d05775225358cf067a81ceb8d57afcb39c8d0e0b39a27bc9caa4b0d6a54
87a98876,75372,9364a8c5cbfce9b797fe2c829e731d3334ae2c345f1b86780c34d4682ad792fa
87ad3d2c,100933,efef9b935a6a937d694350fc53b4a5f54fbbd5728e433aae1538f8e1ade153b8
87b60542,98851,8e0d2a1d26560298ac377160f4f09265a0ea55bf2dbe72d3f4d95c4c239df16c
87c2fa14,85312,9afd95c79871ad2ca5a58483dc81c25c91e2f1af3d397e6eabab8daf9132aa25
87db7faf,90068,b25a4ab9bcb203fc80da6b5f985b5cdf6f5b4dc736a997505fdd67e6df8c1621
87f76aca,103828,4184aedd94b67e42c4b532595ae342c95a52203b37c193de25b19ce4d4f9edf1
8819b4f0,97560,49ea8a7840e35ce84d4b2aebc5842499319238c289f89e5d1a625393bf1bd5de
88248939,87715,248a210969d47fc67a956d48b0ea6960f238583e35e917e99d4aad8d6e0915f0
8828572b,93869,5a5463e518df4de4d46b1038511cdf8f7190924d7284fd28199d587a304b0bab
882badca,71867,644bdfb8c231f159d5de0327de8d6761c57d0cd23615650eebd4311cd67dbc85
8840429f,81465,c2b38d95b76a05180bd399d88411028ca2bc8871b28c71213b21da8d915c9802
884d55f8,126899,df3d6550f955bf393c00eed943ec557b8efe6150ebe5b88481c32b6cea04fc51
884e14f4,73780,b8150532ecd2286fd3ee07a9a4963bc84f2ae91db46abd3399e7cabdc54f8eaa
8853d24f,101466,fe4525f29653c4018ca356e0d262f94a9c48740ee8cf5e4bfe840182803467dd
8854ecf5,106743,60d4f56c869c7e4aa1ed5b090d1561e16d74d2315337462ac46df63d7533538c
885da9c0,88199,7cb6f8da518708050ce69a1745cceb4ad3587f514cfd97b97117d5339c70b174
885e3d51,77792,1b58fa35c5b98ce200666c517e99f376cbe57a0ee475d50f0c468d737c0267af
88769b5f,61502,fad1fc3a8f817cdd2074717a285ddb7bead73c8cf54eda3468baeefef16b15fc
8889e546,108531,519cd7ff715aa303b34bf98b3b0e34c3df7d555da4a325e11f2cb44f1fe8c422
888b95f2,99491,3b00228f2ce6946d8657d9b5309f7467ce47fc39683a99c084d4916173e54380
888bab52,67650,13b9b46d366bfe44191df3369684c22fb45501826c8de7730b33239facd149b3
888d0f81,1949653,58c120bbee2122a62411fe96fdedb1654f39e7ccb97b5f9a627c1d35bb9594b3
889704d6,106228,7319fe23229cfbd8be621643d570aa319012557d08d007af427cbe8f0df37ca5
88aac44a,77707,21f92a4286f8d277eed3af0d0c158d5e67ff64b5826775d7be70dd086a450e1d
88b05c72,95625,51b40f70963a54edca025967ba6cf229bf494c45adf06c33199568175fcd8f3c
88bbf179,73905,00bc474615c90c9e2a69fa22bc31dfb8165f7e7178a3aa77abc69b4889717fe6
88c6703a,74278,7392cf9f1fb539ee71fe73499588b3a353332eb50ed88b2640b1b94d5b14cc73
88cc7306,91786,21f551b77137e9df5b27477bb1f11525b9b691d46fbdf88ebb0f94b4b051f0b1
88d59a47,231219,e32707bcc81952cdbc4a55517fb4e87dd71abc698aa9522d03912fc540fdf465
88d5ef4d,101064,4054805414946e481b46a5ae811f4b962252aa2bb68d93484d59631e7682938a
88edb489,90918,ab1f46ef25d88b36ca60260514d4d2a42f6049d4af22eb4aff0b55bc752bd905
88f42ee2,104666,71a8870cf305bd5f59175803741ed9c603aca5fb5b3cbe0c905f3e9c25c8799c
88f6a8ce,207156,5389ef87166fbae89f775ad04704bbcbb067183cd747ca048259eaa05699150d
88fc80de,315503,3155664f195ce96cd3de54056bbbffe0416acb04be242e71d67083419d51141a
8904c35a,99850,277c763092b8538b53072c91e29ccd03c6778bf31db21b8d7ab36e066382f780
890a87e2,551564,3139d210a7dfd1efec8c9f7b41d7fcb777064064c81aaed6c9cbf522aae0d178
890cd851,262791,daee29e5e91f5736e97c8f2dda95c806c1fc37143db77e2318f39d8014008df2
890d3d9f,87769,fa3daf440c79eaa8b8e2c4f9d6aeb3375e3c7d12bbfd9a064435ded8479c5067
89194db2,63860,5f7677d573ee8e459018f6dd36197a2b782dd60c3a3d5631a6c1efe45503cd19
891dd265,83463,81af302486f6c50e7cc6582042dd37a7258c04c0268ba2b474b10686a69011d6
892412a5,81564,d623d20f0b66125fbc0e4fc78e05a3e53b4897e81a5ee98449034f6a533e397d
893b84b5,92518,7315d1e0ae7c4751d8572fa58090bb66cc760acda430ec9a68e330856ccb430e
89414592,93913,4c3ff78d56b749d87da890f1c41d852960d1f0d9fd3052d3b8e8dec763eda417
8941680b,103753,48d6919101faa00139cef0b64bd269bfea6a03cfe39edc9256eee7e9bc43af4d
894ab988,407549,2a38d6f10f7af2c91951d71648ee899c682e92e62c84adbd9c01a54bb9202736
894fa9e9,88924,e8cbe49a1b25986c0b824d829589ec10a39add4e17602eb5fde18da432b77326
8954106a,77675,bb10b06e160faeb7af00351aba203c474ebf2178a55c77b957b763b9815f0489
89565dc1,81424,65c9b2e08dfc82f33f026955bc6eac1b55c501bcdb0153c1d0beff401bd57d1c
895e5281,102593,4b0abe721e8bcb3561375499b25d11494e1480cc9c38cf0fa7e56628b52f97e1
895e596a,75771,a24a491df085f7c7c18ebcfa856c5f61d144ae6c05cc5d4b75e3a2b64e122196
896bb283,97276,716f25f375848a093de9b3ab5008f18a55f164c722cad54256b5d0d9230bbd54
8971c6b5,62340,9ff95f4cbaff5b95431859da75f4a189590d1803232dd94e776c268550fee7ef
8976a6ee,90023,af239452042e98d9351c2d22d3ab0033c9eeaec415f47db795759cd4b5dc050a
899729a8,75568,c457f07317b538392a2607cd16e351211bc596fb0f8ab380599a4c43e9b8fb18
89b3301e,72608,5d3f22cd1ae7ba11c34692314d59d7a741fe093527724048d0b087312860d19f
89b386f2,114319,0b87ada3eef5b8bc4a4bf01284d7fe7b574b70199204de05f6f371bf6d20a777
89bab7d6,91996,a67e9d1334a2ede7fc43357ee17b064c433424e7e00349d375da3031a278e635
89c7f17d,113471,b9beef7087b84e87cdff988a08f7f873a97eaa9abf8d20c54a192db116d0265d
89cf67ca,2398187,7d575c07d9ef023a13e34dd11a21629ca38d98a7efce0186acfa7338211ffea0
89cf8e3a,91363,258aca8b79db37a89bf1f4a4b940c902c8a98174fa5dd72b449f522ff09743d2
89d0ab47,79385,cb33d0eb95a0584ab1ab8ea08ef736c1718d78d41c7275ebde7725e8fafbf95d
89d0d108,51518,12cdfee0003fb189d333f7a2338d03d85ee6312918e0a4d37861158f1fd0422e
89d92866,71991,1f52e55a9045c67f42fdef41d962ecccd558b293bcefaf318e21ae7f2904a7da
89ec3830,116362,0a096cc1d270fb48ab7b53beb936b89d5a2c864f137a00c329dfdfcb50af6da2
89f5ad4f,94618,a4f866870446e8aa400b0790a0db38fb72b84ecd4a6412353ace6e642dea0c86
89f5ca28,109352,b6e1fc9abc2640abf3f72293f07c2e4623debf0fec84caffc17a644408fc1b2a
8a046742,687101,b185588e7d07387ec8b1266b6a29b33345881a9e7c89ee063edd0418f8739c5a
8a173d4c,105569,9b5f8d697d478b2563a74510f19bd0ae6b70570d46d320a75e2a0d4537d92a08
8a20e24a,82211,06e98239f8ccd884613770fc6e9c397f213ced9975595fb18e2f0047404f41d5
8a29afae,78983,4b734546c6d1ba18f6acfa3874cc6c6492c1f032609e1380e3c201732632ccd4
8a2f4cf0,298426,60ee20c18171801e7639161ddef7b956db8e501daf080effc68b3fe1f61a8a3e
8a347985,95072,f9f5bd80b51a626fb8f9655693045d562e6e7304e019fab5724c35ca7849d4bd
8a379891,80417,c9a3e572dad3ceab2fe46cc5f5281f0efd8958d87f5e6d076176178f725c885a
8a37cd30,112984,190ad0655baf1d82f6e18068f174f43f29c3467cf95724a4623b51f9872cf800
8a3dbb29,108827,81ec76526aa1c93acfcbe17d96b27926849eac369601c517d388e501de4f7dca
8a3e036c,67494,ab68b950d40d1b65b7c074814d967c027ac2334230a8a68d8df0787070b335fd
8a3f0381,85252,143d1e21608c56a0e5de061e800b7177cdb4a1b9ce8019cd9b06c5dff9f71652
8a460180,64918,f58f8cab0bb05d0ca0a17d397832265b3ff7894a986c5a899f6660cd1089fc00
8a512baf,81539,7cba124a19108004be98ac02a62731066b00e2b02af56640eabf9788b1601c56
8a5710a7,97034,2b67e68db3eea959707ad572de8dca324f04d3daf6f58ef8c3e32b4873db39b7
8a7094bc,3670995,8974b5808a3373532e92354b8708e9e40f59d0324dc0b3b665b37f7fc554c23a
8a77f0c7,75910,034dfa8a64d619fe142dc02b1926de35b017ea1af0fd94c444885900ffc754fb
8a7ec35e,77177,0f87fcb22e2e075caad5dec2c1bcea69a84c765b0f31c5099355d1eb66af1110
8a84954c,106118,6f22d4832dfaef519dc9a999f4671db1919bc073c49e4a7b7694bd711779b0ae
8a8cb820,96678,1126b4558a0be6fa25eb4e449e8247b88ac3dd45f8d97f3a6ad35fe94dd46bdb
8a9894dd,79552,9cd33cda1291c8a59a55933e701c941da6febedf3de4e2d7844d64bc85f4f23d
8ab3a0a4,106319,95c4109cfbcb936fe76e1ba886880466a26f77a714f15c029129ce9e397892cb
8ad3e1ca,114120,9848cd2904d63ae7398098761589e6c8fc865bd80f7e89a5f3cc6ad00f0952fe
8ae3c6a4,89128,087dbf60fcaa9cc92e22592e8db1f165dc0963bd4de4be462223c3144e281c54
8af681b8,74410,a5fc90f053eee51c10c435a2ff63eabcc5123a9fbf960d36cb464011f985fcb8
8afca82b,71464,b338c573558d7156059f2f5e289fbad03949132ad9b1e2e40999688cc9318f63
8b03bd1c,93960,c073aa9d474c8ea748d98600a397d850d2921768041c46798052023d67ccf988
8b19bdc2,85711,94982a582304647a3852ec2b9da0fd6b37d7c5088ad8b4f0e3b3f2aeae8ccacf
8b1d5590,295939,f62caff6cfc5a0e83530097317db6e4b0a2b1a905ca91df37b196d63c75840fd
8b20f041,113122,d759a5d2ab6b276dd32c1ebe12dc72da1169de819dd516975be245b08e235b79
8b230f98,82663,7eac4bb02a48fb1f0833ebda421751ada2a51d2e557f3c2e4dc724fb503ded5a
8b45d134,104214,2afa7ec1a15e96a791c61165614c6fd3aa93927f9ed78342d3c1ca252aae99c1
8b49fa18,85799,c8762a10d9850c49c345298bc59586dbcbe85932afc91ffeb21925e312d258e4
8b4a6704,80327,86b7989244fc05932f0ddbbbfadf03d7854cbe67f660a48f4d7c6c8a808d63a5
8b64aef9,89766,af8243e8ff5b80310c98d1ddf4fb2af532f54510bb529a6f528f0040e8923ac2
8b7c0185,103288,b4100030be2116c918568c8258764297a5931b03804dc86ab7d3fde0750eabd1
8b7ef296,88734,10894813feea0f87098f147507ff51ae91d25859974bc67ba361efdd0117065a
8b86ff86,109774,6a1bfc0a94e859b93a48409dbb0e082288cbbd41fc171e27eb9c751f163371ba
8b951fc7,136295,9acb5fc4e8e5a0a18850e30735df6fce3a293cdb88e4be41e41899e2dc50ac45
8b9cf881,88581,b55aef22aa49c0b8b33e4fa42737c09e42262107ff4575b3a95e3a954d49d44b
8bb50551,82237,f1f09cd7621af73a3442e9489f97d94b0ed45d8c97a92bc8c6a8f5ce05bacaa1
8bbcf8d0,99378,2d8e73be0dd472d78225d7bc6814a3119e3ab46ddcb0a2fe9470e4a9a683eb6f
8bc0730a,296052,f4e274100bfc7c324a9c64e02978e33d10ef9879772de45f26cc3f5745a118ba
8bc7d44a,73230,ba4963674ca51358a51067beca90f0db402c165dba806749aab2b5f9c23672a0
8bc8f9bc,80999,b0196b88457f7b116e8c7d1ed3dfe4c78d5ee5dc99d1275cb6109112001d34db
8bcd63aa,91954,a8b13e8d2b88beb086468631ef378f7eba87087d80443d63aa305c31bd74673f
8bcef80e,97850,a1ca56040d8c374a792af7ae6cbcb07ad74304813c0cdac586732205bdf0dead
8bd4568d,101534,263312a6e3a6625f1db52e7ec2a38c35e7279f51f831cc3fb0a632e60546ea3b
8bd69898,107273,a3e8d754eeef116d738bc3ed9967dda9c514f577d73e09c272945bfc54698fc6
8bda8063,106975,ff086fbb3b6d56749ce5b2963762e309c10e37c563f96e70aafba7b62fb71d58
8bedc290,104793,0bd0d7bcd684ce2e06757e4b1a2214a2662340de27f01b6d24fc9c79c4105f32
8bf4a24b,115395,3f703281c8f45b28b16af72f0e404b6863bad4a67a4520a09236dbddbfa05ac6
8bfdee24,93405,1ac62c7c3f38a6c6a13f05be7f76c0733e9e42d8b5d0787ae2b12ff538db971d
8bfe53d2,77009,504491cbb55e9e5b859bedd8f294f40618f9328153269f258f0629170e04e36b
8c0e45d7,89048,ce5dc3573c773581e07d4dd37d003518aa2d2e22feccca237131004e762abf3f
8c1d5d10,66177,329c22fd66f26a15ce7889a0cb382c6be318bed8eb21bf14d6d2dc8fc927671b
8c2a5112,90834,8e2800f9eaaa24f837dffff5b14f1a69b07dfa2e7c90f36b88469854e4d48ccd
8c2f162c,98716,5400c301cf663d4dd2dbd5c0266000f2e381ef8d252294604f1f7a80a72e93b3
8c30e19d,122545,a905416dbe32e3a3b282b97bd080f7719c2677476f7c1974033f1460baa825d2
8c38e774,76972,a0abb3265ea8cf1e90b256fec2abd205797c5b80b7722494477072232ab8c5cd
8c3bb648,104907,8f38f8915707a78f2bcf25b04c62c719a7296f5ddb129394e4cb4ed6b3c3ace0
8c3c72c6,109131,bd8b90c63c95d61b6779e2d525fe0e75e77ca860d90b30de5a46b80cb5d8ea1a
8c3cf0e6,87003,532c3bca4e10cf7bee48e6fa09e997a40e40f3548dfaa36b4d18200dab0eb943
8c4fb185,78927,8576168b36602fa98a8c609a9f4d74fa35e07711576e614e5908b2930ece8b95
8c5619b0,99579,4c6c8c455d0b98402e700da2ae2d56551a68861bb9303924fd8e6830f821086b
8c57bdda,113438,e56542ab0a54654add1a52578b2a86d3ce7e114f4b2eeb5f7835d5918196a31d
8c6b3f51,92396,45331774e3d3d547389b293737edd68edb502f9b636b6b74a01f926eaf749e2c
8c7d6ab1,90748,ad5af8a1375d825299096a8c9400119e95b4e70e0c0255a6e190639542044f59
8c8480a7,77974,7bb8b7683205256a98c8f7e24224d2e11268820480a906031ab05f9b87a5bdd1
8c860f0d,76328,36255b1096e572bf79cefd698a3a8b0b8e4bb96d5722799186ddf582a4a2eb67
8c91289c,100643,82f7485eaa51c1bf1656c025aca8b962dc142cd49686088953bdcab2cbfce089
8c9be581,112526,d93073c83da6589070699fd502c91eaebe4f8a89e27fcfc47ad195c2fdcb4738
8c9d666a,213413,35351c2fef73fa2726c03909a40e4dfb3459ea2ee01ad85cd65e12291af6e82f
8c9ffbb7,82447,8ebc639da3175b9196fcfff53276dcf17df3700710cb2dcdab7f07b4972fbee9
8cb7d4a3,78725,93e312404da6bb87bac18cb7d03f7963f89d365f422d4ff6634a1d228d98ea23
8cbacdad,117817,d05ef41042d5baad8becf896ba34b876ca1805d2fb0182b48c5bf0567f8fa63b
8cc01bb4,102113,c23e8466d255fd7db513ef6df093b8e74d57f4da6763a6cb425ee970f9d5099e
8cc1ecf3,129097,48d37a27102db89e30bbfc892cd25f6121da5489f315b3435ccdf25ccebdc317
8cc93d28,282555,ba5843fe1bfef1314a956cbe1a0487195deae8a26b691e48af677c7cb470f41e
8ccf2c2f,84992,86bc507f73d12118b026905bd47749c95c176cbb557d62c687b027d24d3d2ab3
8cd8c9ea,106589,0cc80c1de6d7cbe29c95114367182a4c15819cfc0efb7d63c44cd1d02ef31947
8ce93fee,77783,cbad28f8c6f799bacbd8deb3278a63a11c5a0b26152a3a2c8391c51b35b47369
8ce9d4e6,68512,b5e95b3326acbee9daca51d3737997b7ecbb20ff044ff230154fa415c2406450
8ceced22,98489,0ed90de84384de83e742be33230a79ed9e9a25df51715e2be1f03a9e78a27122
8cf378da,106577,395a174eaba3f661e931ad88730d68c5aba71f1baf9eca6dda319e51256b26fd
8cfe20c9,96738,d903952a080d2d4106f984b01994d5c6eaacd7122404d25b059cd35b301170d9
8cfe6ed7,86364,2410c4989111e285b66718f596d72dc1a19fdf6ab6be7282d4ab784afb995b5c
8d174405,114865,05f648668ce7f067263a987c79d0b2803e874d22da806cbd5dcc4fa408554a49
8d191679,321648,59889755fa8e223f9413948077aebd19ad6e8e37c8ccf6fe3138da119928833b
8d202201,93920,fa6211ebed5cd65d831682c7eb8e31d2bf74467102a81d1b57f4656307424605
8d293ece,82674,a067a39c66bba6aa99bf53493d3fa6a8741b65c936514766a0598e75c66ec676
8d3ac372,77973,cafabb038f63b175421700010cc6702ba97a49e6a3e38fad2e25a55e30ad4fd3
8d5f9e69,78840,a761801346ed6efe43e15be29d84f5d367303e6d2f07b86b018b49b05bc7a17f
8d607a29,104111,96070b3f204907142f035255c83cdb07ea2ef82fbfd01cc769aa64ac6ffd0bed
8d648709,85902,3529aced941333488200b552ccbcf7afd439dfa4d61f47d5548b586a4c36a5d4
8d64958d,109314,f28adb9eac5de4ea6a0333452118ce174d20cd6620fcd55746a25386bb247637
8d6c4ab1,80725,cae9ae1116b3c5981f1cc5c52bdba94726a977e36bf860327bbcd078eb7c2a86
8d6d5cda,97489,3075403a2ec591fdf34b6f4e5457194b5d4b1f8a93dc83bb8546db7b662ecadd
8d739ca0,322930,b0bfcd6f4d709ec6a7e58407d32f8a73f50b3a5e0398c77ad6967cba9d2eadcb
8d7bb20b,89252,7a40e269062e1a0a7cafca817af1596d5f8f06525dbc2d90876111200087f2c3
8d804ebe,90988,292b4036d9e5bbf593a968382261db664b8b5646ae9f4167bce66b992df0023c
8d825019,1278036,feb9f1e7eadbb2267d70698edc5a171a5c582d7e90e77547dda378efc7970165
8da56bd7,94527,99a3913d902cbc6e4a65faa71cd2687cbf4f1bd5194475fd2fc1288a6d268299
8daba58b,79355,274a2cb0a63294d74b26f091cbb4bbcf6afe9679a8851da5c7aec376861f7032
8dac32c3,73871,6264f42bfb2d71e1cb103144377e6af6c366bddc68894924edfdc606dfc4af56
8dbe9711,99848,8740b17186a4738e5a327c2dd0ab0e582962cf376066051c90c9bc10046231b3
8dc5ce65,107814,f75c4ecc67434b19f5df9da3ad3362424b49e457379d64f69d7fb59a2a04251c
8dc7378e,119958,6ebb6d37f0e9081b969bc4ed03cf5b66dfe9f274def684ed0d73c868ddebd357
8dc9a0c0,68177,91097b559cb1828207cc07c8460bca939c706420e76e0fb89c263be8a293b50a
8deb3376,82365,b8bad358d65a249610ce15762165ea5570ba78540c44e50f297fff1515d36228
8df4abdd,78493,10d474a2cc37a45ef28f8acac2e9f2909f3c320df4dcf6dca3fbb23f9f1c6dc2
8dfd70d1,70523,2b9dd13a888d149a37b422a3ed8feb2fab227ae5de549f893aeb4fbf4b368a2e
8e0c69e6,110105,8fd7672553b6294a6f7d13dbf068870c253e754a9901c255b24f739cdb493868
8e1041de,132771,e79a4c186728b476a75b4be1649ad68842d74ebe0be8e2a69a3942e1a15ae0e9
8e23371f,101268,c40f4c18055c8bc7d5798ffe5b2bbd48392f356eae08a5f90426bdeaf8a04db6
8e23850f,101714,6cbd5c2decac6a3b9692523c3de8913956cdecfcb802a433d7bed4e31ac15ae5
8e26dfdd,102695,313746655ac1d8e12ac70bf7d8a33921af8021f5e51f0b7efb94e8adda09167a
8e352a14,119797,8625c326d04cc9aab03c58a2db5062af450122baca51277d7b493fc953676df8
8e37b3ee,114797,444d469e5a397b5f87eda1e77e38c39114cdd3aea148e63e7acc4be92b80907c
8e3ada7a,95333,71d8802ddf18ee13da7abd91bcd54f962d51069d42329a05cf01f65b1e43397e
8e3af83c,1977955,ea467cee7d53ee08333e354c3b596063167418611feb6f4ec5e4e7ff9aa0f61a
8e5618f3,78941,0edfb9b3147d7f26c8d319550489b08ded642ce09c7fb8f110c1ba43de597a4e
8e561bce,112448,e31d453deba90d7671803a2d00922adaf1c781fedb93aed0098d39a491807c50
8e6b2b35,77135,317e04cf2511f01ab47a52ad19000af07c0904a31205f7e6128590ae37c82377
8e80e42a,101117,6755667a0c72d79f8746c261480cd5ddf3f85eadfd9412474597eab016dfd807
8e83fa92,86874,25903909034b0130b804ceb098918ef1d4d354f9b5f4717fbed2ab3cafe94fba
8e8483c1,113659,377dd9f0be80af2b962e93d5566a9c2564ede408e07ee8263e0cc74058d58199
8e8f21ff,74719,0b84e1dfbcf71c330f23151e057b14a5a7d39f9913457f2af6730e2a42596d07
8e908649,85779,80786c8d806b9b5ce3225aba62cb2400c4eb4f7d4adfa7f480de66ff8813c644
8e98bf7b,277360,fe3eb3a0ca0d8df49f41e4066ce29fdd5523c325c2dcc48c5d846b647e224425
8ea84e38,297878,c730550639891c275015720321bd571145c61aca663c7fdfc245b8b13c0bd006
8eafe27f,95903,233b0f8a3f5ff6ce5b853591ad2ba3b9805327c178b43506c83cb1d764dd8a2c
8eb991a6,100905,6a7652152f0ccab098fe47e3fbc716f3431a9631fba1c58d0e471613854af7ce
8ec23e8f,75223,1a35640f5750c67d30290f25b72f0669f0524f192ae02e6cc9ffcd1d55cd9b45
8ed86ee4,74598,61edf7f380b63f9b456ee2ceda569ed8acd9f4a528c952e4d68c43bfd99613da
8edf8d72,73816,92771c78242c81076df73994a30acf69b489406af20ef0bfbc4425fc0b2be73a
8ef1153d,118476,b249f269d12b8869e68befe79e3ca3e1ebb21215a179381f1125adf2c2ec24c9
8ef62eba,91354,4f1459f928de3ca5a98d58e90d1e2b21192636e0c13d48e7eae70e00d01227fa
8f08b4ea,2187927,852b9b87dd69264375f7b0a11e21e0e2cba3925eb991e857990dcd515f5c9d3e
8f0a7a8c,83308,5886ee4dd4e507d9fbd01a396c7ec6be3e8c1f5e61282edd16f0b13cf8ed7d8b
8f0cefbd,107381,5fb1dffa0f7055f92045536c8157757188ba9a23956fabcd7b425fadb6c1c393
8f0e6923,76080,7709a9778a0d744cc15b7f26445c85ddbeafbe9a6486ac81b38759ee7cd19c33
8f10d75a,70210,d5024e683f30f06d393ac9d5892c97fcd24dc89c9aaca797b34505c454d11e41
8f1e1e8d,103588,b58872d487cb61bd0f734ca61541c6a1ce2d98f12ec5bd20a76c7e447af0355e
8f2605c7,86401,7b57cb4dc303bbe0056f7cba2aedfc29ec19413ee4e5ae171bdd19783bf7e4cd
8f26f341,76114,c31f0799f797300c60edb022f57860f4f8435be98477f939dd8560c08c4ea2d4
8f33d38d,101606,93bf6680b37c9c7bc56c40f0a2a8e9b2700cb69a671a88555707e2e6c703e38e
8f43227f,116172,14d258c0618c16a4fe7151850244ff7e44acac393a9587385b49cc4fefd2aeaa
8f43e35c,362969,5bbe730faf46bc783df36e5cb946bb8e52e402c6bfe64d9d552f3032b3a58195
8f4aaaf0,272131,88f4227b2594a32a263c19a0c08846cb90f4b69f8690f876811b3854154d1aeb
8f4f0b5f,99831,2ad1227bde94d5f491bbad8568fa4187d9e5064ec8c8fb98e77b2b1619d43fb8
8f67fe83,382425,43dfd7f83add9f246c161e1e64a9c82a9e1a509661c593191cd91847ef03fd09
8f6cefb8,88858,95cdd6d58bfcc6c299bfea4af616f33450ae0aad9c503604ccde0eb6f4b20ad9
8f7467ea,90957,469e2452e8bfe4985419b3218e7598d3f6cccd7cc4062d81f65124cc38d065f7
8f7bee60,97062,c7d63b4be216c4ce237f8c3f6975cf72d06bfe508f98d6ae92c5e1fc0659b5b0
8f7c65e9,94327,367221440dc8ddc5016ff9242a5bb409b86d57359683725f3d39e177a914c0db
8f873e27,81112,144c7474c509dc064cbf1446a131ce3721ea9f9eb246ba71eb0c73c06824a25d
8f92135a,1548140,218e9ead86560bec6328446c3cabbfa16bf3df95cca8252380e5e5f70bd8976d
8fa280ec,104486,c3a7a7cb16169cd41eda53fe3cb4eec25797192f8cea55df5e279aef3700071d
8fa646f4,76342,abf071b6d7d612176c88e59ac895b6f6626588d60ce52e06da98c5db76f546e9
8fad4443,129519,f0523af4b409320926772976e3dea8004535194a912336385aaebe4d47f771a8
8fae2bfe,98842,8729e1abc69c1013857a349e9551b51c37e16e869b5ae8c3ca202726f8523833
8fafb321,113975,fc2ea4f7ff62a07711b2c58cb6a6a5a02c50520029797581e232716471ebfdae
8fb12d37,83845,20a971e1876ccd0cdf381a3f2f063655993ac4a11a7a0c38e5be21c87d50e290
8fb305f2,115502,8843351a0f5a7c27df90bd715ddd4fa66c892172938390df603114afd8c2a318
8fb31ddf,84798,b15b1680c6d7712d995faf1ad3356f08d5dd1548a485814c3cc4031c0151c41b
8fb4f450,97756,4e7f88ef0ac1cf71ec7edae7a00e45f84e5d33922d1f85c73640e9d539a403a1
8fb9ab0c,120475,530008c9276ce5f534f9beb32e7dc23a5882158aab70b87f39afb6a0fd94d4f9
8fc197f6,104443,001815b084934d156800ed9119535ea756c13363817bcf590d79c173be40719e
8fc4b465,110766,c6b09a7754c4595e288a304af82412821765fa732b1b7c5779395993cf234bdc
8fc6e3ae,53989,59515b558f7f71370fa77f5b5bd82a19122ff4c8d8fd4029215f6f68e8598a1a
8fe399ba,85760,a9c9b33441a213249a4792443bf05933be9bab137ed5d9faa696a5beaca6a332
8fe41932,123339,4dc241d420075c75240bc19f5fd3f1376d294c33bf138d2bee2e608af76d7754
8ff9ca68,94300,eb9820b8041d610204ace0744729df911b29af301c53388d71c914ed44f98237
8ff9fbfd,100795,7a528327eb220d9a3b2bade3589bd3b1ec26aca80e95455a46dcfbe7d0afe8be
9005deb8,71884,ce83711afdbc6deb76f006e2e095696ac74bf8551d34b4d5c681f99639c8d139
900c570f,75533,cc33cdf0674fb1d1c5261fbdf0f80ffd2acf6f590bf1e2ef338ade28a3338b92
9010d219,85745,9b9fbefe1487bb233d1755881ada5f738e7763efb33e197672d586324cb5c21e
902185ec,205186,fbcb10f85e873c7c8b81afe6cc19a38a140af8fbfc49728fddb26c75f32e3c48
902187d5,330161,023bf409ad9f8d31e6c5cda9469204469700160fb97d390d4200fed6eb1533e5
902458f0,104025,b26371021af76653b3e03a98a96fe5aea36b599e39a6d6f4e090118679961489
9034a54e,73052,614a29f4ed0b9271dd991d4029d36b91da00c2fd71439ee8c51623403123e5aa
903760a3,114291,ebd787d9eaa4ed4edfac8e597367aebfd996e0fdab6d9c08a366198be14e9689
903dab08,71443,bbefd43facafea82f8c3e6d225ca103de69752e514cb213e6c2e76cefed1e8b5
90412187,106781,2ed4c9373fd3f8b8e37ebb7be4e09bc522f8576ba757e9c09fd4ac14c5be2725
904b80a1,112109,8abb57e6ab6b57171740af1f37dbfded434091019b0f8a242c015d69f4a2cb81
9050937d,103591,3c1e0f4007346b1f6d31a9692a513122b6d3827c09394fe7b5647712fb493825
9062b08c,71767,1f391769c9f129dd0c6325bafb9d40ccd1fb2a5419467e009c2f701c754b2c1a
906ac11f,77215,c9c3e03891a2340bd9c6a378346961e3cff554cdfb6ab066e712c795e8a15d19
906cb590,108867,5b22e14976aa96a35488e2aeb63905e9c0e0dba23cec0ebccf355f08af73de45
906eadc6,74563,e7e17ec25fa741487d03b223f2b85426c3fb7fb6647323e2f7c52fdf6038f377
9071b330,93086,f943c8346aca37e0d84c9b91ff8f03e0f1d0e717a11bb90b63357d22d2b0fe7f
9080571e,84532,2fe8b9b80591ad1d5b314ef658e1d569fc96a7499970da433626692dcda817ac
90853821,95584,d4f890a79a281b19da8c7aab13eedc2937d0d4be75e15709cc425cf6500d76e5
909a2b6a,73251,7d36019d1dfcd2218d446c516363f5e6b7db0fae8db6c35e6314d0fe953f200a
909f151d,109945,ef9d8c537e7dfa7c80775b333b933760c76b544d6f096f83117a93953ecc3344
90b20d11,106869,eae3cac6f4d028cd95abea68f62bd4c2d9602bdfb82e1bba5ecfcc84c4afc75f
90b98551,78262,7075cefc4a7a9f319f4ca1d6d8c6b48eb1679057d813401147eb5821b8609e4a
90c7f92b,114171,448b93a4797812a78c68006ed017a332f93346280b35ea3a5b22a60558002f44
90c9347c,303556,b288acf3f294d9326e7b072c2337f6de48238bf3eeda5ae5c8a591b3082dc9a0
90d6e929,96029,1f71e825c44619412deac85344a8878e6c82d35b17645c0602c9aa2b7f3883e4
90d96127,120323,fcf38df89418224dfea26947980ddad2315489060d7562847d9cd56408d60724
90dcace4,123369,328b6f5dd13f3ab4bfab351e3a977b7a40f7615fc68749b173e0a3c172b60e50
90dd8cdc,74420,66cd3c125e9c6511568f3192bd085a7995e92066d3c40638634911992587a3e0
90e0ad72,82907,7306f2b3a35c42b8a3f639a5cd6aabc1efae9b5aebf38589924ca58b50dfb6fd
90e114ca,104686,875f47e3c5d649c33f05a0278b55f9627134d34d2d3c519711eff04ddaaa0a51
90e46083,100122,ce6ac540b713b163bebef4daa6e0ae6351ade82ca695c6e66ae27c87e2637fa0
90e8eecf,94840,6b53f1f9daf880a1da133499d6f36e3740f79b1a94725525ab255e30353cf95e
90eaabdb,114382,74a8c8798c3cffb508cfb21bccdf51ce80a045a6f5a8fb0cb3b51d015fbc71ee
90f28ed3,111896,a4403e847421233662eac794b9afa3c0e295209868d97e5a721d54e47c3a1a08
90f53d7c,72354,9f4d99bc43d3ed2ce3d02bc988a0804d746b4a22cdb1ed71b6aecebe72584893
90fb7165,115340,af751d339baff72a540faa6630136938beb3307739b7bdc7f7ef154e1eda1b44
90ffce8b,254854,0f9a4898020bc53c2bdc8017f5488d27ecf2dbd51f77a404fc47f7fa55e0fce1
910eda44,74193,4ed83b5039f74a619d118ec266c7c0306784623566de6c519f36987828340f77
910faa5c,125418,183202e8419d7cd0ac0185411183719e531e5dd9bb3df9b96c58077cb8f13c67
91110767,70040,8be2360ecec1bda4b6f2f80d21ac19bac101edbe9c44e5d16a3bf55aa8a1cf67
9111a96e,80458,18480dbe84cd9a28166bc7eec2cc09112b9f132f4f79f25fab49417c5b2d6f37
911b78f0,82501,1a565173d1de7fe8125ba2eb74b1b6b104b5745dd4b64a1d8af3495b1ba6636d
91272940,73499,7be454d29ea6237a6690c78a430b16aa7515e3499d080ef7165a6db400e7e855
912ec3b7,83088,93c7bdb96a80fa887f98dcbbc6b298b605c5530ed66b2620c4fe608084af9dc1
91381028,93864,7ae008a44cf71d26f5c3dacb5ec437bf15f0469c981495ba907d59400087add3
913fc15c,91939,d2cfa63b7920484777c9c7c0c725d5705efe50f18c8c4a8de9bf6c730e065554
914727b0,77873,e1f266a9a88fefdf24e6bf972a5a05e60ec48ca87354dd56c07add1af4229fa1
915dcddd,99697,7f7c62dc70e8a9b492f33d406a84ed15c1e5270a89611ae3bf3a803ebd778240
9168f889,73105,29672cc341421581852fc01c34b63a3774b9dc92b9de1b2f7398595cd4bba032
916e84cf,97767,fa47b69f4a3031ceeb5748ef3ccd4a2233f6be9dbc94df22ab65cf03e17b8cdd
917adb9e,106593,6168257606b7bae43b42b80bae0f05b6e938de3914ec0b13ec097bc2aa8e0068
9183aa1e,93646,7c3bdfe3fca9e3bc745ece606ae5efc5340ac4f24b76d9db9da44f7ac6ad3be4
918f5ffe,87500,d9645cbe55afad77bade1b011fc465a7230e1f32afeb7193414615e8a5b86b47
919086eb,95974,3a5d5351a9a560fe1b1c3cd6f4f80f091797c99b69cbe2f083fcee4600c55556
91995b74,82213,a6a54f81989f6ae9d70d2da333d6c116a1080562b01d4bc641c3c9ac350cd608
91a10614,82835,7d97a02b979a4c229ae3d96b541388a818ecc0116fdd7cfb3ae75dc569da2a26
91a145a0,727683,3fb686a4e9fd97fcc9a87ecd0bc64da83b5b2167676a9d496ab5d7c108c002c3
91a74d89,99717,d46a4e4cb9fda6e9167d37442a5c1625b265cbea1672f923a1d3322decdaa485
91b05141,80885,5e9349eebb2d14e2b607dc4c5828dbf91cc4ab48cb5932d8654eb0c92a40e1b5
91b9cd43,349824,4c65f98da80276280f1bb3b68ad1c4ecdf030150319cec63c524fa5a27176438
91bb27e7,111857,1315b6172532e6c30516fe03fe2b219ca003bdacce095970472f3925a9910a4a
91bca78b,302110,a6a9440d05294936f3975ec5a0248ec4cd37bb34c21e4e6e0f7c90eebb9e8416
91cd8074,92118,ab9fee3c9165abbfddc5d0b9422c33fb0b0793b09f3baa0aabf45aac947e40fa
91d1c1ae,104478,0a532f34859d573964abdb256f397e0b7251c85cc0647e568f737ea64388591f
91d6f1c4,98819,6736d2a90d8a561ae2ffbc9395e9ab8096eaa06fbf5f3b985952557955489d02
91dce88e,90249,083c7b795c895e9f5a7472c1bf22102e51875ddaf2c833d3a15e58bf3f46119f
91dfeed6,91474,48230b1ee0c9a14ddde1d60944f7bab9dcf1e31c3de8e295e3886e51767a7c47
91e4e2b3,110367,5694f53add4a34d90cfaf3a3d20994a0c1726159ed88272ceed116fe72c54197
91e724cb,76749,7c86cc541042826dfd906cf49afeaca5122222c3cc47811d031dada33fdefbfb
91eafb4e,385551,31bc5b6f5b54a488ac93028db5f6a421d91ecd4fe9118b53927e97191d145782
91f3b77e,73223,3c51d1ee0cad8dd9f2df31130b254e2584ce80ea49c2b1ea6f264a4c0f738569
91f5e5d5,97454,fff490343432ec0d7ad35d31454dfd98cb90e7dd51a896e3ff160db3a448f6b9
91feb213,90799,e6ce5459e26b27e00b5c152d0f42198ca2adce8c91b1a7f236961981c535e8dd
92024f41,104326,c25455086c332cd65ebe850b54451900b0581f875981d96af49c14c2f782e61b
9205c88b,125427,3791dc439030b923dadf282e0831b058c1e307e028fe0cc67eded9454cf05110
9217fb91,75763,c33b7415cfe601145ddac6105331674c53593924610282d3cd80a87111b0e101
921f04aa,81436,f2bafb7a06a9d7a23ba1699f5a0feaff89cf5805ad4498fb8f652d037b75b5ab
92207bb6,72513,140d5ca46e68e30968d17d458ba9b4675983ec8716c4821fda42f97bfbccae00
92293d1a,94461,2b7fed7a0e3ed44bef717fddfd96cecc94c92958e554c6cdb767515c73ca7b09
9232259a,88928,339f78d5ca751184bf66afdc061f303b643c4e7937b1b84251516f360b6bf2c4
923a0ac7,89911,864dfcd04b94fcbcdc81fe4fb280b3d2c454522590752d1e09191a7238b90457
9241f667,116077,b7dcfa4324d551a06bc24c84a536a72310e0171456ee20c566a438a59e5f25c7
9247cc90,1314031,8db3ad1248c3a2d5209b2d1085acb27bea4a0a89ae13c88d44e893ad1eaa40be
92528071,92733,d6f8ea32c03a1f19a61476e06ee6732665985c9f7124a7ddfe9d5fc8559492fa
925d08d2,285437,fdb0498df31b4bf6d736fd983dfc8307318cc5a45226046071fa660c3a1c3457
925defa0,97911,f55c5a07b0ccad17852dce009ac6293f6194311951766d16f42965dee061feb2
925fa775,80056,cb2c4a3adb7a1007fe16117b0715bb68100d9640dcf14a11f5ccf1bc9feea796
9263f02c,197241,faa11c727e4e0e8173c6122944ebbf9b39582e6f76c406716a0e3cc97d184d1e
9267bcc7,92038,45db430d5df7800b1290b096bf2652ce2145a9352ab99eebabd6958cb7578fb0
926a8952,108558,bb446111cf92eacc38fb8a1ddd2c4fdbd7ccb8ab2922bd78b992051c6d3ef00d
926d6b87,83331,5f89d64cbf1efa0f45c58511a8677b95b621b78b26e5905f4d57ebd8ae321211
92747b5c,107768,542e2f166b9d335ae1c128698aa590521de328bc9ee7cd646726e8b13c6b92e2
92791258,92508,57e77d2f8ef53edc527164b4e19ac6b27f5638428cde6c94ed2744fc39b3360e
927a9dd2,77773,e107bf9fb2cf476e4936a6abfef83716b9e6fe73319925b5a2d117280f15f5a9
9287ae39,853235,7295386f7298a76e4618272e6f0732b2cdababf75dc133fd2b1ed68571593b09
9289c79e,88565,489b5b86b6db1be3456e30a5146a0b5e6a790740926c40abb4eb57fb44b1374c
92903356,91813,076b0a27dac3bb3aab4f0fe408974c4eeea44b947dc20adb5e8698154fd65f80
9296ef74,90144,70c437e9514765a4a55d6c73ad154db494967517d7ae829fbd58e92583f7a921
92a5b7d1,103023,116cd5112dbdd4a5aef958b620dfa0d9d408a44ec7ed63e947f54ed08b49c8cb
92b801a8,116480,2ee4040812c222c2bccb128e2a60a599ee264a3582c81b3b6bc2f097834bea13
92bb5eb1,96800,cdebbb6e85991d1689cb7f938763e5634dea40d832b0d4db7cbc12e9449a64a4
92c965dd,85653,77d248ae955d086115c5a3d6887f5dc6ae6b53d54c70e0a6e9e6b879d8505fe2
92cac595,321048,cac5023b46ed4447c6b866c7ebbbd49396b2afeed8178175d6c787797753dd79
92d9a8a8,110880,1cd64dbcdd9f53aeef528f4c3ffcf047caf8bfff9ed65fbe99518f465df1efb7
92dd916f,120521,8bd8847248abb4e1820fb98e3e84e84b361f0a218a51e9a61ac9ffaeb9427304
92e6457a,619987,f1342b903573bb22652ccf5228b23798ad3b925fbf62794d7c852779e3c0be17
92eb6d02,478707,f1c6392740ccd39407139e7ac97c3476e1b60b2d719746c7670a53fe1d8abbc3
92f78f12,85202,302c8694d3996bdd973f0c5804e6e13f587556ed5aed0aa2182c53c7bf553bdc
93068c6d,106481,7287835ae8b9929ffe10faed13f44b926590fa747eb923e0198eddc7d1c89f69
930be47a,69333,6e8cedcaa497419833cfb3ff301b17fa87cfb7be3d345c620379ee2c2412f083
9317fdcd,124099,98f711071002c1555d38749624ab60030509e5fd14309d142052390e95fd42bf
93265501,86030,cf8b34b100bb9e819893eb92a250c1e3470adb95904467c8d3de9695da5b3d8b
9327c958,97986,dccdcb22680b4b07dfb1a98ee37064c897dec71df29540220fe9329eca38e015
933aeade,81971,2b4a2f07215d4cebe51215beda07aa06fdb5c27ba0784fdafccaf240ef6b5bca
934026e2,112742,95d498af4dc0594d9a0c74a375d997cdc17b11a3f9038eacc36671d69dfccf89
93409e47,98738,22e1e1a1de0da6772b5adbe8a638000dca3429d18ff7ad87d724698646cd5acc
9342babb,67787,ba0652ab6870334df95fea45a373d6505a0d194273eab95913181f736897510a
934c1dca,85082,b2a2c6ee7cef8018f0e70e9a219e2ed7e0ce30478d48c0310a2cd831cfb367f4
9355f137,91286,ce2b7fa8e46c8ce28ac45cf0d68e82c604e952c0e5e4fbe7ab5b634f30511335
935a4aa3,77684,4dacee12b4dda779ff9dc959369d6ab14c7e5f4b7ebd3ef639f1ac9eb9b2df00
936e6691,1872209,761ed06ec922ca01a60f0c3c95b725ea84d5f266df92fa0c1c0eb848f797615c
936eb434,102799,73e47781a428c92c19985bd502b77b64cc226be7441ef06ed5d6d591657ef23b
9375271a,102355,bc6ca3dd68d2859f28b679febb95f68159d869d088df491968e435f5491f4a04
9381c25a,589793,f9391cc7a52d00e1424cce5ef3d729dd768e0d394f6f2ecde02ac578e9f243b3
9385db41,73238,9cc2ee9b31a4966f32099823c39d40f848a4106fd0eae3d3b4a90d033788ca10
939d1dd6,111015,031281cecac8ded3345abbe32fd40b3913891f74e3ec7bbf5c7eb3f85367417d
93a0c14d,74421,315157fb9d68ddd2ea594b4531e8ed1e39e3069b269f522fc55a7dd8f6a6e5f9
93a440b5,83156,705b5febe81d25c8e067ab1a47e9d30612f6751367f9661e81d3f844eaa2da5a
93a8cb1d,100396,c784e60fa30b5f04b179aa59061b105d54b3d00b50a6ba8367379737eb18292c
93bfc2d5,118310,e97ae85f34a428794ff5f9ad23e04b227c4ca3027d4cca8341714199991b9280
93c56505,96846,b9410f9000fa8c2645884b0ac4892de87bbc59f0a72ee96b485bca5d76a51cc4
93cdf69b,98420,74d477e0add387c5f79d8cf46c867282c5da1d1a16adf55cdfe03c221a85f99b
93ce78ae,98778,7d50e6bddf4180cce0ca4c2c7d64a71e80f81738740e3c4acddb9701ceb0e179
93cf2069,73152,a11767e86ee2827f436f5f72f92be84a8b02f470b3fae09e5c24f811e94cc65c
93dc3db3,102051,674f82b5e7a349825817e037bcd8f38bff3837d34a71b7a649f77c0048a2633f
93e62f41,72401,3dcee3e343b68752d99032895d915ee3a847ac9476c062be4a70c39085ea40f1
93e738ae,249289,3f2349e6fcfd3658c3cab6da39407bdbcc5c7cc336df77bd27ace16fea01ba5a
93e88e24,79736,1626947f8deb834632d330f52baa3160ec2160c63cb6b345af96fe4a7198570d
93f6ee04,79667,9ac1b9ed53d6c969cdcee9eca1bf4ae58fc66fac664dce240ce158484bd87f0e
93fb278c,91708,e0b201792e46ac316890f503084aa7a8e926b5378bd98a4a779aa5655414d748
940021f4,447708,a41efd1169bcd39ce3e94f590146b21c92f39895e3dc03c89187e084617c4179
940408bd,102313,8bfdc83e04d6c9da9a8cdfd185fa17d7dfb2e36270b30199e7978c61aef59a88
94124902,97751,07a2055a9de582f645cbb2743e7db5eec610b93251f19a24e7d009d5e6437dac
94174533,87940,c893e8c41a035f2720fe0af3827b2a7d4856b4047acf75ee375f674e44cf9d06
941a53a1,71983,11afdd23aaa7d138f117f418dae6d0c9e6fb9632a6e3287f2eb7a59acdb7b097
941cb0a4,95645,ec13ae415b9eaeb1542cc35a794c3ab8fa8eebb6b0783a1517eaa1525499db6e
94277293,119577,87e2a4bef7b191dee37eef5f52571b97f829d2e121ff143c3fc7edf76ca6509f
94338d69,101514,46122c018596ef381fc73d647c499661ec73cb2476904959443cc494c8e5a1fe
9441ea36,87294,eca928cfcfb5d9e2c3bf0278d8e0cf6566b1b9cea43adb9844e04df65af26762
94421894,69787,85ea1d5d023d9e1b9a311bf817cf8152e3b0beeebc57e862a4907dda6eafa603
94464c38,105465,e8dd6ba39a03d4b246114bebfe6d9d0386195e58a363493353b2ce8535f2a0b9
9449003c,277054,351f137ea390671195d0b78e89788cd0fddefc1d12057843515358def00c7660
9457e756,95194,e13ec32d6f5350789d059c2641e776546410aa721cd1c69609ace9080836487f
9459a429,90595,674b23a18614a47110d55ce3fcda967cbf0eb026564eb211c3b759ceebb505c6
946572dd,2142019,f47f0bd752c505a520b79c916e1d28ef37fed928cf9b14f503c8cdc7ed230bf7
94661435,75817,f966cd3cd943298414ffa8925d496733cd197e27f7bee4a56056d49b830e18d0
9469a8ef,68600,88ee9dc2f21cfa489b53bffa75996a041fb566697162e6225e2c7876f525029f
946af794,120143,43329a77ec3f8114425068ff739dec3ba9cd7d3675391396a87f55460cd873a9
946b9e50,108034,e7839c1d454bcc16ed385fe03e1802dd42f2d2383f715b6eff54b617a2403744
94713cdd,106878,12e36d5a3165abca78be2b62de53a1f544e336be1e97e3910b5350d89e44308f
947362ba,85791,5572ec00ec997979b696374544f030270c79848ba2bfc5b8c3c60171124d93ba
94748307,76488,5c74156318f254106a126c050438ef0698d30887e8b3479a21b450243b274620
9474a348,81841,655bccd25dcd69967d0069b47aeaa7d556544ca41abb324ca47169826ce0f3c9
947a308f,96415,f61083457b77c3cc95c99375a7087face43a25aaab94a60feadd0772c32bcc53
947bef91,135225,1345fc0ddf57d4b96b83042750f9fb2c27001c006791d4877e6eb75d73d22cc6
947d42c8,415735,200357553e654cee4e82034210d5e2e2889b8f7d026b861f63c3a25cd00793a2
94821676,87367,03201ac970438a6d8278af0838281bf0a43cad191c6136bea7c7cb2833763391
9487fbda,443844,fc394dacdc69f905acf19693bd5dfdcd14209fb75e5b7bfc053bb30e2c2e6087
948ce926,91410,31bf9c9f8f607885c29c2217f8ee3b1de838760be4e1af360f6ecc58313ff980
94985ec4,104532,2cbffb38d029cb0e1119658f9efcd018ebec2da771f1c24b022e59ecf351eec8
94a1f2b3,70117,2fbc17dd27f5bc86f7a167054f7cd771916f6bef83e72ef7c7fc8a908a98b9b0
94aed54e,107305,9fd3786270558bc732ba7571f0ebb441eb5666af444db40c5aa19c0d3fc82c33
94b23acb,73715,f6f37aa7c2a8882b819a5b3874c0efdefee8a1f21745f0ef5c20665e187b6b88
94b2720c,409433,3558bcc54c60256560f6b80c759d2cab2ddae3d9b7e66c733bf645577f084cff
94b72639,114471,e3054366ab45d259a63b280de6bcd24df63c72abad7b4c5b1f0efc226da79051
94bf61d5,88923,82d01d5f6a7f23830c9dd567c2f5140166916a2e597750a5ffd54d323beb18d6
94c1fa6f,111890,cfd359f45474953b046a3849248f12064882f4f5b35a25ccf8db95dbed5a957b
94c56183,345691,e2d4fc9757f1b95ec0ced26e9c2b557fe24b30df03770c467860c67e6f537690
94c9afc0,72872,4c6dc876840a903fede62c301178ab99a2af549b585662f587df4b708684dc97
94df7f18,66183,d3d50469ac915cc1765c142222c10060f33237c56a1984dfa70d8b05bbe12580
94e3f7b7,78637,28fa9ad488fc574a8e2ff4cabb8d664b8d89daeaa2d00aa54de200cc218c2635
94f6fd12,83025,c2498045c194a4513b58da1d955d1b179f671a27c40f60030b767e9fd4fafeb4
94f76b18,81961,92553a4a05b25cb6f93879c5b291cbd9dc8abc39b366d711634637895d5a4c66
94f9aeab,96017,8053e99d7a6bebc0acb355793d4c256f696841a11618fbfd815bb19aaacc14a2
94fa7b58,82239,b8f227f353f7f1c1844ef3c848499e1a0e0e59168eb76d167e82a012d96035fb
94fc5a40,85370,faf677bd09e142909f0215b5c3bfda533d0ceda5754e3d20e39f76ffc0390347
9506dea4,121599,7ddd2224d341b2ac99388657baff20d82e77bf2eec7d8a2d23b0559d9994f3f5
950ae476,103566,76897ec597bc2b524be25bda79d34b9afed05beffc25201298daaad7144af88d
950d0f83,102279,1a3bbb5b1485065a8046b575435d9239b6a228208e468fd5d3595cfcae66de88
950f7221,96815,a2cdb96a81d9f98d82b24e06080e2b328ff1819f73e323f8a248e86c96b33164
951d9cd3,101964,7dce8622f1a23a2ebd91b09f8308b7a2ea53fba355a47e717c415e747705ac56
9532f7bd,86975,d235b729f5a4ef6ba7342a89383ddbf672b96acd28e91b0c454d878c303fe517
9538a7e9,102157,a51bb6e857d44b7046f3fa1399952fc8b476fa811add1194ac1efe454cd228b5
95503701,91841,cdb8be54021aab2337d93a521cb2d029904e90bf2a28f7cd7e013ff0ceb1a039
9558c7f4,79170,97799f4ec0856cdd9d867c8a82b795d76c783deed6aef538e7ec7059a9e084ee
955ea2d3,71561,e5d1f13748700f1c52a9191f17dc8ec442f7c6c8e6b260f99c03fa1757b600fb
95671c2a,707946,7185df39f475b866cb88a49768219890d70297648104d5aca78958f50024bb18
959723b3,99882,a2dbc8b5ca6e84398ab92235f47e95173c67844fc7c0b2c75540536f1ea8e79e
959819d4,100287,1e2099e1c2277f353d15d69aa6998b489f23db84d2d6b05299c94de79bc12661
959dd1ce,73715,952495a5b773784bf4fe7b6b4a0f5c8b8b1a908cd9e2be13e3727e3511e8fa69
95af35b9,112877,9b07fee636f4a8349f00a06dcc8d2437e89cd31127ef5c03a6ba3b7713fd845a
95b053bb,108046,1971cd3a2f4235f6731c34bea0b6836097267d65c528d726880592a2cc931643
95b155b1,95680,68b1ca0d0a4370713b743b0b6a44c46402bb31461af3215d5992fb543d453ac0
95e890f8,107448,4dbb73465306ea48ea2d757beb906682240a3541634cfa60568d26c47f9f61ab
95f7443d,114888,172e8e7b6958708851f53f3ce658c8fd3b42bce414835aa30e9e173c5fb87dc3
95fb426b,96023,f41670a6489217062f16d39b90c34da268a92f30e9070730bd9d2e28a8f5db1c
95fc1345,83702,d5558d3af85de80a8bdeb754041983de9a491cf1d39b406987146e2087c34a25
96001d0f,325672,10d1ab6612a5282a8b09bf96bde683059853972486c3afb8afd8a661fab47649
960a68ef,92722,ff65a5447229938c7bde9bc217dc2122e3bce7e4ef1557d633eca26927446894
960d1ef3,83458,5cf30f433b9f6bbc25c4ce378c3b7886000074f66a88da173676b59f8c8a51c5
961f2e9c,99677,8008b5637b1730231b548406b4da3ab9f0686c540d85c3a2af65441afc334996
9630dc87,84372,eae2d208c01690e8ead79406c59e512544be49b244d42116a114920f9407da53
9635333b,97833,176f3b0480a5088a1201291186b3fe35b7211e4156819011c483247e6ac00e42
96433d7f,73487,7f6796e49b917e2a133dadf16b7cf3829d298616f1083517446a9d51bbe7f126
96487aa4,113076,f6b2b9f9a63b71fbdcbf9255f471cf55628ad3f16c07334473da01e0432fd7b4
964b8cf6,117196,b2c7b21aa505de652c8e9224642ae06404c38dcb2be54012e743ee8d7504b3cc
964c7366,107768,75032c747a9fa72c33ac254a4ef7b945ea1e7c926d34a8b6e86c914c393c0866
964d279d,87927,af3fab15cdc87b6bba0c94df4d7ec64a6699c77d70bbb9dbe5a0bdd6b77efa20
965936ae,93419,cf5d53d8ce1e639ea0441b42767ed6a69d112060c6db557edb9f3fd1c5cecda9
965f6c18,84448,d197c939c4e4f317a657982eb8de5b620014e1384fff79486c2c593ec3bd2ff6
965f796c,83103,716c609e2a2fb6cddfa15710a9c35ca35c76e8746e0928e6342b83d224fbc2d6
96651388,95132,9765a678b6bccbfb99a187a6c43580edf9d4e9966f955cb72f1fba689f991d85
9667ea2f,326155,0eb9b5f5e6612b82d7fe11eb73f5b0a92b0b159a16f678e5e6dcd18bb3df7582
96866177,636884,b8a38e71006e6fd045a1297c817b9235bfd408b1f7b857d1d6cf08c301af4e0a
968c4549,114330,f1fe96bdffea3b53247b420062a5d102c9fda7d10d5d3e1640759584f1afca1e
969191ae,81825,c2a1ca0215dfa967681164f5479e31d08b7e30a6ee709a487a0af7040b6b969f
9699deab,79570,86cab4ada88c50f56aee270e46ec9697353460709f2d199e5b044d76c639d35c
969a2ae1,123981,b039e72f4c40c29624543567294950c8cc3027187dbfa435a33b9c02cc5730c5
96a7d51a,267328,c2d72f336e4124a7fee565d5d80515651c522c051448c07f4521239ab1f3165b
96c457ef,97127,4cf1ac2af591c8e661b5d77612743e9417ee979ea52e7af670c150e3ec71d0a2
96c7f3cb,109398,44d43190857f8d5ed92b09318a8e08c69cd2810c26191555c7a7ef15bb9fa679
96cc8d38,82229,73f24e563048aed8c73165ea36c935f72b8131b4da1601a3af83a6df32f23b13
96d3f277,77871,6495ab6fdcbe471b021802e4f407eb12054655fe5f6a19f28ae19686488b35c6
96e8e76b,84117,784a58bca0cfbdb80b005be10c64f0a8a780923f74e0c2b10474338ea5bf7dde
96eb4030,88315,8945ebc43e77059a125b5fe8a9fedd73537d1dd90168c713a0c7d0ba46aac378
96f88bf5,103024,029543283cd93b291b259b83c9fe0e1cd2af290b27830a03902472e1a4409c8e
96fbd0e3,109598,27624943ee6b90819552725a0053dddbb711a69160b379bf35d938c3cba00e9e
96fcfc16,91244,8b54a7ff56ad3183ea18aaffa20545109683eb940ecfc153517ba83046617b1e
97071924,80163,650d498aba74467b7c997dc46be54b5ce3d0973492c025664277f49d924712ac
9709afd1,1138114,73206bbbc3fb3c74efc0ea8fb8f9206384b010364a5b9d1c7210e2d705b20f5a
970b4448,120850,5560e7be9f1b84f0fc9fcfc3239bb7687a42acafeaeeed9e4fc87efc24f923ff
970ca82a,99562,998e1469b2f32c35f8e63d88737291f46c2d504fe77200f821ee7712e289b888
9722536d,104702,8b027917db100c9f6dbb4d2bba71931d6ce6038d910fd218fde911d38baf920b
97236d4f,52561,741112ce26a1ae397e83a833d396ac8118ee2b998e03957ba97c55c78422b817
972c0634,78297,cb5b7b83e5f5930caf15dedaf424167cb782ff711480fd41b045febbb0160145
97356f4f,103758,a3fcf7c4f48ae927773193c2209bafa89f569f0220e42b711a3e10254e70fe49
9744c413,85807,09c226bd390b43d802299abd21a8c7443bab50dd68da1a4de96842ab711f1649
97466c0b,118146,279354de2b9a52e4783b458c7b8ad2258147409d9db198cae36c5ae30b144a84
97667430,1039537,47f4beb35af0081a3bc2859744e8613c7f9a28968f0418634a267e3f16b56a40
97676832,303772,6038f2c3709117c0567f30f75261ceba8e42a494ecea666cd0fe2e384a2ce3cd
9773e89b,93370,050aa15670a7915c77e1842d5c8bcee18527903374f5ff9231b22314c5f5a1b0
977e548f,129218,50af61906c8818945c72d8e428d8444f85b37ed24beeb2f7393dd39412ce74c3
97884ba1,108792,a2b6483ba4cc3c84db2fe20af142d30efe91e2941f0d7ae8905f477276326f3b
978b2cb9,103531,e5d207e38fef0d57c878b285134110afd4047582c04d852418845304d8947956
978b4cdf,310306,052c582259a54cce11caecb5f408df8c30afdff98644ff992cc01be3bd0e64d6
978c17dd,103894,092b858e4b4bcee969eb5bd8716c6dc9654bba1e1ba109e288b1f40c7431decb
979168a5,54263,6521127131c0aa4b45acf42f846196df556b817e767ca344885e0d536840a17f
97a41ae9,95056,58e2ff5172f3653c21073e544ab66d89550da227d59b7a5ad5a90dcf13bd3049
97ac154a,85217,b7df99b14851590ea943daf5862b3ca6559df98cab790a735a1f801c0de20916
97b3331a,82045,d0f65c5d3ff74a7bc5cf3cd6768118b8c930b997593da1aa27a8b062e177df93
97c31755,845281,8f7d0d5d8c7bb60f3369085a40d4b650ae9230e26cb0597b4888a5274a533d4e
97c48cc3,86573,14df6a1b5dc71b12c16616b954208abba2c8314aefa926fa62f9f52034bdc053
97d51b28,112632,b756504b46105e63808870636cf65e1a2a059d4b5ef91dadd2a06efcf3c4c6af
97d90773,51517,94c48b250326758d52cee3ca7215f457febc49eae6ffab3a272f6c10c001a1df
97e08dcc,110724,6ccc7411f842d68d879795438ee5b199c41864e15de02c4468cb7393d5e20ba5
97e3b26b,114645,67d7bbaca34207b2e63662961be2794f704faaec86cb6deb78a8c84076e0ef65
97ee6f8f,105949,f9959835a2ccbc1ce3f0aad3e83505d519b720dd8e6fddb88be7ad6f038c75e7
97fd426f,84535,bf9f6324e68021902c0b07894ae952427c3a4b59dc032d986ca61286dd627334
97ff0f15,72753,f7e85b9f20e083a7ff25e70474fcf396c2063830a143edd197fa5cb4edd33b9e
98006c00,90323,755c7e68d6731adbe968c67e0ef99509f02246232e9fe50900ab70b0406fd1c0
980ee43f,70060,71391a0c71cef858e2d230f70e74299d2815f9166dc4f2fd8c1318bc0561c1ee
980f1a7d,111014,84c110c9b9d4886e619da345d8cb6a6182d500c378d5e5f19ea83e87838015f3
980fe222,105240,1835e1f1d77d13d938377ed6a5414b9a84d4511099a6993544cb08016404b84c
9816aff6,82027,f7d6386182bb10c72ecfd048f7e1b9a120df5bde33859954cfe40d595eefff4a
981bc96d,788522,9bfb9e0baa20d4534bd6caac733967aec0667372dc427411cc3c33d0384c0770
981c190d,97685,3e558fb5baa949ea4e47d2f3f9f26e351844524526d2be0504bd678a94f2442b
982749ee,67782,6fedab7940a56859acdd17f91cb9da4128f2b2abe0dc5a6da3b0202b7c326dc3
9827d201,85046,3bb5a867542b823b3e3c574833e859666ac66da3b82ce530e473d76502257c71
98293e36,87659,ba5920c9d67af00889dbb8b27401301770b463570c8749273c088339bfe5bd49
9831d4f5,88544,c5d3f9ff2176b8b3f01797ac4ad55e9b614a61c6805319cbed313f654cff79f8
98459837,99640,6988757d2bf19f5c3101e047d1f2566dbe406f702cc63f30feed45ee0a0b4b18
985107ab,98635,d1b5189afa72a76fbd644da1260a0f6dc758adbf6fb67ea7a81c0378eedfbd1f
98516848,70624,d91902d560cd40d80008632505e704027cee7c17aac5c135ec32adf8c5e4a95f
987387b8,63393,1b5cfbddc44b34306b7b0f7d9dfef8bcce710b0bce10c77f669c051fa2cc8fb9
987cc99b,77140,7f1fdcabc6c51c09ff5de075121e6996fda5103ed112ba69f7446e2edb2751ff
988347f5,109647,f0471f9598a1a7846a9f722717f7fe70e99bd1bee87d8ac2835d809280d5a180
9886d2b2,121316,9fe38c6840b81de17a1aea615e35038bc9ac66603d3cfc1d822a18fa52dfbbbf
988c6408,107434,2bd7b84f8c796b2c192f929714eb62ab971bdd8573aef092d0f73302661ef988
9893f32a,92553,4456aa758f29d6378769b6d5da5fad4adaabac01e13af93e39862f455235bec8
989b96e4,90111,b8eb509b05cae90581b331aeb3a93a5d380a10563cf97b060ae8d4637cb2b73a
98aba0e4,104508,926f9972d81930e767d0c8249a4fff31334c26f0c4eddf36e4a8482127c6ed35
98abb33e,45144,2f25235eb4ba100fdf5a5cb102d0cb5ebae386bb8ff59d8075266b7fdef7b1a3
98ae854f,121982,9e533e09404900ca7341631b448194a69e34d58ade85c2aec3a9601f5e1dc1ff
98b86378,80457,7099d5a2b29d7d1307672516091c575d3c08951d3e375a0b93a6164e0d39c580
98c97349,80424,a37c095144cc1cbb3bc3deb242d3bdfaeade1049d98425b3462f210036ceddd6
98cfb088,101762,b25e106645b8b60a818ae24593ac009bf5369f143c02be17cf2374bdf4f313ba
98d10452,74440,857e9c6cfb27ea6804c4faafa5f9b16f5b28d3b3b5ffd76fbb1c58e8381666ff
98e79444,78670,ae9c4697845ed0b8d53a74b18a720214ca8222f40e52a7ab11f85d455ece9cf1
98ef38b7,104821,45793ac0c97100a4a456743d3b083f543c879f06998c8b82fb5062db51ca5ca5
98f9ccbb,97930,b65dfddbac274955e72175faa82c5dd52b0ae3c6df006dc0229e8dda3d373467
98ff50a8,117660,959860471968208f26fa4bb7a1ac13cd6f5964c6ac659a6eb5151d8b03d1105e
990d08d0,874348,edb4c7d2e31442bf5668b143932afdea0800541883a104c7878fbfbe0cde5397
9910b6f4,101623,187f93225aeadf20ae3a3674896515ae028a130864a555b2667590c3ef9faea3
9912a1c1,98840,c3ff51fa0540b2346afaed5cf018d8a22935c76e2c82624d0fcd31f6aefc1215
991a7ec2,70799,28f68f3ba8c9c2c428a86ece95024fe1d63f2e40a1117d96f4babe54519ab6ce
99217621,81469,527c01571c82848e52d516cd08fdb79d7d0158a5135a86667a376f8e5b00ea01
992759a6,83265,6cda4735286b1d0d93baed7e03f76388acddbf252cd6f38910aacc9c428c8a8f
9940eba5,72913,aa5df9938cbe519e2ec76cf40fb77a7d9bc9715e23db31fc0abe23b924fc4536
9943ee37,93456,d807120fdf96d7bf55f9acd33835c3f2ad9bca529c9d7ac5f7885dbef1885149
9957dd5a,106846,026553e61c0416b2e28d8dbec5bccc940119c80f046a570b38d5ba76762ce338
995d9b32,104686,748d1c839c907da7202ff4fb3a0dc9d6880623445bdbc93aa83a0f93dd83ccb4
99620deb,76446,0bd336e6f4226cc9bbddb1737836b9f685da2ce50dbfcf0e2ef369b085464e43
9968da6a,120477,45b8b3b7ddf857bccc80aba8c8440e90e637edb1a5e3595fb1aeade6d16736ef
996c9ee5,111266,770cece489a51d75941429e086982a0e1ff9591c8b75b79ad2f2509925079f16
997ce642,130281,5adfd7b009831891b3697e525a5128082e294c2e422965247eb74fb8de3a94b4
998161f0,111255,26bbb7ac67f04dd9ddc0785b438f295ba7936a4a5177b9527feb0606d564a5f3
99865682,794980,f99e62bd8e38d650803e3bec6fd821bfcd07f92bdab4c221fec032ccd6859aa5
998c297e,90977,1e85aabe38e84d3073600f709ae3259f20bbb3717b23c16c9fa3de2e7448e135
99a189a2,91239,e0acfca24123a74fcd9dca7d9b1d62cecf29b7523875b780daf2d01ab814f758
99a257dd,103639,545dbeed07792ee49c485922c30dac6944bd5b93a7a26f0013b4759b4a842d30
99a7455c,114814,119e9984d64d2c903d1b6067b841af18582780eaab2527c33d66177a41e69d44
99c2af8e,75639,c6e0dc27cb8603e0cc5ed0141784f5674be15d41bcac44c02499b4ac084f73f3
99d572fb,73368,43c5205384980113976c02fa328bcbaeb6026bf7325de0499a4b1e4691f886ee
99d8414b,74405,82a9e6eb17af899706a4bba5d198a975ee76439fe3296ef3637c5b849be54e78
99dbebc6,239052,0ab89ae4969aab6b335be8f95785c8a8f464a87110a9e676e1c8051b7ec500ba
99e0a12b,347538,73a2a4b714f3ca5021ca877dcb764992c6e352e2b5485bab538d36b64a451728
99e1000f,75901,78409ca2bc9c5f2908d1fce4d4a8d2078969d96b729dcc27b4587ecf9c21279d
99e777e2,106220,ed45ff83ec41639c28904149aa45f877ec7e7703d614631ae327d1548a5a870c
99ec13a4,102737,8d97e07753aa49a5cdf4a1a1a978c3e18b0ffc54efde4eccffccf62bc72f0fbc
99eec581,97101,c2ff7a42e3d921a1dd9b0a4a3a664a2d95ceabe56e9aaf2393048a510cee312c
99efbb43,107883,213d82b92cd7574e5244e516495ff7589ac625ed68aafc959cb2cd695ab8c9a4
99f176ad,127694,9d66475fca417fe0a50fb2803d1098e82eecda07b751fd0436f67925a5678d24
99fb3a13,82150,7c81aa81963c577d61aa2ba008f78f3e020d79ed8bd28217056e6e77f623e7da
99fdc157,94021,7ee161432756764f9ef0e764f229d90460747c83f57e0dbc657b8ffb81c2b531
99fedd28,89126,5bf09cc35c5c7a03a0b81aef685225b88027a4d855757b00d59b8c5ff86b4ea4
9a0534f3,94582,62528143e8f773c83dd133eeee7773324bee1e63cfe71715f1c3f2cc396a57f8
9a12c601,90697,b17dfdcd9a65173c12ab932ef81ff7f6423d853c313076e23c2d4ea8bda3cdaa
9a220bec,73849,6a9682f285f3c2004dc583299e615f76d6681d216849b5563f8c0475284977b1
9a2bd8aa,70523,922e6919c93d8103e0c94993b9a9eacbe641b4bff1070794777d720828dccced
9a2e9ec9,117045,4fe2100f53cdcc41e2d44320ecb3ae22c61a55a1614bfa841455f15d71dd50b3
9a43b7f7,349833,523bb88de097197401797daad79659d8af18078b279e8c9bd8c89013036b745c
9a4caffc,275080,a4342857c7c1ce93cbd04c3bde62deb4444d68dd58a41bfb33503dc841388836
9a54db95,75180,bd24842ccb86c4e3d319a2ec9fed8df767cadcf149ce86c281a2811d0557e82f
9a647699,80143,3b9d148dd95fbdf7a0014b98a38413c4e739d81fc6d584c01ee03fff98249b23
9a683648,112917,eac565a8ff5781665de7aad6ac1dac7030a18be854c831e3285b678eaaa7c563
9a6d290d,313322,1c3a4b9efb792ae756dacc606629d5036956f0cf60d889628861199ab164bf0b
9a7ed64e,283821,f9a9b57e3e65adbb4e02d7ec477389f2036b34f3cffbc7952ed885c58951cb38
9a823e3d,102827,aaf67965f2922439ba9489e52cd42de0998786b8a25674f0ab5ca9ddbc7552ea
9a874708,92859,d714f430cedb07c10012c82a086d9ac4bbe4f61e9b7c1475d008a880204379e5
9a8a133c,102906,99b3e5524e09acad472ceb8ef457395fc0604d6eb17cdadf26af08f112e87377
9a8f597b,101128,169c7d6c92d4a2f29c42777ec30ea8a1bf773f5304641bb513c89b288f11bff3
9a9352e8,108057,96f20cac4b37061b074c5715c9da2abda41d13d2c148441e7dffa160f5680b5e
9a991623,103524,32adee2e35a5bb5890936fe14511f698b122afdc2dca3e1d2f677fe9f8f97d73
9aa9ad0a,68130,bb81e09b9f16d2c0c837affab30e35064d349e0a674c92ffa6d2a5b84fd7f257
9aab98c5,91644,03c13c967c390452776b57833ba9b75c4ed7a6af3fe91d901ddf03547fd8245e
9ab1bb64,83422,0064689d308533ec693f2c81235c9118d702570ad5fbdd79fb30b4cc0c474706
9ab4ac4c,94448,f72e26b076ef093a8b9ccdc7c6543751a9a253f18f45cf5ad76d43a799b9c7e6
9ac95d46,82429,69f5d976c08f55adc3051f4d8201e81dc6df55c62318feb1420b6cf73f47b681
9b092f98,104606,6e2cfd7c38d14e8b1b7fd2c37745eaaf41e551c55429edd7552221bae61bea00
9b1126cb,126811,42e14aa29a59c5d6d3721a32399ff4f8f4324027266b431140a69f6d9f97ab3a
9b170b79,100286,196cd2cfa1a2beb574d532f37ce72cf9e845b54f2d923f2630ebb9f1e27f6780
9b1ab1d6,99063,64280a459805ecb3f5581bd96f2db659342af7806e3f8ebe297794bebf3ca802
9b1bda46,98477,da889ad257a9e58342393225106d0db837205b5afa7bbdb557c7ab477c37af41
9b56a13f,1526742,1b93198dc028d89dddf77746d36e05ac44a86e419070514c3475401c683e967f
9b5a91a1,106740,701f2014ea224b916d66e5d9386711b7d0ef2ba101b0d1a64afab72320c48ea9
9b5dd6a0,132987,a604fedd9b029362ed287a34479820adfb14e57f65a43997399d1a9315f1d22a
9b5f2324,73304,3547b704f6b86f2158bee60dd2f177148dec24b06b5daa524099a9c6354ac968
9b5fe06e,105177,5fa8e812f60eecf3adf2b12db73059e80a354242d8e5fcd6f4eef0f2459fded6
9b60f9c3,124142,199809cf0a5e6c0ee739b3b2ceb6b71c4db5616b1d4f9f5328ec2f75583f1b8b
9b67345d,91857,bc93afe35c826c0b7eac3bb43bef1d9f6939bff8e7983af4f676aa6de3747e22
9b69d59a,98607,42d7f59f2f43616066a7cbbe9a2a5c08fe3b35b7b9b13f1a78ab72f0c45ace37
9b6a2fa5,61986,ead0ff0928b348414434119f4b7d548b64061eac765444b0ef0fe69f44cde41a
9b70b5ab,104987,2efb35f478bec860b31e4ed71ebbfd633418aa9f10d6cc324edfbf1fcd1ac9bd
9b710e56,83501,93d63ce0a17775dc2ce7621d1165424242d2848f2f421eb117e8d07421d8973d
9b74a7a7,79163,594365d51b62679e771a45ef9beb62bd23bfaf043eb7f26761525881fa869463
9b836253,73621,1cee41c3c88944bd3d83e4040e55c27d36165168d32ab091be8bf10a79fe353b
9b890561,96641,a2bddb2da7e227bd4116f5dd90c9a110c09c7a018035309c7d90957fb291d973
9b93aaae,69089,a3dc7eeb64718379458b3fd6e2a0a55f8315dfc87845f34b478763c54b172d4b
9b99f1e5,75529,6928f6258a679225a0c9d7cda714f9de840d7dbb8c5a5e83b739f39ffe6c8114
9ba4bb6f,77418,5c55b4434538b2b5d4985310c17fe0327cde997c9092d86eed810eba80689294
9ba75655,93307,c96ff52eb75f5fd89ea82cb6a656030b3041645709a2d912b821bc162a58a2aa
9ba78444,67464,09683a92c57baacc833f04eaf45de97b9f1930a986b34ca56f71d0d26ac2cbb6
9bb62c9e,76265,edf05f65373b5891123f308118426cc14678c6ef1b32bfa6f67f2935b807d779
9bba64eb,1503302,69806d0e043cb5dc6556d7b2bdd04e9e52316a174e9e22c5bf360fb792ff85e7
9bbece0e,77715,1349ea8208b64c4cb756552bf41cd067705395165c3d6cf5a5ed767c915b26f6
9bc2953c,99417,a3bd162b90820bf0ec9130c2e55c04e84fd668626cc3b247b04cd3d7f1b1b257
9bc5c5e5,100945,a03bf1a2f495baea862b877ae2e78e926597494dc211ff341d1efe8d1c55f060
9bce3f89,72787,9885d2ac8f8ebd64e05fb6c436bfeadcee1018dc7373023f6b2769e282bab676
9bd2ac3b,100150,6d87d07830cc4c3fd3e6556a62b28e18c7bd424be78d4c746761a5fe2a304eeb
9bd80f80,110288,21c19fb8afca06b20e007f6bbe45169a16074dd07c85e3f1f57b70d0dda6af08
9bd84e2d,102978,21d8abb41f3615e77e5e8e0ae63062402cec752639be77c5642ca694e561bb86
9bdc6540,85710,05afe6c0105ba883c057a5f43f5fffbc2ade60b1fe6270b64250528544a8ca2f
9be644b2,994947,04eb9c807db0eeb17b6bfbe70958a084b931df544070c6c3ed7314a8f0a87589
9bea59ef,366039,213222fbcf9e3090afa55791a51ff03676bb80f50f3c7ff564be6e8dc982f724
9bf7bfe5,73228,97fdd0f16a5a68849ff80569c4ed730203597a4f023f1bfd9bfb6ba4f948ca16
9bf946a5,85532,f33dfcbb32e0eeef81e3b772772656bb7a610296de76dcf13ec06d55cbfc8f6f
9bfe41e7,79104,d15e29dc33ae43266fdd7e38279e5cdb0523e294d083cade6b1f24874d554c8f
9c017198,248385,a5c6d3363c4ac43fbb54afb4fefc4058ad163109cde6ce96e8f70c9f5db10c76
9c039e1f,103739,dbd7d90661ec0282f1e0b8e05e697af79b46e93c23efe5000bf68e4440f4772c
9c123755,77018,8ed6f67aa56539a393d6854399040babf23ad51dfb378724ec3889c61877bd22
9c16562b,277944,113e6b7e058e98065971e749f22d6d4779169790277b242a42711835dbc7a717
9c23b54e,102584,479ab1b980c6607b816513ad415285893e5deb93f8e34c3c0ae63988df6ef42f
9c2a2e63,94560,474e2062395b9587d31dd20ab0441d6052237430764a4826dc1ce7a0b9f3c43e
9c341e0a,74870,cd30fc44e7b79fe5464949109bb45e14143b7d2d5f5269ea171f89d1603265f9
9c34d5e4,93482,862950e448d9285479a9f30b24b852c3e31ef4eb4b18d751ed63cd802ea99c69
9c37449c,90577,10bbe90e14c830425372f53b0a33816b49b752258f6da925b0cd1a8f4a5bc415
9c3d776c,70665,891589c1105d48fc86c1e1302725ca52e59087c69675adfcf9a6c91345b5d3c3
9c444f36,99889,d8867c7265028dfd3105dbe5e2de5e0d7947393dd9e05bab021e76188313ba1c
9c4d7cdc,72625,28b4ef28f8f6db7ac6c2356e038be66cb8e95bc8bea3302fa7fff9f519ea174f
9c86b411,97861,c96720caf102880444cf328f01e78a9dfd5f636f6511adc1c630a3df980c4a06
9c89594d,114461,7266adff2ba01b3a269a2f24d603e9f84bfdffa5ba992a18cc873624ac157570
9c8c1263,111691,8385d20eae64db362021500b035cd890b2e0a1e6820a551eb83d551cb400fa0e
9c93a2f0,1500405,eb855194f4a5a87d35d51cf27eac5f9811d26a68831592372349ba9c04bd1c6e
9ca0d2a8,103051,16cc474ac2e9977f7c815605d22d3da5c94163e649641159a4a9d09c4fe75cc4
9cabb6d8,103368,dcde1337f2094221051962cfc3424c1d966b926d8bb4b6412f65ea272520299a
9cbce206,103069,e3cc5f739e303758daf72eb4de7a728691d027f528364e19128e5bac43e5c9b5
9cc21427,74134,c2ceb2331711aa429545de93546805299d82aaf71819e47a64f194d5b778ad2e
9cc6c075,96223,2c87835bd485be105b08ee6df50611277135ebbb91efdd0e4e006498f694be88
9cd37241,100329,42e6876a47ed8d30df419e8ce78f8cb39212bd650847131e67a688b175f6e325
9cd5047b,77369,e905bfb44731cd1bead424dd3e81aaa1aade9acbe3698587dd6f48b54e7300e3
9cd6bc99,121641,300997fae130d845066ec2b7fad5516083adfbab2e3135da2fb457d268b97fd5
9cdeb3af,106861,3abce7b2bb5f6e591ace35fc640489406185e9ed173f0eb621e9d49b589f6a1f
9ce4f0c9,2322611,4fb8dcd93e2264602709637f141fbd9930b94add59478998b284d59b89ab0d12
9ce9ab4a,112837,37c40e6ca52be6438fdf6b81d734d74eb48334d1ea96860d01925019fbd84f75
9cef2e90,63845,067e24176cc278812b2130ab6cd281b699c69668fed0cedc83daa82a968f5e4b
9cf05c6d,70899,ae784aba6efe453dbe807c7d2e40a28a9aa38be82cca480f6b2b00b510fea640
9cf3dd3f,101849,42d0ac56db8bb12db6b743c4dca5cd77e5a199e2947b6faeda076084dfa75f62
9cfe2530,94130,3221ae0bead38082ec14d8c6a424931130c8b02dad09c6fb16708ed5db8b0047
9d0f499e,84732,6e5d38aae137d5b5ce8ec83aa3342e6b29e2ffd14095e39adf48174e6cec6bea
9d19e049,104610,34638ddd6bab48fad4c748d6a301107e3c7bfaa480eba52ed63a5675fca86d68
9d1b2f96,74087,825b33c48b148b579e0f93384fd0c477c9a780e72a15c690a2a9d3dd3bb6552e
9d20bbfd,71318,4edb01378e5b1b977fa9ca4afa1fdba7647c3ed6d7eeae8b60536b9977ada6e1
9d2e5e5f,81662,6db42ce534ae8c3d59132ce9aef4470b93a0afab5ae4f4535d642d8c15145b96
9d40b5d5,306999,5a285590e2503787424a8213bb96b0d8655db65e0b35b5b107195ca16dfa49e2
9d4183b8,115378,6a3957a65633484f3e2e54dfea81f716ae52142aafbf116ecd5891fe91f1e787
9d5a877a,74838,757031600bbfe0bea7e95d78be2e5e7582b74d08d9d1e08be3dea250e23732d8
9d5f0d93,107159,3c712774f4dab1d8bd4e6eaf75e7531e9e3c49fd058d41d965d6c43cf4f6c066
9d653238,102757,b3b2f1d985690a1cc9d9842bdfca2a056ab1df1d92c466a92e2711c62d67e9be
9d6fd3ba,74404,4c87fe065d2b6c8af4b971b155b057337eb4405c38176466e922ca9d857b002c
9d843365,129066,d5b6089c9bbca85447df48aa33375e3f1326e99dc6a186e9964e0b2c09602da9
9d87ff79,100708,845209d8ea6e07a01401203dba846ef8f81783a5bae4f7b9cedf81b79e6ba827
9d897a92,82580,35f35b0bf82fd221ce8b7e3d715870f28e346d577e08813b446e257f1e3209d3
9da77df2,1982555,923a462d22ae700af91852e5f8aa91e4a2c0ec5e3572f181e2d0471ad7f4bd5d
9da91342,2372987,190f34d7b4ac38d0f504cfa6b6de2065b681c3678fc6a9e5a566d92256e64684
9dc46345,73945,bc5fa89b4eb25a4f8a3319d2f9129dbbfcb406fc5d596f7b07b4f06a7b217085
9dc48e85,102769,e8497dfc7a71e6e0d1aac0d7bfddc8ebbc234be1ee6fd34654d8bd5b94462926
9dd11865,977007,e935bbf0d1d42cd249def6d050683eb7a2601e1e9acc01a5f407bcb6bc8f6eb5
9dd18f03,83784,69eb0149c2af26791d4c646a55bf2fa67a4be9b3d63f9ebbb47d11751139239e
9ddf081e,96052,237a915ce1ee872aa2d880d86bfe08d18640a07e99796f10b9611baed7ef7f05
9de17db5,82922,8c6e83260887a8e267aeb43a54064c9dbbf77321b2e01a5e00586d0bbaf7190a
9de2190d,107872,cffc948c6468c2b639c8095649b15609568039fb3e0cfbf17244339b7e2f0f06
9df9011d,89801,8a2ea2b5143c328f0324d5e4ed756250e0fa586185e89c675799ed40e5d0efb8
9e16a43a,118418,42100313a7bbfb74144fb744f30c5b19184808e339ac55223ab249dd444916b2
9e255d00,87375,980c24d385043a6a1213b9ab58c32bc82dd0c38b32ae1136f1703020e063ab16
9e2ad36b,89425,48d1435826c9b86955759109567452c87d851610278652fac8a67bc95797e528
9e35a0eb,105990,a7fe20790b8cf36024959c6de8e7ee5bc6c69e981c930f68a004a8de946b55fb
9e35b887,296106,d94d4fab86a6ff02310825ce590c2ef8401eac21d687290be505d1d479bbc802
9e37e49d,275980,7996843143e7c866066876b95f14570770800086d1cffb9c275ad9032634c279
9e493210,114345,b67af4c792bf411df19960e3e6bc50ce5dedc00ffd26de8ae1adb2a6515204ab
9e499a04,73439,66706a20d6eb4d909bb4adb71a54b15abf41b24cac4d444b61fa17dc0e038dde
9e4bf8d2,100173,5aeef3f899966fffa7c726e9c51265f94ebaa8cfd4d3497be3591b829ce9a119
9e593da0,68695,5dde36cce4ba3a651d3578b9ef6fdd02adec9ac371cd116b3be024e3a2736ddd
9e61464e,367513,c803000792e0072015a23489fefceb1404bfe0106487cdc612933f33278dff84
9e65857a,484382,492f9f9b2c239608a811bfd8f786e38b67ca741fd0009ec8244e9470b5050092
9e6afc19,64367,c511c5631deba0bdf151f2dfb6d4aeeaaff0bcc72b6e327bb06e541069cafede
9e73b127,98489,92bdb17b50252b3c64cfcad2995e3a3be68d48b4d8d3798bc283c5fa01cc8b85
9e74fe80,96340,1a2dcb3b785a6fd8dbb2ff7eabb4cd497d6aa90d9f599f0d1323b1decf699b96
9e77bd4c,62384,80e4fafec001412dba1f77d577b021de77a734d8c727973eb2f6222d1e2f84c4
9e79b222,92050,672dc78d688a59c5812dba4c401041902ad2f2a8df6f8a34c304441af64782ca
9e7eecd9,59259,569b7df43f66580aa8eb5753ac1d0ad5599ada8d76a597b205ed1f590e8d31f6
9e8585a5,95116,d982a27f3950ff965eca4baaefc5408e7e2770eb5f1b096730e339fd150e1bc4
9e8eaaf3,118616,674cff0851464c2a68cd1f88c2d5ce8c336fa44a4b3c0f01e09e999357010e19
9e91d7b8,72866,9a3ba287f309429980a8cabe27e05d40d8333b5424b589f1c2c379418698023c
9ea34b70,124119,244d96f253484815274223586921ba8fa7e73f9f0ff1427ccb2b773bd697023f
9eaf3ffe,72967,6d3760f7c839449ed044e3865fe9340ad79f55db69569303aaafd35b2a56a576
9eb006ec,102165,50bd7081ed28dca3810e506b01feaa3ad9ba2d4e9498e594743525eb7b76d2d0
9eb39f4c,105995,0ee775ee72b3935caa3f51147952361622af3b7d1af02db930a0725c705dbb70
9eb49a16,109620,cecbce3b2f4bd2f4ba3866085a802065e2b6cd897ab9ff1d1195a33f18e8dc90
9eb9c3dc,107977,5053581eede2b65640bf29f07ace649a8990361673c6cc6d8904a1519f6902b1
9ec63177,85751,9eda378a7afeba5341cae419d50d8294131e8fc5055e3086018bda369d18ce29
9ecc4ca3,124056,f4a06c7d330820f00f72f1d9bd69a367f09e11e55dd6835fe176b85037f2429c
9edf5b7b,76716,23ce5a7bd3858abf3fd72ce7e41443d96fe31c623c7f3e25d11631f2626a3e60
9ef2ccf3,74038,b65119711e769173e3e2e58a9fae65cb7320ac5f10356100ffa31a12d30e7248
9efbd713,83231,f6d9d93207a25624de7c0e891101d00ffadade31c8aec8b3229242d7cd87c981
9f05245d,109023,ab7a990a3e87609e80c8984629d28ba99d5e082677f1310773124840b0b7016b
9f074762,90337,5b775b5bc8438672f797afa93719265fc22dd57c7e816b40eefff0ba195bbd65
9f0cb4a6,223386,bbd26d36713ddf17dc270af71d0e27dcd4d22935b1886a43e55d94dfca98381b
9f1108c4,85058,0983abff6b055b0922a3d38a436b79bdc80d1476739f2290701072caf34af09f
9f1a69c7,89952,28c61e868a3105f7fb092da08588fafe00e2edc701f3e42ab85a669ef17d2394
9f20aedc,967383,351cd602467ebbc62a13adb6be06b2485ac00429646e2f7baf274151c37d3984
9f2ab506,73572,da00672c76f3b06051f8c5ab3c5e6a06179be39583b0172a885a4ecac20b8e8b
9f311cea,76483,dfe14e8188699d89be44a28bc33d447bd4be8d9b35c3383906e77fd52b00b3c9
9f32c9b7,82772,44994f554a3e640c0a9acc1ac9fa79df78554b7a0bb22eb7c8042e2fb305908a
9f3341ed,72606,672f3e88df9cd5729c34baccc2feb6c76867a311440be40336081f8103bad194
9f39f3c4,105675,c7d052f8075c163d95701d1c115a40cebd00150c86bc05d80ec6e0a8aef411d6
9f43d710,96182,c1d21e5b9af023cc09fc5ea7004c6f6d88aa6fd819c306c5d5ea898fd4fc25a6
9f488f9e,113061,9677aad6b16ff37ab4c89fbd8e7d0a0a1e50602214ea0cf33d23291a235f3884
9f51ee0a,89636,135005edd120644295790cf489bc58e1295aecd6d04190ca0fa998ad3b0bf531
9f578d85,73385,9e0a80b3e89f2d73690a302d583c34f1e7381cbe04985fe4c68f76350cf98b68
9f637904,114534,b57875b35fa605b836e2cb7526beeb38b47af379ae0fd7877367c134d8717a6a
9f73f6e6,118425,e37fd3f34623a73261b697c834b339e176c930f6d1eb45ab9b5c74acc9d0988a
9f7743fb,100680,197ff6b7e9207a4ef2c65997046dcb6eaacee7ed3180eb0597001c59f9a4809b
9f82e866,76495,41814a7e56d7daacfadfd5de2abbce240c49ce5b7d19ad98e7265278fd06b3d9
9f860d96,104111,67f6c96407cb3b21a0a1ca4e97a5a341863075a810b4c363c66cd02e213fe3e6
9f89a90e,75510,129a0767fc58406ddd6073997c9dbde8d5b3c4285b612df614804fee1dd8fff4
9f8be615,101013,ee11e4d8fca2d8a013f56a41781549963b699f5221781d7732985213c06fc164
9f8d1f22,87949,ba542693e9141259ed9fe03e6dec3ce630f330aca4567937cad0750dc493db9d
9f90e60e,311962,5301bf143d66ec6df20723a214d5713a75140de29b6456a92567f3d85ae9fc48
9f990aba,85343,82f03f171fb7e471f9022c3f2b49268fe2b69b8f31145e0d7de202ce6bd88112
9f9e7a19,87258,ad8470d0d8d8d5e39f2f6428ce562265594a5f2a3ef51b826c2c8e5c798dbae8
9fa3584d,109304,7c069d5d76178ef44acf8f5fbee57d0a7a1fbadbec27e4696cd9dfd2a3e9f01b
9fad524c,115308,172a754ed465e5736b98f8e329b6e8a8255e47e2cff69c61d3a0b560fba37033
9fb6d554,81266,7b0fd31cf321524ed76454764635ef39d20bc45d9ab2b19c031fd0346ff0220e
9fb7b9c0,2199814,673f1e7dafb506283d93998a301c55af1974333116f457aef55802aa6ebdcdfd
9fb8ae46,366650,bc4a46e622088103140f86fa057f91188896f3d6814ccee1fc5d61369190c259
9fbe0c2b,101978,09c2260a576af75749aaec4786f3ecb484df21005efc5989e3d5400d695fe698
9fcbce42,87564,e327268ebdd4ac439c74504ab1dc2cc87dc784ab3281301a3194eccd9254fe79
9fddbfdf,80377,df38b958483267c2f94c8298ec119f5a9d2532e771d449c7cdc46b35e80b0e6c
9fe8ae69,216477,5c87cdae5c3d130239f8cfbc6bb1d59dcf72aff26777f8052a6a1d15a3993d8c
9fea0543,103808,7d06bd316fb133f0f382897506bbd5c1ba675156d985fdc0cc4a61bb6186a95f
9fefb806,103304,59fa2bac389b50d2b4359830101eb42ceea82c17834d00b3b8655476fa3ce25c
9ff1c8d8,85497,c0a4c163dedd4bd6d8288773ee94fc5ee9082476a267e457cddbbe1ddb43ee25
9ffa3ea9,82543,9935d39aae5e7eb8abf572c5c69ee16a456c3c0cabdd94b502f3d92f96c730db
9ffe3faf,232636,88f7e4275563e9ff99e810c8291587a5d1ba04d122a2438da865473c7b4dc719
a00c52c7,105667,3593e1b318e39a896fe7a45adea00929078140ac2161b7ab5aed1c5522b89cbd
a0285f35,108401,37b16152b9e6d0839458909a0c5d134eacf3939efb5f1ef35f402d2bcef99510
a030092b,93832,c8a4d73ce22c9c4598f9f543e18f154a00fe9dff8586ae889873e1fa11a8c455
a031111b,109543,55e7605155096144e899ad4f7b3c5fd81cd916150b6d9bcfe9b9da41f178c0f5
a031e372,98691,f13df5e8309a037ce4228a2b438f4934214cc22c1d91503e2566d11e548b4657
a044b2bf,70618,22e8a6ae2814fcbc845cbcd05c028e873442ddbb08fe16139d006ff5fa99c70c
a04b3c6b,102273,44a19b60b41bdb3d00fb098ffcec793c49e58109440235be36f1faa3603f4ed8
a04c9566,85503,dc850a604df6ea4be1fbe2e3e83a4507c06df8b42718a0772570ed00dcbf994b
a04f9037,86436,1df220100d1db1ff2dcf060f8e1c9df8ca0205d7518692325a4ba547c6585f48
a06f122f,68606,46283ae79344478354ea8931a284e17255270e6b30a18066b3bf9ed86055f8a3
a06f8b2d,85351,7f035819a40a716007e220efd9148b3b67dcd5af527e5b9964da63f210f240c0
a07b6cf7,334451,2fb21d58cdad19a85cde8322338402d01446d870ea1051030aeaeba7df9511ea
a08085f1,66136,6320a16796fdf87387371229c8838b821745e16616fe8d88061cec842e6fd800
a081339d,2151454,f00ac1bbcdafc09e66a147969bba153f0230bfbbab618c0aa74d6b35937679ca
a0869b66,91768,3e3ed64a2561672ccf9b17483da813f245c194df2b583382566c3e17a873e6fb
a08d3a7b,87712,958a4f3d50148532b5499f799f9882d45e0faa9cc50c770d008e865381b0c5c2
a096a8e3,83110,1581330dd939a07659edbdbf40a3bac44f2405dbe4d201575f680ff2a997e5d3
a09eaab4,125584,554201dd46d7aa5201c6e2d33a35512218ced0fa6c131a3d6685dc29576f21d4
a0a95e74,111773,e2336cafe7c2086db74f294add1c6e81030a75322a8baa3a556c7a74efef8135
a0aa95a6,98787,62d59335c3bed254c2d043eb722a1310ffd6cc11879c94f2142634af54cc0364
a0c7754c,87735,36f673f3fd3677c887787b50acd9d1d11368a1d20194848c4615266916c90545
a0db807e,110786,09d94bf5c6ca5c1f272b6fbd330054f7de694e49b1a2cfbeaffd4865a371eaf8
a0f2b24f,90304,a67fc796a0a5ae2fd9e265e01d1499e22b80297558b24cea33bc8c76e3818bbf
a10e2634,71133,1e52ce6f23b5128df106ba5d92abeb0de2f7507bb68a986c9a24eeea5ad305a4
a11130da,1040769,3b6b84cccc6e158356028347955800023b5dcd84cd5cbb3042298c52186bc6a7
a11c0aba,93519,8e598699710f02327f1b0f7f68b2ad47b0a1a526e895f811d9256d7339f99990
a11ff17a,76556,3f9f01c33c56d805f1e53bebd72c7d00f8184c98028163c98d860cd07bd0fb09
a1240c1b,124731,dbd85f2a5307a1e22b67a1d6097f99050520d8510ceda7dcd73692e5a0ed018d
a124af1e,80490,cd0265dc0905ab9f16016af66f5d83fdc8311f15cf1f138c2fff47689443cad2
a12e380b,79498,4c4dabfc87666511f0c166b38f88de232f850e99804cf72ab5b4401d258c2f43
a132194c,70033,1eb1e8487cfb4f75da1562b10253d59a126b18a2e2d31858c6d32bbc40f69d9c
a1332b6d,74192,09b15fe0d438f9117dca184016ff8a431e6f5348b7876618f8fe2d54fa6efa8b
a133dc80,82373,2bbc5da3eae8d2aeb0ac0cf9ec04ea480cdb11ae4e628ef0420e51d07bd8e98c
a13ecadb,95052,de259ba52705a7a657498ba5d99f7ea4d4869cd169d9c94da90c5236738b4f76
a1465f85,77648,7497a8ae12313aae2e8882c22cc5fdb44f2557bf7fbfa8724ffafb68686abd64
a150d047,109065,2d24610288109e8e88c06f3c8f2b63d436e17c465a078de8d1db26be491f7c35
a1538a3a,97888,0b191dbf97a9f7ee469ff0699981131541f5386cef8e48c32339b7faa63dbff1
a15f1afd,106790,044a2f99750a4f4024f7b31ef9ec9e54aa3f8251ab8e9fbea8cb138705e1b78a
a1663751,112279,9d404382808d4d3b4f640d6baa1f8336503e647b77a8010eb5def8d4de2e0f17
a16836a8,71325,b586350172f72b797c3d194de2dba0f7430bf00910e98bdded24f1690af0b5a5
a16b0a11,70639,1a2d94ba5d63296d507fb800ee0438db990456e2ccf49feff0aa84e1e7323532
a16df58c,99536,f6f05b867fde623323cc4ab1ef1d029ee59952b675a9b52a0570ad9d8783f5c2
a17bcbaa,75823,3ed27f7cae423555319cdad86cf7f128fe8b7a2c93306fc463d64a686225f41e
a17eafd0,92822,9196760d8138b24ed3cef6a38b52a23d21e7f1e302a8c479b422de15f442c915
a1879ada,122863,e7c5f38a253e9282e9ece20f78981eeb083095164dc38151e1929ca8756a4b69
a187c2bd,102115,79e90c9300cd41149451d4bcf5f1d30c1417a64a65e6195bee08fd8cc39c1cf6
a190fb2c,319478,97a02528d492f5a3e86eb2344dd96522cd13f432f97727e0adcbaea4970d840d
a197fe01,96847,b4591a659d579e001be585bbfc4df5420d7b0fe3ee4ece16a78799f46e31ce86
a19e4aeb,91572,ae218452ff4e028e67a1fca4669034728fed3832500acf9cd00ac344183c1b88
a19e842b,118878,139bbd4f2242559b44824ad7959433f22953dffdb75522e921e678835e433740
a1a5b1dd,95559,530cca2ee0417331fb2529b03bb655b5d201d44fa4b07cf49b322269d4f33c90
a1adc1b9,74203,32aa0a58648ca38f55333d9ea91a37cd6bad4c2f19ce5fe9f0f09f17afab3127
a1b47592,84024,ae93916a1086d798418f07b0f415178c0f8513b865ff508e598a1bd9ff12eeb3
a1bfa2f2,77517,47a4f562e5a05704872480b53e68f003c503758418169dd516672fdd09995052
a1c51331,94747,530e64658cb0f8c180c70434f8ab125eaf1169090fe286dd9d42d5cf24423951
a1c8dce7,77612,d6feb84e5f67b05ff35ad2f2dc03c4750cced6e252209683a5c64a6837da32c2
a1d23eac,76128,ccf5ecb6c884b8de75b65f9f865e5bbe0fcb82fdf2787f209cd514aa3959706e
a1d4ac4b,77197,fe4045e4abceb365b31556809c447ba76ca69d58082a07ecb4ded9cd2b4bfb88
a1df8b03,101980,ad8aece3be6d17401f8453ec450503840a44fed1dc056bea79b95a83e4092b05
a1e82724,99769,56ce853a48397ce672d26600ff252c2553e33b42c3689dea5c9dc2306210da7f
a1ee781a,99954,0a6f620d5a1ee2dc90b188c8452a6c2f3033a08fe7e6de0babadb7285a1f0164
a1ef2ff7,97066,a3c3fa23ffa55663dbcece094bfefef85f30099edbe7efd8b4127d7f9d36dff9
a1f005c6,288153,6a9ad37ac310a5c2b0cbcdc65de9c74f9316520eccf60a94fc28e12d97403481
a1f0fb7c,74489,26d18fb2357da98e5f35e06e22bf599bc1ec81f933b6b769fde8159dc7831f2e
a1f470d2,95274,2396a2275f74dc232832a41f068102f9ef7973254d61145b7bb7c6fd7b322709
a1fc9312,94202,77c5c88dcd95aca6cbe4868046a463fd992bbd4ed43d83cc53a8e9f1ed2ae746
a1fd6afc,82890,7359d10f9e78f2bf412782202a80cf77536868c1ff89c3375ac171c4db84f826
a20b03e0,85429,70bea571e513394e2a8edf8c46429e4c5f5c48c0a5e8b5b8c3059090fdbad884
a20d457e,106805,3fd17aa0b87fb582faeb7e4ba2a30cd9bf750f712282dbfd27306804a206631c
a2195bf7,98882,23a72b95cf6862fb8dff07e9079546c55c07fc5ef334c6dfa214f425ea92e6e9
a21fdb8d,70627,d7d43f2b3ef9586adb773f8e2f19317c54cf9b6d586de0840390f7299413280a
a222e841,102546,064064993985cab9a344bc4c60c0537ab3ea090b78fc8e029759f98b36fbd2b5
a2230276,210159,b6cb9c9de139814730d164cfff94f61eff201394d19bb3c50e4d64e4da005bc6
a223c465,78749,ea4daabb27d9a84c9bbbb834381ed051eedf1e104678b52f2259e5b2ee2f9a8b
a226caa3,76779,f5c81b1f5c26ec63185d08aae7796f9ecffd8ed852e5464832e4ab63ff92b0c8
a2291beb,63876,8433dc485cbfd53fa2228c354d5b554e9a8e8c65d2b91b8e2db6d7cdc97d0ec6
a22b133b,64310,4da91f991b91bff08d44bd01f3da719c9ac43a6fbad54802ad9b003980682b80
a23af826,76709,ce1cbc961ee9a49d2ea9aed19d91368d201afd277d1d698b8bc7252b9b468ada
a23b393b,102576,e4fa9954e96220ad3f81310660e64b50aa4875c3057e23f8ed8c8b448848fd46
a24c1762,82923,a42882651a085f1ad4e9d031bea07d405d7590ed482f5b13b0d7b7b41ef12728
a257a407,81090,254937e160d5e738c3cf87381d3676383f098ce9ad30a82f154b6bbe3df2837a
a260a66f,102875,d0c0f7db077ec1ddd605829b3aeafcac9d6859cc6fbd4074a54c18d5b353a110
a279a610,73087,fbd4c150ec8a85a2af96f2f2854b6cfd109df358742c45506a501e9ab2af984b
a279d821,95081,6d10314d4dfa11bf0b1a8d77ac8a6f9ac2bcad434ba8e7f504c572b3cf7d6d11
a28107b2,78366,4bf23cd83f8db24375292dd0da8ac1966099c2804d50e6b4d49a7970f6ff7895
a287bff1,79541,ec124194c490eb551c88ac96eb26504ebb8365c9201c236491147d99d40a76ff
a287c127,96930,c00a35e860f21f6449eb1ece34fe95d628e884ef2106e36f52feaf319edd13d1
a28e5d77,81275,501fcf83c903ffcc573b7debdce9da54664a49bc385cbf063f62fd76faacb5c6
a292441b,81164,899b7c8e4c645c7f8932b9383a56b0e517f44f5844d7fef7f895f90ff60e6eb2
a29eccd2,338639,79ccd73168afeceb4148ff4fc69b5f747f59dddd1bfcd862c40898358a98b26c
a2b18f4b,104908,4669e051f4bc80fffb9f279c449da1107d3e8b4655a5ed2e154745961fe80354
a2ba2875,88314,667af70ac3d35b6dcad0cb3c4d7a0761fbe0510c815e3854c2b4eed5d7d1daf9
a2cbaac1,80726,755bffafef8d904c849572cdaf319247b9eddec20af0b74ce385fb5ec53cbad6
a2ec158b,296876,55f14606cc2a6c547e4e22d9e68b1bdc88e9dafafe1e52868ef0d006d9ff5920
a2f4e508,101621,5ff3bd0f9f47e6970d6d4a030842cbad63ce31778c95df568f36847e8b1032e8
a2f6aa2a,96243,76289e4e60e70bfe9a62724ab85583729be4b13a4326b3336f130b6281383a58
a2f7912d,87202,d164a0060203aa3a12ca37e7d7d0b952b13a1f337acf2e221b09180bd6dba6d2
a2fa6e28,122191,96cdd89624a6669b8382de97197851d936468ed8e5c30fb05866fe3b62a87cb8
a2febe50,711350,14473b5a9e8988d2ef556a7244df7e988a3a8a1984968b7b5296be5bdf2aef2d
a2ff3770,112102,734d0eee6987e1ab19e9660e24787c51e8ba137eb2bff9ec4c1f8f410c53cba5
a310f290,105276,d966916117435c1a70760e696d691c92c019ca3f82d056b9904d271ae202e3eb
a312fe26,124390,d84216251949e9b2fc362e54232fc0dfb4821a26fd2663367134f065f8e8c7f3
a313581e,87193,67fe3b20ec4d117482438be12a1d99f028a66a2f4154986530d14698435a4149
a31fe928,100768,6d23ea6a3c401ee2a43bb03e3c0a3eb880f8368d1a73f38c93d59ce0f59ac4ff
a3278821,94537,508641bf8235acd419e613619283817448c3b915041dc093e05676c550563a45
a327e769,76482,6304cd37c1560c5fee11e2999eecf687d1d434065e5de6bad2883ab97b9b6dee
a32ff635,102717,029f21e54044b55af67f09dc2280d0f1bbf82dddccc57e520a019279c4a27dfa
a3309bcd,106631,30f437006513b12f5eccee31e686c937b8b5edb925f0d0c79cdfe98dabc5b7fa
a332a0dd,77105,d4965f341e3737c9c4f8ecaeccb8342813fb98ece3dc2b37c2497339055ea187
a3340f60,574391,6bea60b9a530b118bd75e2d4af704c8dc107584ef8181e492a8db543ad058f4c
a339c8ff,85755,20af689bbfdec35285dfb72b1879aab74ef90c317e24c2c23121a0a976171005
a33b4b65,125687,159c056ffca8a58e216c0aa4b6f8d18d9e8adbbdc0e896eb6fba399a86f9c1dd
a33d77b3,102477,757c562a056356d4739c7c05ba7f97808ed7bb5bc9b09f5f814f958336068e33
a344b9bb,84845,6e61d2939e59e234283de6c0ac42a71eee83b0f1a860368c9b7401f8c09d13ce
a3493111,78828,0723e1dab8f9adf655d8d7afe416f66e51cc339a17d40044313498f47b888d24
a3506965,101045,913234e2f59a8c2fdbedcb83861f9dd2362667f614a97ac7651b8f4b5ce54eda
a35b5cdb,347263,59fd9206590af810c0eecbc5aaba32d6e94fe44c3a8edcdca2598881b383ede3
a3a0ea33,92372,1b3832d0bba0b2e015e6991ef95b73d80487a240ec477391e5d95c5f55b2e68c
a3be0b54,102911,49c38df71fdf019dbfc3ce680c23c5f03fe4e1970fa528c4689203e8b2e12396
a3e2c03d,80079,640139d60efecca03a7bf281fdb897481d3c46772921335bbbbca6ce9fc26c26
a3e50c22,91286,cd1100442c981d2e64be19fc85e83c2c7e6a41e415865e8f8eb69dbfba8a0b54
a3ed7ea5,72367,e278e021b4888aa0586bebc77ac3154dac15d07dab479527a83e4a58102b0069
a3ff5033,121338,1aa81bea0b7110b17249b6e66901a2054e56e0f191fef820dddabbf571a80bcc
a401c3db,266636,e73fe718245ce27ebb7b8a36a94a894292f425e340d77ad91674dcffa19de9aa
a40a666e,99193,f26c403fdd449eae314c6366e248efe845391bd6e9e79f66dfaa9e668cfe35dc
a40c7d80,99192,3141c69ffee9cc128a1d233d9cf529e42b5b4e00979ce2be11d445ca6e114671
a40fe411,117275,a2ac54a51eb1eed5702a0b02a93303204f09750054f3b9e1e5497da095a96028
a4152856,94133,faf3551dfa4270c49b170c4b863ee8927537a1f046dd88d85f9e9bf5410ce278
a41ff707,105957,d646d255ed09c483e2c51652fcc0fea31b1c746a3f30c3a24ac2f7b103e8e88f
a42091e4,104114,c7cb1efa647d8886cf22d9701f37060e0848ccb3ddf1f3e23a94c411c088a9a7
a423009b,84090,0c4ba1105ac969e5fe4aa86c7190d59c77052f13c1c8d122379e2fadce08d388
a425bdea,81935,20ed3e4e0cb461f367dcecd64063f59860262c767d624940670a2279f759de79
a4385091,331388,72593e06f19e71a8f9af2003c75cb24d11361dfaaf9ec340f2f814f7d77b5f93
a440bb64,108371,4c6c88b75b83b1fa888ee2bd4a04a6e7e4334fe1fc7613b86cd816a8a8becbee
a440bc1b,114285,741bb9165c3e0204afa9ea11724e712ec6938cbc6445a4652af2e7fb75837cdb
a44982c2,129861,694ff91be4e620c24d864d7e098c29372dd1e2d5057420346c756e3640aba877
a44e2504,117737,06e0c4102d76da587c22e32ba10197dc2db4bea2971d040b28b8de2b186044b5
a451d296,2010865,d51cc64a098acd2f9960e3133d12625facb81f62319356569a9923d75fbd7f01
a45b8928,595735,2423d960ad8387afe9a6be492bd761a6e4d8c0ef33daf5832ab943a6b2a27f7c
a45baae9,72747,7ea6af91a7fdb46ae6be633e4ad0e14c69c698f49890ca5f76901bedf8cc47aa
a45ded19,75534,9b1a5e9fd3cdca85c72668f3ee667483785b3474a6a4f5cc206d7c7af40ae5ba
a467f97c,125356,bd53805214e98de8a4c12d2455514dbc156b098e185a76f12dbf758700d09b60
a4694658,445056,4489e4b6f923946f6bf459bacced968a008e218dfc720a9b7c7ac8a934ac3f4a
a4705659,100549,2f7d6c1a1b672791ce4df00ad320266b8f2089e50ebb40b679e9b4a428e885f8
a477360d,454796,9b65c5b9f9b261fc9def4c10c449430c74fb55091d7f318e8e9ac510f1b809f8
a4799e90,72248,3a1a4bba1e3e3626fdf291b9f688e39c7b8beb9fbe1d3fe27e603c7420a24a7d
a47d44b3,79429,a422595ea6c6ece281878a47bf7c2ec003f2c815f27bd81f58db9bf14510559e
a48254ed,118664,842c449a15f320c9b77440d233c92c37e17e3319c79eb3878c66ca4b59bf673e
a484f62f,105326,300cdf8db761eab8dadc554f4b25d8e486064a05269cdaef1fed76adefe9da0a
a48897d5,116653,c7f0d48903b2a22ee0c1716f18c29b128e0444fceb2bcba5cb9a5d8e4c898f7d
a49447a7,91983,078fac7bbb66128172766465b29293ebdab6ae2d13fefad46f2e14189fabafc7
a49799db,103887,d1aeb6f6288bd0b8ec19e80753901686d678722a1c1cdc13b50111ddc3e5a3a5
a49decb7,77176,fdc26fbb195f32017703e53cb3ec7d31b5915dfeb4e3d506aeeaf34a3332d04c
a49f84fb,382690,0ee2c474dc7f9afb4e62ef2d6e1ec9032cc955277d0c4a113baf3a0e42092033
a4a1a17e,97445,7ade65d207d03db37bd65429b678f743a8293fd45574369cc2a5771a2e68ae67
a4a9e7c0,89992,511cb97bdba552822d48f2637d1b481c8a6ed63e040cba4b34b50f028626d716
a4ad6d4b,74511,b071f95cb4b577a554185a75f1dca9ccfc2ee3718145087d1f7547abd655f993
a4adf76c,303325,b6887c581e6242b65d9db5db59d076dc2ee4094a05f563695353fbf5876a047f
a4bffbbb,110919,91ba6786004c63263b1b213180254912fdd4f1594883dfb0fa05e34a0312d025
a4ca6b92,100097,c2cb4b37166fec7419335e78384609d2ccdbd8cf97bccccfb7024a1da526f53f
a4d694ed,104422,e2e991505af9b3a6bc669caef41ac7f3a9ad32e971e991cfaa5c92ffd8407dd4
a4de25b7,77372,6d5d7f2dbc36fc8a2441c85d44906955c88537048ddf5dbb21a8588225d78208
a4e3937a,106415,057d42794971968fea2252dab3136507effad296c4049b21342bf7dd3dc5abc4
a4e6cfd2,105445,411a3fbed08b0d2ed1a38b39300b960762482f9e4892d92a73dd70f13ec3ca13
a4e88901,321707,74f957901fa0fccf64843783f33245022529b0c5ec622e049f703473f461ac8a
a4e92e85,101210,00aa262720c17626d6b3ab5f84b5c7d028306026962e1f0a40b107fab603d0ff
a4f25ec9,115996,32446fd54bb919191074ec46180b746b88b54b43c50579aa96f285deb8583494
a4f60fd9,81116,22b756cfcb4ce3d2d08e64ad3bce17fa70b23a96d6c52c78e5c8958f29e302b0
a4f72455,71621,bb8bb32fd0f8fd4aee5fee395dec046c334c94a636c37273bcf6438017eabc79
a4f97efa,71346,b4f4f59aaa2df6edd178777e5d26a58a1eedcfb4cfb2c7c885a6e02a1f971d90
a5010276,104108,85b3ffea15099d89dc05c3bb2c42f79f1c6353b4b46f3cb7602129f06ec47ea3
a5017dca,95853,f548f1823a509206e709365bfb8a4f76133d366adee62ce6fc0139efb1db114e
a501d302,125004,def24648ac2d147873c99fe3c764a295c33850a03346c8fc3647c7b3e4884174
a501e5f9,94074,6fc2db2cf90e8ea8f3699d4d53e65c85454f95782680dcdc14ea3e5ca0a11285
a5191daa,631884,9bf4900ef80391ce773149937c7c13add5d2c7445d06231232965d6d4503d9c8
a51b73d1,82272,d9c5a91d824fc88c61b6534222e80a0159b0179df0d245b1fe2e2a0ae8efeef3
a522fa04,93537,019d0ff5afec06a259b77c4761f70f7bc4a3b522ea97fd58f1b3e388e82dc85e
a52a1811,97542,d047634c987ea15ddb07833968f3c42f7cf80c849d073dd4219f92008cb317fa
a52bba8b,77699,31c77fd9dad14c82901599c43f4ecebfc3877607a8011401cdabb10a200d507a
a5397115,109345,d123f190cfe3aa8c7059254acc2791e80419d53a08db885314efa4b2e4cbce1f
a549a6a4,272017,856546f87dae0c7f09efe7cb98144da996b9aa8bf5eb5c998a147f10220b1ed3
a551f45c,98386,cbcc80815b095d1f43b55581d82037257926641e90d3a11e0ed378df4ad392c1
a551f57e,119386,045394106d42e7caef52f7b542850fef6e2a8396166fdf11e70535a08ef02219
a555cebe,118090,9fe15e44a50c6d14b783015c19f4055a7b05cdd03d85b10a9a70baea83241cc8
a555f1e8,374464,3660acd1d9c4c574263fb767759a23a125c71aba20ce1e8fc389ba17b7a342f1
a55dc66b,101885,2132300785dc0656e826fad9e66b99229f36e842519687726b2982b5d5b608f2
a56f0ddc,123670,1bb389bbb4ae5a08b60d9fea123115fea5bd01c5552ef00b2ca64c41b90b86bb
a5740c2c,77733,e56a962cd8d9951fe4cdec611bae3b53c6d6b0037ebca07a53175b2cb41ec600
a575cb88,83916,2702687c979c755526af375c97abb547c54ef7af7338c09df1bf5ebd1e110dd8
a57cd839,120943,b16063ebfe2c630bae04208a1ba5b9502cfe754127425901bb1960eb6531999c
a57f9237,72447,aabb98ac9e5b93e0372fa6977fc16327f73a4e9dc2cf4cdd1c7b1e965b35c987
a58504b5,86731,40f0dbf74d8dfd8db789c22d485123b026ee19afb74d1c878f3bd94c88c76ab1
a589114e,98317,bec9aff508b1eea44a44bc3ede6f1379f9b08e2d5e40a3d316bad177a6f4b319
a58b22d3,68890,8732534243a5634a516511de6cfee4cd52c7c6a85ee08d721c49584d05854b7b
a58b63f4,111938,c5f584a25cde8a6c227b1e5f91f870937815289e8aa43b6635ee5ab2b5e3eb41
a58e1792,93505,3df7e31fc1c265b25e9607b0e2d9fb3f6568b8bdffcedfa04905e1a5a0946e52
a59b1f33,126857,5a53aad648651847c80f7bd98213eb3749196711a3753ddab5a80e389f7bbac3
a5a036d7,106397,f963b49355cd8fe62235051abc196d3b17f3dce0b4c83c6645c2ef115ab44967
a5b52577,80199,693346784518af7f439b3167339f7b29d258af8b37b11982baa8ef32bd6558e3
a5b88a29,75127,48f45f0052c4e37a23aabeca23a3c8b80315ae111ce84a3daca7d76346b9f02e
a5c4aaf3,94974,b7f88afef43522ffaecc304813604c2e4579efe167107294597d4f53789b013a
a5cf7d39,90852,ccc7028e20be059283272fed60155fec27b10045d1a8edff39fc5b307af66ccb
a5d04b05,74528,a9a41a2f214425f1078458cbead48fc812c70d913d236433dc9f0d74e06e925c
a5e6063b,98490,784f8888d9c0c6fbc544a49bb02c4ed8dc371d2c34c2ad286afdb6546c65f5a3
a5e9d17d,89280,9b5882ecf4b307bdd64f884171f596434a1bd9f4dc8f1cb952bd2468f15c5a59
a5ee81f9,81205,461947ebcbeede59b7f286989aecb914bee345a110cb45a7c58e0419e4abf2c3
a5f62460,92989,43525653a1a94d9c72f2ade7ddf1404cb6d193efd9b18dabe7ec33d1f303148c
a5fa7c36,136723,c6ba1a69670bb8aa62efbe3f7ba42a10a078c6b0dcad3d87e4edd8575f2ff962
a6082185,84141,4eb4d1c7462218d4b8032dfb8d9d52a20799a91b16e64ceb1e5de97adfee0117
a60adc1d,274354,a2c3f9db494040919c4f98216b2b93e0e5f16918df43df3c9754557561950b33
a60d2975,64961,5323937f01b1a6142586f7c7d710d005f2d38413c7bc1307b59833d879178b13
a617c37a,95357,5d81aa07a48d94d0b749de54e88841130bb1abae354301d0753ff3abcabc1a25
a61d846a,112279,efc017c1f73b9dc4fba6d55cea808da8ceda8d67f03dbeb74bfd604d33fb5d1a
a61f5a17,100737,f2ae4a8f5668434c0a4b7ae07c823d4197ec098ea11a04acd8abceece2d3b1c0
a623542f,86414,64ba1b46e6c4d42016109ecf6f6341c0a2eb86df4324bf022da6464dc109ff12
a6254b99,100885,5f7229d54d9fafc949eae3058fbe905ef7f855b25c3fa1c778d84e0bbe371a11
a62a7122,89214,34515082487fae42e69a42fb1badc0eae7af15f3854fa949468f772d3ae95b9e
a6386f07,65931,ac2d768fdf4c41fb76b914056659850ff5c9896ef73d9afd18c1440d10315088
a65aeacf,88780,76a51d192a347f60b55dac8a617a0f6278a06e1a36f15f3ba9aa81d20e34c983
a65c24a3,78044,51eb2653269cdedc8d6ca3eaea6f5ee2ab03ca4ef34088faa09b615068381806
a6651265,106605,69beb42e5c70cbbf2ae4ebfc92252d3d2eeb02ab89394d3983252fdeb524ba29
a66abef0,71891,8746d4cd94a5dbdccbf149c1423cfa73792fe0769c51b8f5836fba7ec89d653b
a66b648f,79447,41506ebcb1c61affad07850f1e3f89c264ea859701eca1c003483e6b5830fa6a
a677df33,83492,8fb04c7ff9cb11a9a13474bf9d70c7f76f4b6f7ce083e6a3a6cfd035553a3e94
a67c9753,63843,00c3951c435799ff3dfc71ab75358da744a4e2bd405ddb56ae91b9a30c98f60c
a67d2866,125983,8949c62676c7a849570a977d8ea52dcbf6cecd5017cac106ad491c3073331e04
a67d5cf3,90546,4032420a2097f3fbeb1c08ce39ea667edc85135e32db3a46ea7f83c885a0be17
a67e65de,80931,39e6a643e85872b740520c52ade67c6fa7ea74797bb0406587fc6ad95df859df
a6949076,86965,0e6af96d74a4691f050e0dda95a08c8646b9184ec55d24e0dee0c642b238ac38
a695f556,72262,53c983fd14e8c18577cf81f2f1eb250c75c44684baefaad2bb2558c97b1607ec
a698ddb7,112970,9bc3a051ae9b281f90a5702cc24d313ac30137902b4517b55ed9b017d8fd60f2
a69de5c5,468480,c588f4c29efaff6a45e6c23530ff4259dfc9e4839c5ed7f3e0d44eee99c68e36
a6a67acc,71070,eb66bad3055dbbfae4db37f51bfe5b889a82325ee0c5006cbda875b37edb85d6
a6a68c98,93010,689495b446826ba2e3c0574143c3671f6a7b0fce2683833acfd557ebffbd1dab
a6a8c3ae,81206,5b4274ddebe33a6e781db4622b9ebda8f0c3ba75f641a34e73527416df8f2784
a6abacb7,115770,36694d768b58b6a9862da2ad438f687ac62c75ab2816b766e5b390d41acf5a8e
a6b5adfd,106482,ee5e60742060fe1f161bcf88dae030a8ab831d293fd16979b18bf0d21560a11e
a6c890f3,249153,fad6c8eb683851774ac3570a69666f0797937fc8ef6d9fce406cb95baa8cb4c3
a6d60fa0,94583,8c2cfe228cd79bbf42e248fca332060d8fb7775e59de88951bbd92e2455a528f
a6e0e666,83162,8d42d36f9c4a26cf27a79d0e8d1bd59327442b256defc86696f54034a11b1635
a6e2d53d,108982,d4ecd92482a3c67cdc0d3efbf6f655fed15bb8161b30ab256f307420922b89e6
a6ef8065,99900,cc58479ae64cc0c1c378cf60b1ef88cf249981891aed3820ffbb95ea23401ed7
a7085d36,80759,2a4caa42cf89b4d6b6aeffa44156a912a71eb757a38b699cd845d1eb3a7ce27c
a70eeab0,83046,688ffa3e95a56d4b7a1369efbee193001a412110f25a122601cddbeaf7daec95
a710273b,101017,37c61752caadb1b7e3df0785a98d1bd2d89df143b17cce439acb3c7934d68992
a718004b,1906738,918637fc25e4b2a0e7e2203c0afb307f7e1b96a83a4a69aad58f9c5a5966d1b0
a718f915,89718,6ffd3ffb2eb704f9468bc3b5b49373f861b45812a9e762b692c4a82b3bc4c521
a744f83c,92837,8f329fa04f2191ba6e577d59d98e98495e519e1d7413f92183fe269772490152
a74985af,70168,1f6397bdcf4096505a39b78456551ddd1fe387a545bf19348d51d8f7a3050d52
a74f9a2b,874556,b02e5faa6ce526753ebe695a016e8efdabaf676c40f5bc60733b2ee64fb3d941
a7619121,86267,280fdd04ea77066934dc12418e9d96eae97c49f79377858c5d9cae4d3551a6cf
a76d460e,68812,3cafe9e73fa3c9a24cddf8f30ab082f98dc18b1bc3bcfe90e3af886433f539c7
a76fbb68,110613,4de4a37eaa5cb9e5cd1d7256c9c6c22014a591ed2d9318f183895bea7afceaa6
a7715a6f,53729,cd0d244ab4022a4f28a72879652b1e121d2abeddc2ae70e435eb061390f0d736
a7755008,287011,93af063c95cfed80d395ecc66b6cc37d633f768192ccbb753f39e2774e725508
a7778255,93798,82d99543ac1c58fa9f6850fdb964b86b48aa10651160817bbdce165aeed61804
a77a2926,738733,705c75edfbb775b155e5736151752f5f5523df84af8acd66ee3266fd24a1690d
a786e20a,112920,8f04bbcabf364f99707d000afdb9d05a604bb9643f28f404533da624b58b436e
a78aae79,343589,f649dc1f6dcd2e7ce6e0f81be5a66273e8cba3c2e5419c551cfed19461553eb7
a78b844d,78547,9e2012cf7a2905759d97073ce1ade2b994cd91ab7e4329ef37897a15dc9cf1f1
a7916dfa,75180,0a5981c8bad511d1754032773fb202b72fad20d82462699b3a641de80a12175e
a794bfa3,115080,e9f2d01326508b7aab34a732646c7fda686e545c6eae7441ab4b5544ab5b34af
a796296d,103552,b6ddb93348efcf08a63e56f67e3467e81653a530a68c368602532174e520576d
a79a6c6f,88846,0fc2213dd75d1b68a7d02fcf9ae322e67dbb897772e2422a8a8d81f30df7dc40
a79ce38f,93594,c63410697a65cc2b2c460ab5fc55b63a72aff84a1441db41b3ec712a7443af4d
a7a1cb9e,334296,3b50472738789f2f3d81180c29aebec1ce568421e3fc19646d2e9018b37dde14
a7ab6758,102392,d45053e832a6ebc771a9fd7751018cff035dbc46c9bde55f156f4e0808d604b6
a7ac0ce6,87832,1e59cce149740d13ea630beb25d111a77a8cd41f12a75737c679a76a805fbfe5
a7c05e15,97645,2e3e746313d3f34ce632ecf1aa603f61e3295b6e8c79672e304145088dbb60c2
a7c3e32f,110457,01e61c50ecaec109ddbc9ea10ecccb81943534a3e8bda95e9c09f3a0fc93c032
a7da52a3,87532,c88782873157bc602dcfe75f3349235f81dbb727cc935f5b54034791d14157a1
a7ebe7cc,101031,5c29a21afb4215ed2e371081116e89e3a5ff9906188692e963682c8c72d38a97
a80a835b,1334879,8b9ffed65f7474344e8a133946338e0b03f557cf4decd8d7966a604d5a52261c
a825cf30,87055,07d5ecdfb81384bed453e9f5530e9a3c041e79dce8aacfe6a2aaee55a4b0e1f6
a8360276,104005,f16833eebdae17d9cdc0ee2cb8f0d12fdb7d8f2b5f0b5ba770e509434a4e6831
a83a0ba8,97090,e803782b1f2e68da1f4077df28a8daa7408d08bc9c6727f038635a0ddcc1848a
a843acdd,104440,be806fc64ca98a91c672c65a2c96ea40ea96dba261ee5ee9e060e123eb4685ba
a848af8e,96352,1f182330ab5e0463daf494665cbd4b4b1c0fae3cb97ee27c8fef29047f1b41b9
a849c0ef,90589,f48b15d6a0ee425b5ad31c61219240e2a4172179e300dcc8aff703bccb87387f
a8553d4e,110211,ff32e26f7105fbe9a67f1767e850eb1cb00e29f9d4db798c793f2e07fb60e1b0
a85e1fa3,72057,fc0effb488251571135e1a070a23780b0dfbf94d36e0770889550c7e1e435cbb
a85fbfb5,107237,4c5e1e9f0877bc40cea93b500c7f1d880b3ae8f01ac1f8078a0cd61d5c944eb8
a86330f0,93890,f0b41ac0959ad581771c023b13baf45635283455b14efd47483817247f14279f
a867426a,289385,7574fda61b37808ccda490f56dbb1243e68ce97d8296abafbc1c47c2bdf97f39
a8685ff7,77302,ae00a324d4888a2085ccf3a8a4b5cd06d33e8981dfb7d6e7f8545fb5b223f6fe
a86ec462,93399,f284bb7b1b7e9ea5043e9dcea0d8de4c2aa966a77a1f006929d1172e9455286f
a877aa2b,109128,83244b5ca10f0b7e939b8c46e1c3a8c0a75889693d552d2337910edf82950711
a8794593,79747,fd1dbe1cb1b148373df225eea4143796922eda59aa77046ffefd378973d3b098
a87b3769,90048,80767fcf46af6870110f3a2c529dc422613d4d7b5d5d63806ba990cb909e0018
a8a1c962,82206,723a5dd13d7278794f0d93cb10882808865d8bbaee850af4be07faaf6a37fad5
a8a2c678,91792,16f6e80524dcf50ace8824d637987349ca5037b8fabae387813973ded37a7686
a8aca911,72000,005463d460555b352f1f8cb07691e13a83b6dc3308490c5e94c4c0fee8432105
a8b47dcd,75874,d71fb0bb713af873b0f5ddd9187cdca5616230e539dc6f42f59f64ff5f008455
a8b5ce8a,106512,37f216ff3eef20e1e37e795adfcf00fb88e7a415c5ac7ea8f639612de516f6bc
a8b86f8d,104249,09f9c87a302c1a0f6d761e3a1097ba6aaec679eaa38015002b63a2b25e32d38a
a8bcfc1a,118341,a233ff4c09bf6f6fb716c2f54dea6c20c4ec65b0432166f674843ef76ccb7514
a8c58fcd,91263,3c0327085e8d13a4c7e86051876e9847b4bc234a24de3cbb45cb6a29d5d70c59
a8d41c84,121280,d309bf8223b219c97b36639de766d896384b9b37a411cda14575fb7b376a66cc
a8d8c1c0,79798,e913825d925dbfafb3941fc5dca4493b8bb0ac8ce28c8039cbf987c178770073
a8e73b78,100437,69c17c667cefabf4fc77902669f60df27ddcb9aeddd67c88acccc391f818fcba
a8ec72af,80537,f397eff4389631d00ad871a469a7d90dda9af93b82f4e6d7076ff79616409e99
a8ef94d2,121100,01ccc519dc324f10a01d66cb3cd8422bf8544083e5dcf60ef0d6b8ba9e89c77a
a8f4dc6e,84607,695ae28237131b53694221a063b4f087de7095e6a493a4822636a15797b63b89
a8f5b39e,102704,72f2d317eeb28141d50dfd505b06b81f232b3788fb60afbbbe786f07b63cd830
a8f8da05,99025,23e7bd079b7e1220ad88a95e3982eb5a098b5fbeb1a9acac95a7bbb7f6d930b2
a8f9060d,77240,c5eb5ceb665ebb7e2ae74d25fed26ec37bb94376df8a77ec6c873f1acd16bb83
a8fa553c,78169,50be7730f70430165cb5ef6eedb439bbe8a993562359d97669e94fd2b68fb96a
a902f1df,98639,7639bcd626dc9b1b84780e85699375f4937f4fe3ed1121171f74b0769569cc18
a912b4af,115863,5e217801743804b4e71d7e3e1a98c31b7c34122a936935967babee8c93905c3a
a914563d,128174,89aa48f49baaf3a5c717d0f783cc6879d0da32243bc8e24b07a1e41e95a1388b
a91aebdd,71788,ef5a7471c412a84d5fedd2064a6b0069461dbe940ea05bab53e68175086c5e1e
a92b595b,96563,e1e683047d680866e4c5909869716addb5dc4f933d5877f62bf97d3437b3803b
a93045c6,98750,fad5eca942042d8c7384802ddce70f3520191eabfe8eacfc54ac43628602f292
a93c7771,86077,5f67ce8b071eb4d6f2814119fea72decd34ee809fbbc002f3a62d53a57fad48a
a94edfd8,121378,d02cf232eb8f9a575084e9a6ded1b0c502d0e856066fda54556626c1d2a23a53
a94f5d16,110878,c7703d7fde0de13e3af5b018ca6dc25ea5ff126d8d0911b51b7696b287604d30
a9562b5b,98130,e16c7e1d3bc0e8247cceba4ae22307398f5c1d552d95785ef73826f25162cc5a
a95cbfd7,110559,49242802fcadc0af9c41561c796835677a355915083e69c9271c9fddedca0dec
a95ef6c3,119721,72c216d13ca9cd372d5c56f606704a6edd20576ccf1cd5995d9dd2303c805dfb
a961ee9d,77637,0f5e458ccf70c937d6b4a009fadb8dc9c2d7328d9d7477f822fd59e140e45db5
a96a2132,120739,02ffbd9b0226028d29cfab21f59993a8f6761bd9e178526ada3eaea946d5fa2a
a972ad5b,83015,2c362b25491846733009af986a3b0089480e960166e7aaa7f0a6d3989f019fa5
a98bd57d,117457,caffb8c960e3d7892e17766e700ff2e1760fff1994c50640126cec5af4b410e1
a98d432a,121191,c34134103a082f5c7d70918c545965e786a5d320e06470fe66b7802a212151c2
a99ae842,84419,bcdc0bf0fc7549496fcd2661535433c0e4f7ff9de09063765e69dceaac67a3b6
a9a91f15,121489,f48f520410c5dbb4de8d9ffb6eee76df7d1d425aca26dd9bd1f9be85a95a0738
a9b21ca2,103946,6bfa4c912f1a5a4b7b438e2d4fc3ed54d6d7b734178ff4d180edce5f0121a60b
a9b3505e,398767,a892f2e59019d98b08a96cad279cb93821610d7a61645c88921a74894570e95c
a9bb0784,95608,9e481b76677870dec99f5d42e7eb2aa6d3b60fda15110d5cdaf6f285128ec897
a9bcdc76,83487,95f28ed349f727c94120a714e7000b2c64640bb100121ebcacd3cbd5d3acfb80
a9c967f3,97573,156bfdbdd6293cf4b2b32185c1be0fdf712b93f394908369ab4706d5415e1e14
a9cb7745,70489,a0a65ce74d5b616ca931f38d870b40c670be7862304b6c1818887bda8ed99bae
a9cecd2c,340766,d3ae6d1ea312ccbf7cbd159790cae8872d5df1558563b6aa9e9363b1b898bf86
a9d011f7,124569,534f1c5880d7f2bc2fcb3e01a4f9d58943c891c85fc96508f452f1e03c5af451
a9d24837,80156,8fc4a2a017394f7c5aea7156162cfe29913e0ced3b78076a9e9269d824f5af1b
a9e65e15,116982,ea4a97fe2ad91632e596a9f08688ba741d16b271c234c44f8142650229f37b00
a9f3d096,108981,693e4b25de302b00856f951ce337e1d115963da0362fbc1d3c2efac674a3867f
a9f5b04b,111099,ec6472b43f5e321240d66bf779c028a8163a8914f05cd385314efc714fd89ad4
a9f9c882,139708,c62bd32d17d84ae1a7e55ba9fdb00a806d00becf9822c42b0a715891fea101a9
a9fdfdf6,102595,a19c7c9ba112d1a2247b2e49b173760c98c58e04e34ba3afb94375a37f2b74b9
a9fe250f,98378,d067c29cdd04795d44fef210851db67b318c7ad173f09f042f9f791abec28457
aa04f9c9,85515,714a3e40e9dbe2e27075f5a4049dce87ca671ee2c43f16aa72f2c9165ba589b0
aa07245c,90407,3f50e582fe7c2a3b74479db3a0d05c87e2766abbb566f8100677db82de948454
aa0ae994,93811,62ace17d5c3b4b8f7c857730b9224700da9369bf4702be692a213dd3b72d13c6
aa1d0c99,97710,6f18c7e2e38a8f89adc0cb7509fcb82785b2a5a50202457bd66b6d477f998418
aa1de1b4,79190,c568dabff211fd9735a45bb4a5864dfd84ed017275b6c420db115c351ec1eef4
aa2116e4,75469,de8425aab03548c9ff04c733a92ab2bc0736d698213514751d46b00e08e03244
aa27c216,76452,ce7cc9dabef39831872f3c2231914e7efdd8877b824163925fcff8986d94c05e
aa392f82,425493,2ebb536d84c7b6a970a92ffd0128815120cbccbeaa14aae2cea3a945bc2d1fef
aa3f615c,65447,6a5a2f11bd45634000ea832257d44c9244c2cf73a76e30db2ca14b4d4a5c4d8e
aa472820,288913,c62b542dfaf19b9cfe3a24e292208ee8d8a6589d4ea140beab1815626ef80e45
aa4a81a0,1550504,bfc63015219f4f419bee1a484d01d8f445f1ad8aa3990e55f6d3b16ba61311e0
aa4de888,73829,5ca060e21c1ec2846d896ed00d9cf7088afb4898254a60566dc3b023905847f5
aa566922,95135,cfe0a568636766433cd94e58be7d8e0e905c5961e961a68191c8d9a4fdba0b02
aa58fee3,68625,f22bb5645f9a190bf53b6e685a856eba16be8a813ee54651757690d9930c4eac
aa5ad47f,72937,a42c799363b307fced324eca95b139bdf308a71159b41c038e7f881c7efcd6b4
aa5b1a3e,328800,52bbce671c13b672c1c97f265cf5a46e880b704e1e1cbeef092b18c86951f29e
aa5b3dbd,80292,ac32f71980eaf0234e1a10468ac8c753b7a796501cb9536a502311fa4fa319a9
aa67cb6d,53388,a0167295631da00d5f3156f8148b8722a2435e51dd10a73c4ecfac38d552571b
aa7f6a25,90378,dd78e689723cb5618457cfdc52d47b3a9b8c805bcf4fa26fe33c8ce77a2caf46
aa918b61,94839,b14aab4e0034ff3a0d0133ab1f199a4ba4b3889310246c5b78a0463dbcd8df5e
aaa13941,73869,460995ccdb5d06268d2bfaf62904032a767759eea0bfb09fcfc75e91e3796157
aaac3c8b,103932,4399da9a0133064a44ab2d74d78a5d268f6f5eca3e9f1d777d912952d325ef79
aab4dc7e,75594,90ae0eb3518d867228933848794b11f8c087ae8ff5fa9bc087165825f7c81966
aac63a5e,113037,fc0f440b88efb2a9fd16cb415cee44f841813ec2eb99736dadebc4ad18468fd6
aac86e44,70259,94f59071c292e772fdbad7351e1c7bd5529bc6323faba2cc7ef30a2b16b63448
aacc0513,1484770,75ba0f7d198f77652cef60739ab47bd6f3f0a127fa36f05109133793285de246
aaccb6f5,79403,4b20dcea5bcba1abc1bba0a3b3db10c453d23e1c11ddfd80af745df3d8297e85
aacdd49b,99243,260f9ca2b08dfe11f60cf97b2cedbb40622b8527a9b414d6ab035eb499c5abd8
aace4966,92981,7295b5273a7f69917256a6594c24b8f49af98005c2d5d2ca02e028e0d7a4f66c
aae07443,75991,b85dfa3f4101fb9fd782e8bb9624de6455f30980d36b756500c218377ef042d2
aaf4f72a,2341205,d12e2dbb1dc12423c7c6f2bca8d9bd335a9cdc8949415401f0a2403e57b2b19d
aaff3734,122738,054fbe2254e6adf406e5f0944f9144a4e2f26f2b75da2de23ca1e524e684e0cf
ab04b2e8,74076,05b517bc55f7119a353ff9c5dc2e23535242bdb83ccb2b84b5c82b697b6fb638
ab085e71,1187684,af9e8ff90348f829e03cef6dfce16388c39f6b0f2fe9b646e009cf80b5f8eee8
ab2dc7bc,57071,4c86e5d73419130e3e169f5d9995131e63770e853b12cab82ad01ab45a601eb4
ab3001e0,111412,b5e7f8bc2ac743391f63214b65b7ae9bb437813d3417c96900c3d65a699014e4
ab337b2b,96428,3c60b337af9585dfee7b50a5626d121bc82732f842a78525c448703be3caa763
ab3766eb,74262,7d6f52c184ec4517c91a4cbbd580a317d7b05ea8a77e23f5ce0f7a3a7ee4e047
ab46d7f8,50156,69e6136e97ca46ff7b30df3afc3bdfebd42e8d2693ea0b648178b15410b91e02
ab573647,99168,3ab26a8768ae0fc525ee51159fa5fa7eb4ebdf35c1c03685398e8154f6e12602
ab5822f9,114151,bb12758fcf516baa84d8712495ab8c05df3407e8494242c06b124d53bf57e70a
ab5f9d23,98002,7a16d69c929ef8dbb3de79538ab14838e9d81310d340de83b3c7412c874b4225
ab6b9028,79466,7fa24cab767cdc607c698bf67cc90615071540a38cb994139766d7406a798f66
ab7dc0df,80662,c72eb6804f5073ac0bf492275f155fcbadc383c7460832bfb1d5d0b9e8d6ba68
ab7dee82,100922,c2efe7a1d17ad14147673a264f51d97b8fff2905de4c4fa934dca2fcd9de9162
ab8cfbb1,2094361,9b7d4aa3fb6f710976479f424a3597367464c3d2fb3bbf8527b5415fe13ac33e
ab993cb5,102739,52f32df30ca4687a7020a231f39f32cb23e815deb053bdc981164d8539fb5e7e
ab9d405b,81395,5c4e1374bc380021108c6008323592fcbb2583561512d83259a4ef1fc92e85e1
aba0de87,70115,d7c8361e01f977dd5011e87f83a7a136b7e1d82aa52e278322ae6f938ff80f66
aba4a0db,108802,04d9e7d6bccebbf450fde24ddaa5a26a1ca50d5ee6357888fcfef22b90853303
abac8382,77920,f524fe1c0109e0cd5437660b3004b5ee892d54e970db1252851395e84a8197d8
abad82bf,93006,005f2c7c1ca63efd6b16bcb77b4dda2913d3db49d62ac6a3f09fc7ad59aa5218
abb5bc2a,71974,0c7a846e936975c7dacd705e0561b412ce561f39d8dbd7ea2667208a5b7bd00b
abbcf6ab,109372,465b79dcd76576a4824bd04ab7b27db764aa7cc878d80ec45a50e78ae5843d2d
abbf8557,89098,2c1dbd5e0d74a12eb595ef04367ad84bb0d72c46ed2a9243df826eae8bd5c88c
abc8b452,103378,02cb72eb37ceb8919e2c5e25ab826b30725dea6019e259e5a0b8d359a4ee320e
abd46929,839097,f5a1a284ca3217b37c446cdb036b3fa6073728ca20440cd6a3d7018710c86cf4
abd9e79a,75452,7fe0cb5c2a8d3770aeca77bb6bfd3e44eff7699453ccf7f1448fec2d6a9fc3e6
abdd9acd,71992,e5408e403bf060ef96c200f456af2fd8d2982fec332823ecfc6b67afb89e5de6
abdfc216,83357,5baa291d25c30b056940966fd08dc92caa29822d7e592d96a06415c197380b87
abe3c48e,109727,78c4e967c53a5bc9ce0a4b5611aa269685fcbb5af4440824b1597af60bd85808
abe52cfa,102673,54b2e85d8b89ef091cb0f3e91c1a30fdedbb393effbf4fd61988a8d86ad10d79
abe99363,87932,0467f3be1f49f0e1f8c6fb7f28016de773e2cf481def498653e38f6381f35e4c
abec8c85,103116,b68ce29f6a32cfb5db80d7ea45ae920238c2006655ecfa1d0175c31b05d1a9dc
abede83c,99157,a58556052aa743c00e7842ded2fdcafe1716e84780d4584b1ae9cce675fc31f9
abf63f83,79436,72591a7fe2dd76ba0ce2414f3edc5e7b054b1b8f330e90d49870efe482f9679a
ac0c1713,102192,ba693497f11542be66f9294eca87123a912ef22bf855a65c1aa7662868d90d7e
ac0dc8f0,542508,66a517ad5a49811ca9f4e554e267db460764382d009c32ea5c260dc5c9ca4fa6
ac149158,91557,0513f947d710f59b197d4a297cca0bb6e4df0c7d4b63b7c93b397799c659ccbc
ac149e60,77671,2ef50b971fa76defa9a156f35f63b0a4c334f0dfd2f6e2d5b6cb0ee297d3f186
ac18d794,104641,3c287025c4b7a58e9a349e5743e19271778f067527540406e92d438e1edab529
ac290a98,77970,eaeb06525603fbe505af2516e7a5857dd049e40110f999d3e58d87f97aa37699
ac2917f6,110492,9d8271d8712491a8326c7df6f0ae7d5236dfcf620060ed97d6578a2695df66d8
ac35eb4e,83007,2b91d1de76194c007b2acb497f47069edbcf1118f4af99bbbd34b61535e16d01
ac4ad35b,72585,d2439cf0d4a1c6ef48d680425f8d49c55fd58200d7d1f68f1404106b041fbc5b
ac5a1c0d,280771,3a50f0e4597529aadec24fed04e88eec69ab2a2fb70ef54c7da06deeef4c8b03
ac5c2ceb,82646,ae5a056df76f3bd3f11440223f9e84813bd184b43ba21a077b3761c3c76bc316
ac6227c7,116935,8c29fb2cfa6b5b60d9c2473d20aab86dc36364c7c173c30f83c4d165a3e0ef3c
ac6f6eb9,62350,43b1335739ad8ea30a2612102b6b938c731c7096ec89351a4e45de28a44efef8
ac730564,108198,c5f6d0d830d0a4daae90175cc2652f61709dbc2bf88a79913abcc065b014a959
ac785c41,78643,517278a7e60e74530bac985f0ab2104d7e2558e67cc7ec224069f5b6ec8061f3
ac822cdc,122468,f18885424d1792b568df1a24060ada1dee1c04dab807c7fe7b3e3d5fcc51d0bf
ac88bb6e,93900,710043125f6b8e99bdd0b5cf22df9f9943a8facb9a391ab1c4251ae0c4402afa
ac926186,99581,0b332f83bba901f30399ddfa45499ab3d8f253297167195199a16069bea0d2c4
ac9609e4,103979,3b4e416426db49edfb088265f7fee6b83f8b9cfba8c14b4eb82d38fdc658be77
ac9a3697,74233,1a31d307652721cd03b5a6466add8036adc04a6326b24c53c13de62c3e25ef93
aca0a570,373732,e8a96a80b4124294526cf231497b854ee52ab033710bf1984cb161e4d5a879b4
aca7a63a,112555,ce407f6c4066093ded881c4877a698e00e92988230328a30c093590657a6bfc6
acb08bb8,120239,addf612d8d496c6034d7379ee9281cde344879ac507fb16bc9a29c0925ff5cd0
acb41a08,94001,09fcf4e9e374336c4a126541a0f2b76595b8f28f562e76aa9780e001ba8937ec
acc63b48,100838,fc381dd0fecb12264d6edad611de0f88b17efc82a0286008de9df1a6ee344287
accf5080,85982,639931909a11f022ef2a1405bfaf9798835cb1a4696c7ef5db00623c4e94403b
ace37a08,66724,d0dd482239c50f7f297a4edc901a9d27b447b8d61dfa23fc66e954d79994eed5
acf2c3b9,685731,ee0296500bfe203b746142f2aba205870b3c0ae30f2aaeea624e568ca4766b2a
acf3b29b,114419,1ea8f71611fc8237f8713531ee31630e14b358273e4d7d0e90b23462d5ab59da
acf86ecf,115560,851b33a8af26893d379a02f532ce0397ae1c698b9e888df96469387c04af8b77
ad08f97e,86576,34d0952ca16053f10935881364b5c0fa64c692d4bd7c9088e239a4e8fd5b3052
ad10e803,66928,5cd27e31be22bb1c95199289b10762d66c1b5e93456e896f7a3d12c675219263
ad1f8b94,127919,9a1bd71ffdf2bb86f07d7836fe591f3af0424eb2ce9d3683a014ad14f7b4ccd9
ad2de195,80529,833a719e90ad09dcf81c0af00198af9ced46cc52f3f1a2f5ed49961832f0983d
ad36d5f6,103911,68de4b0157c76788cd99399a549e9378666a6155aee3f5edf2accfa3624aeaf9
ad3d5213,95223,38f658819d88bd551b3511371993941489a1d68b50e1fcbdaa049422bf60364a
ad4243d6,65639,feec360e54feba5ce41204c87970a2be70c037ce49f9b423d8b6e05409c37538
ad436f18,82902,1d9c433bc08d2d1687d1d382ed0ceb977733c7fd0522612e26498aeb21382829
ad468136,76731,91091521eef1e475e7ff74123c656fe36b61911f0272630999309fc6a95a6174
ad4cbdf7,82081,4e4c3f5a85b2bf601618e8e0cd71343aedc9b97ceeabfa57fe8030e9aba2082a
ad5ea58e,92380,cfe11e0cb3e58cf67a2d8ee4136c866de4c5d955a75fa86d9ae51929166fff5e
ad63fcfc,106122,bd18ac51cb4dcaaec38df5831a0a364e29b0af3dc3bf0f9221853dc8bf0accc3
ad67bd97,99250,e8876dbe4b9955b6ac60ebc1ad44c20c0994e5f7911fe4e83f868df7b6ba2048
ad67cf89,222171,57b6b2a4434dc3c0b78101bbff8337c84312a7013b4c224c9b9f19b373a0ebef
ad71c339,72042,0fbb500882569de9c0b2600c7da0e0bdb28db56bffb41b1566672986844fdc99
ad786c7f,1840377,3c04a3988fdd675353b434eeb993fe2563fdc5d58ffb454b054a3735cfc210e0
ad7a063f,78456,3c21d9ba9ff9090dc606b9da57df86f92f1c779ad93aa29dc56338f428d9d2c9
ad7e357f,99565,4d9d93dbd5cdd1b765225836df3c8b4aec604e46e15df929dd3d0da837b2fc6a
ad85d867,88187,11bad1ca2fd7bbab04101d66a969c804c4f757ca1d0108553651eda71e9a9efb
ad8e27c5,79893,12be0f64472fb532a8a90c20ac099428a9d93596a4732c7ab22f80de0a4e09fc
ad91203b,1610266,89e2bf7a7310ae87397676c0794e09445c4da11c287956fbc2df70c36531ae45
ad943eac,88088,4621d1bf505f07e6ddd78fb592d601966176d6ee7a3491292f9d306cb70ef22e
ad9dd945,100285,049cfe77d526ddec02d61c5d6895f0fa642d46407767ed4491c0b270a55fd5c1
ada263c9,77390,a17a20355c4b4b2120c4131fcc506f36f893d6447e681c16654c684a50125051
ada50e51,99999,1daea8d7f7ed8cae7e48fa7ebdf9622e5b26a0220d12b15dcbd0d7643654b9a8
adaf8946,234571,5c1edc0f55cc9fa60f947f6b701049601829e080511277db4108586303a870b0
adcdb3c2,55999,4d4dbe534bfb5537b9ea5398129e529d9ac96d00c0bca30ac5d5b12084077c96
add1d860,90866,13480ec25294ed819d5bbb9d6effd6ad08f5ac3d35dd7c59069e76d1f8c10640
add466b9,85554,ab31fbeca02befc78c44a5c34b61c865ec747f0489b1cf5a7d77e03a3c7c97ce
adeb627a,1380601,c249a4e4c9610e77d7d80a252bd4b49ac0b46735ca9d00d7dedf02acdc2b24d0
adeff92e,90655,906c005ae126a14836cf39478cb8968c0e0ab8d4a6c08c4068388cbfe400e6b9
adfbac88,117781,68bc98d849ea40d4d3444afa165d552a504e17b716df3d9d9c4227d560e43f23
ae042101,106449,162d519aff29a9b94b550f9f18b509259dee38f5e5f5b79acbc22ef23fbba440
ae1397d6,88220,fede45d8b49424e5cfcd6a7c49d15dbc7392b0dca306a8291638049043964c3e
ae1681b0,72942,2005a58732a0ff6d9a24c0efa25bc98dda91cbf8111f1a2f2f356fea0f5ad386
ae1cef1c,75571,30f036bfb3dd93b46b839269aa4de13b71d9f918e2e4075e0b96ec4010ae4997
ae1f5a9d,95144,628615fbf6feb9eb8b25bdb458ae1e9b7c7d323583168eb0881d3cf0f96d4bd1
ae25d186,115928,7c83f1f9e1675ee30c6e891cadbebd58270ce54767796c975cb03e65ce25cc3a
ae260c7f,348695,3c98df48c580d881d4fd8b4dcdfdfc7a55899369d0e413753c8ec6918bcf131f
ae2b128c,87987,e9ae345489fcbb8e9a28f05bd546e98608ad0f76ae72dbcbd9cdd03a2f476608
ae3113e3,91630,8b7b2f08fbddc4d6f4ac56ae451ca83afe63298250e4927196c9add74b30a8e4
ae427df5,107431,6797c3559e40ed83e02907d09aa75b88464c475ba772061732db60603db2ed71
ae5576d9,82199,c9377bd9d01fe3ced71e108670e5c72f396cdf2a02674a4cabe0f344b453bf8b
ae5bce33,72964,ef0bdf367730c0d46b4d92c09ed0656729afeeb92b854338cc988f916665144e
ae6b9356,69310,446e0dc43c9488f73edb25f63207362a1543cea70f0b2e188f3792e91685a880
ae72d07c,104172,04dc868e7cc067282debe5ddfde10187a77e53c251f253d47f7dc4d36ffc7dab
ae7720d6,99768,a9ea0c76b68b7e3f7e9f61888e6de779fc77621818cd12d42d7465b6e12d44d0
ae8f451b,110014,14972074f4fbeb5ef19cda2a7e22399c5f90b87fff8eedef1a64eb6c01d6d3ef
aea8f6f4,84378,1a889a8c3b0267d437dd9c85a09b9f25192078cf828870c10d462744430b7935
aeaa7a40,102353,3682d84b57a56ec3eaa5fcb5db3aa66eddf1f39aaf45cad64cff03602782738e
aeb1b5ac,75373,6e0222b4e65ddc33d62bbe537f65b68f0a94c9fec6c0572f35f9f5a3805529a9
aeb54320,77645,bfd87116a6bca8bd0f63dca1ca41365ce03e1d17856fee5d563e2cb21f1c4599
aebe65c2,97178,a57b01eb1c1bef3e5e47992cf805c1e41db76b790c7e74b8e7b8fc62fdc418c0
aecb1abf,65227,316631d38f668aa7378770f2fc87d337f6c88ec116d9a56e91444db65e7c1a44
aeddf823,71646,3e33f649e42be1e100df31c1cd98aa000496facea329797f33b9d3488227718c
aede092b,1465110,c1c9220c679227e29fd18ac2cc386283cfc77ad92cd883c833187314b05aac7e
aedfa1d6,83120,f121519f5df46e834f1da79587ab51343b84ce16d876d0c63df9f5218405a79a
aee035b0,137311,4515c836cbeae3067febefcf4f209d57c76e5c0b9cf408540a2df60b6420d33e
aee58ba1,113295,61800575368f258d03089af6a6b43c50be7841128e9647ab495520b7178a267f
aee74520,93489,1194848fbd0a9c61b645a2fafeddb7824619d69c5c7ed208a08e46f01fe18d72
aee761f4,106985,23ab193a4610e5c70eb321eb910b81d08ae607b5dd1f844075196d37752ff965
aef94aae,116559,b843a72351dbd8989f651ab9c64d02611b10205b97c6b7ed104f59cfb75b54e8
aefe9b60,92349,e71cc8782eca6c924a2de8421dcdfcaa54dddb37385d3e3deb1539546a85e098
af004343,71240,fcafb3e7e8b8bc994fa3b531a965e61c95c5b37ae8e92414e2a34df5c7aad15a
af033f9a,82569,d4d8faeb032af9d71801887f3b317bf70592ef6ea858f0ec35a0ddfaff222aa9
af0834c1,112824,68dd998f2924f7e47fd6856c7aa21aab40930dde694832915c13b5015e0cb1a5
af1106d1,266312,e88a7ebc2050c4600d89d85c727a0c767ee7ce7053b71f15f2b1e5899bf4cb43
af12b56d,87221,62bc8f3f91992f69af4000d0739035679f8c3f4ca1a6f73565215f410f062d56
af1e36a7,103990,a6a7ed2cecaf60f565ae58af87758e9d1da1a80a5809ffae3b65d336415294a7
af25f1d6,103812,94b891f299e177f943338cc0e99d5b155770b90d4a5d468eaab5dcc8110b2df8
af2bec41,103756,dde61095936f7c3b9b44731397ab4ce46d3ec480d073eb3fece7f04426190b55
af301a68,78226,eef85244b8f01da32fb6d0a5712765080451d88a3775f20ca062db4741c8c010
af446d7f,74306,771be7ac59e8ec7b53bd2e38e4e3a8da13f66f9ea75c9b3e71077ec3301d76e3
af47dadc,347068,36436d2a396647c26b748cb8f22db44c68e6745fa52de043b9a7efbe61890b2b
af5f02bb,187611,b7bb7440ceda553a0f867d6c07151f45555296906d2a12dd28d18e3561086d3d
af691b79,102006,48649fa2bc7d0fe5cc3f3c4fbc30f60c866ccdf447f3d1d1571c1421390b2a32
af7d00ad,76295,590d9e68a571497f9afe191ce7550b99caf1ad4584ed85821d723982acc03851
af8450d4,108994,f4b80b50524706910ed18fa401bb7d5ade7790a97fab36cc0783868b356898ab
af86fc4c,123637,d5b0f778652177037ecf78aa46be75e29af4655e92f2331adfc99ec54be26dc3
af883498,106586,cfd73773ad27e67163f877d6d1ad66e99681d35911f3028bf14d32fe7b4d8c98
af88535f,114504,a5e3a3ed1933feb826b0f3908162a723b6e51de63af620dc8e6764c67db6b7e0
af8ed22a,75469,cbbe4f0fb7f1906c4d97c0f2a20e396c04e06655e6d9b704f5f859b89a7855da
af9b4d12,92132,6e244151ee7c0bb95e3fe26f74650ba2c04b52ec2df6ad1e7d9758d56c6b3cfd
af9fa446,80211,9e8bd838d25aaece060dd0f5c065ea91c51bf7a3c1b90f2bdc12abd160581e56
afa8bdcc,116911,f152ac640312ac608fb5d72045c87391ca7fa77fd178fc4017d3ceac4124fef6
afaa5998,89602,32f615cabfb06ad69d29f4a16f203c49c4bec11a0dd73f0bb24f2356e09b286a
afb5ea18,88520,d3e1bc3611dc5931433532499228033647cbf648c2bf04914cda28750639ee64
afb862fc,73099,f2dc36433c4485ff6824996a4935b10f30950e97a9b8edce4771be3469aceca1
afbe6d05,100456,081fd2ca9375fc6f37da6d504fd8cde33acfc8bbc9962eeec5f1ecbd044c6576
afbf2ba7,76944,57671e80a1aefdd1875b84563039114361e8f95bfb73b29f531a941c5e4e6edc
afc27fc7,365142,406195761dbe308a105be088ca67b3a189eaf53c63c8d461f40d4b3e59a3e353
afcac8d4,73813,9224cd570ce3e09072d85a43fdfe91f5226a912bf0b74f3ffbfbeaa3a51f1136
afd28e77,87640,bd4ef9193c5370c7ede1f6792787b572cae4f0aac79719ed4f045343e2b55f34
afd82daf,99299,ad7e88faf63c7139b497936f1e31acdc0ca0932a401045470a038b60d8daa680
afe04799,100902,d6f503d1d0ed3bde173c90e3a2b7da02ea1d3abe7efb1d0d2a86fd8289ffa0f0
affecdd7,282478,1bb830efda86f3ef70e951c8996484a82227e7b1f8ffa947e5d1d53824ff6eae
b0006acb,75456,8534bb44755ab255af833108a8c988c3aa5d48b4a9145e1bf91001ac49ec7343
b00a33ef,2807347,070b0422d535d5d5e4bc9f96278c3c6dd16c3c57eb3cd331efbdfb304d2c0ac0
b0157b88,112014,b3b472b8bfb799fa8ef6b1e781175423a35a242c59d5f0648244488f8b87b69e
b016fd06,468893,12fa7ef7c4ab20e2b13a7699eb10c6f5d17b8efbd5f1d1706a8893d082d0b373
b0241d80,71000,88a68d39ab2217725b5f5bc5966d59707a7cabd7077430588c7e8fd229abe56f
b02435a3,64171,ee07bbf8fba433ecfaefe3c20dcfda9cff8f798a2d1012d6a4b68ab25c939cb3
b02537ed,130225,1fcd51a8612f5c46b09ad2e2893a5d5405002bce4df95de2ebb8b82b201b38e5
b02652bf,87213,a3109c1e0f9754580ae59b362cb1e85719644e98e507db2ad627caed2e4623a6
b0315851,75959,4a5158e4ee8389ead2b3ee41ca2acb5aa7f7910de147685dc45dff84955b1734
b0364fff,88318,047d0b166023320fee128f2605c879d1864c27a9483a97d767e9b1012e060414
b0381d90,112494,ae710c8f76414ccdd49c1bb8d021dd86134779781b94ed0f83ce26e7f5bd1351
b04119d9,2086635,9a235e54f81cf13f7e1d60f7f2663f423ba6ce0eb4daf93f2f7b6b746aae540b
b05af68d,87341,3385ee25fc2ced856760329f8b2d0b111a5b868e150236775308ea20ccd2fae8
b0657862,93735,bb86a8774e25c47ffe7620066fa795f77f4969e89c6dc5cf4ec1fcc42e5265c6
b06bfd1e,93283,39f683679034a34479e55f6cbc660561b1d890a48b4105c0f432a5e9b1864f8d
b0729107,82527,74130d9560a319921345745dd3193365e59fd8552fa6cbcc5ca053a0b47d4e91
b0754375,98110,5b59566aa265957e3f162a53405ac195d6c7c6f0cf12e0b6c0699aaecf5906bb
b082591c,101745,dcfaec8a585c3b9b6907df3804fa7d0f221efdd63bd57072ddeb2b04704692a2
b083e0f5,98110,1d1986991088840aaf08d7e207ec4b742d430d74e3a27d2575254f4ab12c6ffc
b08fc345,73461,bff64c6b538aff71e16b2a41d6d84f43d23df500ad53034eb2b3d10e0772da72
b099fef1,68727,5a3c5cdf61187adea21f850d58d173375c265498fbca869e9561a4d78c95b7b5
b0a94270,62594,57404b9e8e8e5731781b0507e35c7f1d58cfdffdf510b08e70663344648bdd55
b0ad41cf,252100,2b0a59cefaaad7a036ce0615a68de45645943c4761e49e63eb2a0a05eb6e08cf
b0b79945,102298,2790450f623a29416b986746dfd5769c9a99f642c4e90d249e2fb18cf08d87e5
b0bb8cae,85873,e03562e44c3c8846d70beeabe81f91b4db6a8e403b3e5556842f933ebe32e501
b0bd7fe0,352891,a6d6890d77226184b26d5d0e6ee50309fff2c97c4737e3be88d1f8891abb3d98
b0be691b,100746,0a8c4d11d92126a067af8585960ee5f04fdec4e0792563b03b7f6da6c73ebef4
b0bf677a,658152,fb81ef8997f20abdcd610aeb16e4d659089d246b3fe764ac81ff86bfe2991348
b0c593be,66125,a4d255be8fe8f52c49603bca67a2960f9b8032cb3a114be2dd3d4173e66f4c26
b0cce0cc,108495,cf930c0676b91c571c3339c3b9d21be868faa71d4f166bb50c09809789f400d3
b0e30714,76594,966def09164a661b2628ea4573e350114a881f69f71b790b5c93c65375c62dbe
b0e9e940,729101,b27312432408ab6fa77e981dc0cc39bfa358397f15a8de4126b2ca66e16069b5
b0ef97b7,87952,a2e22a5f34dcef40dcc0bee6b1b93ac7cc723fc301858d9f5bd867d121cb424a
b0f57080,103555,7500b5f6d28bdd363c043031a8eb90fb3273fb261ac0a2b4b8122013249393b8
b0f67bcf,105714,0425366c29e648205c1c0f7083de141c856efe0e2425370be078fa30b5efc07b
b0faad01,98881,038aee23cee7f6426613c3629affb11a7aa16f7743db72fd770cb51030f87d40
b102939a,113347,99a277694a6f636411bc0df3b0e353bbbad8147494a5e2d3ae3079e7407ce8ff
b105898d,111696,a1a35ac5504a5c0f8bd83681aaeebeaf7e9c9d7fa305a054d8f66e101e6f5158
b10bd8cb,116927,32be071b46028028fb0372609c492e85d2b5b557b7bbc15076bedbe4003cf86a
b114b48d,106897,637daaf60169c9eb438190920bca7a8947dfbe5b59f77d0c3baacee1488aba23
b1211c9f,93913,0e0be0d6c5e28330ac1bb785f2800dff17748c06c064e4c6271ccd6e5b4048c7
b12e5e08,109464,db133bb3564e3327ce02a72236510a2ba9cd04b8efae340ce1a68ce5ac913ab8
b134c584,350049,302f695e7b56b8d2129442e1730dd831c83a652d1f532dd044b9760fd7e1b669
b13a8b4f,84244,cceb560918e0a9cd306882382923b07c8ac0117ef79cdb4fd71795454331c4d3
b1476903,293464,11b1fe31d03d9ec314860249fad254d7cc92e88b99e8be64ff359ba5edb9a21b
b1496fc9,73765,14f5da42fcb3eb6847c40d38c8583f8668082b30d447a89f77220e691a7f7b85
b149b471,73194,1824d32b462338307552ec8bda78d0c2520aabfcfa0028ac902163a9212a4a7d
b14b3be9,118928,f08f5a34b9e4432fbf151f59fd9e174e8ce5458e55643fc9f75b8b46f51e9c96
b153107b,104932,9495d33616e8d67863a99f9d1e4f93331203ad754b894770654ce13e6cced4c6
b1587979,101551,728cc636173c5327588984a6881f89627cbf5d4f821b47ebaa0b49e90a9e21b2
b159957a,98672,5669ab910581f45bf83b51500daf1d47a10b99e8ea9ed932a6cc335e0826911c
b15ea2bd,756830,f9512ba2c3d0dc1bad72dd091063cab4048862980dcae9be6c8b088c8da78b51
b18806c8,101473,c9ec97bb415fba7877d1dfa7b6a0f3a1e72fa28b73103e8641fe4022e4c26e8d
b19667b3,71602,7db1580f5b476572440992f97ec5f0b2eee059f53056016a1cf885dbcb10eaec
b19c6304,93623,b7bd8961ca1e626486458ea60f0ea6ba85d624987fced44736b3108ab5ff76d3
b1a24f7e,100250,b2ed0da09ca84fa5dccb7bb21a5b987ccbac122c4792048702a76391d60b2e72
b1a58cf2,106986,825ef4f56a9ad4582919438bd3f4246e08791b449a2ae8ba7bec585d56435b3e
b1a8b84f,110435,ea60857ebb55273c608fd4940e256a803a5a93c888e6db1a7b6d2129efa1b791
b1aa68a6,77473,c05842005d649561539a17f246fc7edf43937b2bb502307b2b4744f5f38ee33a
b1aad2f2,77319,c3b78920621637c1a2ff19c84ca6bc1a712d8f6e0664c431f424031a47c43e5c
b1ad8837,108630,d0bffe51387dc35b86953f06275f3557952ce37c38cc34e64d9566adaf8a7ec5
b1b21b27,132372,eba6ad199d920ae979aa6178d425e0915e380cafd260eb5e02f6791a7da31df1
b1b7bc0f,117629,b632a328e22f5d6d8a18d5f65388e77046d4df727c21ed3f77af4ad920cb77b8
b1bad2b3,332763,787add9badbd642fc924f99d78a4bae1c1b47d563fd16c261503d2a3d54c0396
b1cac752,113521,d9ff75ede3ec1e08c0978e94c8036ceddae62f38b6ce2cd1a156a703aaa74005
b1cd3251,95985,e126097ea2e2a8b0955ffcf97f27008aff35389d26db28a348b7e6bc5ccff4c7
b1ce1c28,98386,8c37765150d4f143d5ed2777bc8047c2e9e0db7ee974546ef740249b7904f1e6
b1d1396a,77431,7bf5969e3b55a2f88d3bc901a3e7e9e4065ca02f664a33140aceb108806d148f
b1e4295b,695926,0b6c2eb9cb47e9a03ecff291691b4d4d8c4ff908f585bf1e0c1a4654be6ca2f8
b1e65c6e,89307,ce4d9eee7245624cbdd73ac04c7c12ecf3eb559f308e5bdca8bb38b3b61a3a22
b1edc480,66085,ecbd74230b1375f0f54fca319b4174680d10fc21320edccc806f5b509a14f3fa
b1f8ee31,105270,57507bddf65f3cd54aece28838f54649344d073f57c3bb16fc7b9d77b2a8f0b1
b1fb25f3,93008,e49abfd7bf4df16d24d94994cdcf81230a6a7611cac3e5b37a98f57fe74c5e60
b2036a95,298206,9e5ef09abffd0f99562a748dd494364ff79291b0f40d8b00871d5c2b7fd57601
b207b9c2,85636,e49d1fb19b6353851ebc31f350207c9dd90f7300db5ebb8d7afa1af50d2807ae
b2188e8f,97402,09dd5795a69300ebce5ee8c40bcbbbf861a2863705864d00103be5c6df87294e
b21cd40a,85055,16f94d0a97c2e8369e49622c6f75f044b55aae5f9f158247ea346490c3e80a8f
b22e7a23,82966,8f8c8fdd00fc3b46ab19efe7ac41ab4ca809015165bf98278e0bd4c8604754e6
b254cfdb,86670,8793cfa75f648dbddc89e1da2e366de10084e9a9fc487bebaa93095f761468e5
b2606800,2183123,492a30992bd7c2c4f5fea4614fb438882b531500d489ba1813e32640770b9e4f
b261354e,106422,301d5ed86ef0519304803b35ad003b89200f39439e370af691f180f1b24cf91d
b2671fbb,83102,9445c6d58aa9d0042fc42ece23d7ddbc1be73b1981c40ce4a1fdee314c161be0
b27adb76,67694,ea7924bf4adf6aab8ff60953dae9b4a9993704cc3b6a4f69b59fbdea27b8362b
b27c9c87,106609,156e76f74bbbd460ee96a86b4e2a84817986ee24c4f8a3193b44a3853051f5ab
b28cf9f0,68455,e456c16dd6bf51faf247cd36f0742e097c51ab3c4ac792f236724d1d761221a5
b29f5252,243184,6f9154e2346f51a46293b0a1c65e07a89f804cdfa7231019fb14aad00256cb82
b2b383a1,81547,5df76f542382b2e47dd472105311725abe5789b13eaeb94f51dfedb5ab8293df
b2b866b7,400748,681cea48a07e3263224f0a72e9d5244d17d5c8b807229f7e0b98e8fbc74b7256
b2bee1c6,79250,0b0b5b1e5ada6ed6aa31b03d5e094f2e00d17443232d8599b0a7740dde40b31c
b2bf3c77,113282,3451f336581a154faabdf69e3a2ae37b363d1a3de0210f9d1fd3c8cf785160a8
b2d48dd7,80138,69bb308dece5367020f8ee3b7d1be7a9ab6d572fc751f9925d2d85597ec33f15
b2d52573,1011393,4656cb9600f25680a57598dedc6b2f433d6dbd4d2f31335ddf41c9d6048afaf6
b2d88517,110281,42b3e21d93668dcd23e98329c53525bd73d4db28c4a157282a2e5c8b35c7aab9
b2e1a032,123188,cdbb8d6a738c3d0aab74f19854687168b72467ac040c829f27be8b693be13dbe
b2ec2d5f,89168,59b02f420fc75377eb469ee643d139e547b998a432fbb3323cf4aecf5127d52b
b2ec43a6,100007,2ccb6e51a43fa81c23705a164b35c70adba16117f43cd02c482e9357480ed639
b2edca20,76773,9d688d5eb04a59f0a0b6049acfe03d1554c97dbeb15e2f0c072d35d19ffafdf6
b304778a,80577,3616f134e37549b1bc8c2f966b6f59176c57465eaac488948f5b8e052231cbdc
b30709a2,72613,2cee42e0109c865117aedb82757241ba0b6f9d4d1374150110789f476469a625
b30dc716,74778,8ceda4cf7d6a5765c8b9511ae5b00c5263eb8eab39cdd8496231aeb232def6ea
b31be36a,964546,919eb872e803287aec9a2f2ef289d9a59136c85cfbf1d98f73c04bed548ca7f2
b3235321,86388,22ef7f3c03841d1feb6deadfe7b291f7d78bf3c5b6fb052d9e74b047247ccf00
b335d7e8,82860,b358d1c06b9ac18937f5b42a66e41b803d60847b36bce926fb2bbfece8e47cc9
b3375b2b,74672,620366ecf4b8e51a29d3479b2477d7062228d693fc9e3419c31ecde129a40753
b339a1bd,93829,639729dc5526014825fd097580dd54e60ebecea99a085305a2ba773daede0ca0
b34047ff,121192,903f700c5b47c30ff0f93c487ad12fe655e15138922cebbd5d61d5a8ae0313bf
b34781b2,82458,268a205510d8ab03f3799e67d34e8cdc3a74d32835b4ae87ec2273104bb6c4fd
b34c47c9,61476,96358a7edf8702ed0d8db2152a4f647063525bd90526de9396ba2bdd015cef7c
b3565339,76592,5780670f174a3fdfa92daa45fbdc6bffccdff08d9e10950d90c96058355a0173
b3581f72,85295,10522557e959008e15bde5b2fb45232767cd6e82ea59762551d9d63fa415753e
b358a008,86777,74584b909068ce884863fb50e4db554d7fd45e967513216667cf22117701c99b
b35c7305,74017,10f0cfcebffd9572294585cfa52e94cbe389346b9402c9ec344c450019677f27
b360b83f,74463,cecba8abd4928c3c27b4f2f0c9a3d5ef55899bef0880ecec69dd5bca6872c2d6
b3648b63,90027,a796a48cc64a03b9520c4e272249d6454e7a40e76852ac271f0f9a513b1bbe0c
b36bd974,91899,3b6e86be2d822bea0f1e249f038a2b1c7efea5c993f6c158453f80495ed0075b
b37fbc04,135340,7b0c125b31730b708e585aaf0e26002a14f95dbaff8a3873ac8ef2eef8f5e3d3
b39aabd0,105856,d12a3306e66453257a9c755956ab89f4a1bbb734171961495889df15802aac35
b3a5a81e,91740,dd90a152ab7c0c4a82f7fee0c7973dfc62f65cc07806eeb5254871e9f983c936
b3a64ce2,80683,5dafccd207f2883f8f34ec206ab201e132468a12c45b89ca979289e58a6ce6fc
b3a82a2e,102461,f20a3921ae78d484400670caf7c68f846a93c0f2aa9c6bb1bc66b8a9ac75de85
b3aaf9ad,106427,8d944eb588bd13325efc75c91384f7943c2e9c5c13614776ac134107c9e0f0f6
b3b2fe38,91721,0d4139e5af7d21a58c1353efc3f9afa957ff2db17b316f8af106cb9e36a0aa9a
b3ce5b20,391703,8fe00ce25e82cfd337d635247aa956d23d9d561fdd69bf541442e7a358e05308
b3d86d89,111196,e146a3810158da43b24762d28088c877bdb2bc3d9edc1a3c72db93e347cd42e3
b3d91d43,99487,5ef4ed23c690028bddd06532c2a433a7585e1c53da995fdcf2c69417ea937d28
b3d95560,284944,0e3092688ffb71983b3a8c4f04a847fbb2717e7164b4af11cddea65c5272411c
b3dd08c9,100920,d121bdb4db96d9be7b36be7b7bb66c196765117e1259c2fc7c0312e72a1c51ee
b3e3de20,98210,3fe9fe4de893256fe29a6f2bab5721133291b18f0998c30769ba86d0b1b24686
b3f3aa1e,120305,14ff51044f412958e20e4a2626c147b090e30e36810f59f848f508246269876e
b3f3f43a,343375,cf815f05a008bac30460fcee16ff9a31ac932c4e3ae3ec3593f56cd74dca39bf
b3f7392f,106398,10b5dad99e5acbe4c42af197626001291548d627e957b1d3cb87c7b63014bb6c
b3f8040b,102930,a73871034affd4240b605d846075e3b75742fd3ff11f90ac0cbc9e536e40cd45
b3ffa6a5,102450,2731480f71be2805dd30a58889cc1afb0709f358dc35db74538f11fb45758509
b40fb99f,73070,ad5ae8e0eb7605fb8ae18359fa65e9079ac827f577678d76eb3a40d4c3a5119f
b40fcc5b,100678,793eaacdc7227073b2885f25479aa89bc8e5cf35f10290c8cad475ca09d444dd
b4139643,96918,4e48f15784fa4265598308ad32c2d0583aaa88813543ddb0af5692625f56995a
b424c4ca,106992,50d515147af054776ee59cfe343b91f1d56ff9d184c2ee27b6a25ff82e124357
b42524d7,90403,7298f1d2f4c5720874554475438deabce43b13f420c54dcea13821481105d463
b4353935,92053,12fa5224b617d7431a3ad5bb35f42616e9c88222a29ae0eb094a2928c8b0cec6
b435f557,116053,bac0bd33ddb82f6e9bda71d834e081d26565fabfaa11f81b14d360d9373c76b3
b43dedbe,447987,e8a022eaca5cceb39f6abc83b2745be2182bbb146034faca538c601a804ffda1
b442eb18,81468,7e24a836a97102199d1271fcd4b6f981a5ea98397396bb7e90573f91d03a6ee9
b444eba4,97044,5c1269e894d0465f108fd70b8c17cacb65f5343b735af066da8a2749c1aa26e0
b4450043,92691,0a24e9c386cb80095e22dc3b3511ce33bff4998125b17360e7d86ea398cdd06a
b44e2578,88495,b60b4add338bd0159913bfc257c972e7f94f13f95d7d4c31b69929b5f3b50a0c
b44f3c36,91247,ada1e58bf8f39098658b41ad4f49727c274a8db0293042c498526087d2928166
b45c8f4e,86504,da23eb747108cb2d1008ac24085576fb62bab53ee0cbaecfc41f730bca69045f
b45da70a,109030,af77b0dc540aeff9ff384944793ee95403f47c20932542e1c8035b73da04459c
b45f5906,99925,e3a9508257eaa701a996fff0fc7127bfb1874632b54f84c142b1e088c18b4ebe
b4674cff,60515,6a1dfe205c90575f6369dc579a7ba920d60ff898b56c12e80a3ca4c91cf85494
b46d6895,96884,7a49e05373fe1e3910c06b597facc358c576f14016c15d632c5901516ecbe8dc
b480b221,98446,3916552e5e7f6a475f95a9f06eea710a136fbc21fff632051fcbe4ed093bf737
b48d219e,99934,0272230b42a75b3de12a33a668a3d9de142c109060e08b88136c64a5ef8f81be
b49719ac,93518,816029b7b854f52a6a971972a7c6e96a2313caf9d0ff0e7a1871ac095ebdda63
b49b0d8e,108503,a1e91c92925b96f29f911b88a3434bc58893b10aca066dcf0b2992bd9d08f497
b49c08ee,98797,7045304a3781600e496499e346e35019a21595bad2f113f5577e85d03440b636
b4a2b869,89443,6ea92c36d0cd7004b9809a5c2fadcd43ee6ebaf83c934c782bad44944df72e25
b4a974e2,275728,aac2638806ca2def9b7e79a8d8b70000152018d97d78427c7cf0af2cd9b3d926
b4b52418,340275,3c8c6a2aadb3e48c71286b26bb3ef4585076bbe40fdc5a39de1fb2ce32abe3fb
b4b77209,86099,609b23823b27a0abdd8235e25d84de6bd496c97f73f4ca561ffab4f739d4110f
b4d91f2a,101987,80e0c1f8737d77bfec644d280b0adb41b2a04e65eb58912a99d9cda7a82f5aca
b4dc98e9,363956,dbbe8ddafd99c2c9f26cda8e0def4ec152abf69e3fe16f049796b740378c2cbe
b4eacda9,366801,c750d4487ef58a3a0b9f2fa51b496813d73e32bf9795ae4099c258e8383cecb7
b4f24b0b,90728,c11218999f08ee4ebd41de18e59829fc1fba5efb0d9140781f334cd4aa7513cb
b4f30625,115283,1d1566d62a739bad2e922a5c7c250244eb84b1362b64002c4c919a2c77fe383f
b4fc3822,89930,b4043ea0421f067d1e75c0ebb630a6c57bbc28aaef1f6184cf17fa64b772c0d0
b4fcd337,116925,2f6236681173f0a5775f9e9a87d651f44b56fbbaedfe2d97a6928b1ecd637f47
b50141d3,89997,52a961f22b7459f428a5333ab877d9ba308057d07f4e5b4527b1cc4e36999b85
b5254eda,536923,95609e447e424f96c2b6c88fe7a9048d8f86eedb6e0e63a61948002a2f1fa1a3
b526b127,100531,0806e65f550b5145ace5c6afd32e98c78c1bba1a9bdf81d21a0261d8cd962c37
b52c294e,87152,31a41a81e42759ae53566ef75d45f1d609fecd4446c3b1fc0e91f40bbb95a844
b52c5c72,330098,0863bd634497bacaa0c830a0b85efc6d1cc58eca790282e8eb10bf1e54ca6a9c
b5487767,96829,73f311e900ff03c1df42e27a45b63ded662e933f44a88cec8bcfe2e93490f366
b55b5159,73525,9efefbb96a5a607dbbb11bc6d9e5b3b3c2c938dd834844c9df33af3c5761c115
b55be11a,265254,217163dcf6ef4b584bf4f73b1c8dc2e3b739bf6471a4ed6a1e4fea3d9723bd6b
b56fb579,94862,846f6422b6db98d66f4af3701af2245ad9b01fdf31617fe83f537e2f5327e05a
b57b8c53,65319,170fe2cda97af470413bcb0e5d8a0c8aacef3d573feb8d2132e876368bb39a7c
b57c0528,76328,15ac36a602435ea0cbbeafeff48e93f56f2d3c4df072d9a4babe4fe8542e7725
b57f4bf3,83397,618287578d810ae33f8901f41aea666097697e67bc5403feb6b433c540da26ff
b5823c75,120461,869cc3b9d7df8eacb78605a6c549569389a461362a5bc635570690db5406f833
b5891c66,52972,826d6f9b4b7ba510464d11e0deae9d7a1a99dda3874a7458a7b5a45dd7179ed1
b59b8ad7,99647,4dd0fe396ac4e53676b5e23e852aa866b8e1c73f96afd81082271ff87dad5005
b59c11f5,80185,16f8479ddd97de6cff67c859e3ff7e79a5e25a6f4c0820b588d4b450d3efa160
b59d0453,96097,bd9495a619f4ad4f8f6503038213f87c1f7adede7afe7c2da4761555ce5ade75
b5a1c3c4,124987,feb66c5753c0fa0775efd533993884e6b94f7b5acb45bd43911b9fcb641968a2
b5a76248,105338,c47a97abc90588e6dd8a95be1e070124907a3080745e8c429444e6152d3bf973
b5ad3c00,74187,3d3c2fc7d574531b28148a20cd2a4a3e4bc176ce8570c0cc62a758f02d627fb9
b5b614d7,93089,009abd74f306959d56afbbf4d0575bb9bc3a8a85169e8cb499c19d0313577e5f
b5c71685,2469910,e038ca3f8652bbea05d065f0fa115de24243a44b643dfaf02d28f70918339040
b5cd1c82,88086,84ef1398b693ffdc51920a4dfcbb4c2bc650168083228763d417cd740773bd27
b5cdf0b9,85541,89c157922f42b675b4ee3a2b9d6483cb1abd88a9fa6a5e66a7b21e244dcbe2ee
b5dab958,80775,7ac7d9b26f2fc541dded8e17f8d8281aa3817dcda7549bfc0d94e7351d88d407
b5fdda1e,100241,980fc0e8fdb497902d2a220a9beffac67ccb6d9f30a318558e80f7e7e7f33dfe
b60789a6,92599,86e2f2a6d13cce3775877cd2949363799a1e2961f70bf38e39a8f705b00b555a
b60d653b,95333,a96882a9ff0975183aa432ba51f615ff1d10175e40f95f254b1408cf480898b5
b60dde40,86459,8ace10c728657e0b01fbd771748700367aeb5b230f965f6e50dd054a9e8033dd
b6156f69,92869,9988c20b35567b21777786453ec58b73297cf687d09bd560a0bf68fe9cda5958
b627df72,102185,f5de5b57c0161a36ad9529b0d3d798f7c148b207b96e31982ff17da5a68f50fb
b6383709,106449,24c9ccf18117e3aa8ff13e1bdb93774add54280aa5199c77979bf36daf6f7d8d
b640a3dd,115832,d2f89ecdf72a9416b54b8911a199735d9074eee9427b1fd5d03b0a120afef9c0
b6428fa4,176015,969bc17904f097d890333daa5713a2cc637c5bc6076c000745ddde062fa73021
b64fb75f,71851,9a8996a9d3b078d724d91c2b8efd834397dea056d3a2c1cbda94c7291be354ac
b65ccc88,90002,a8f0d7baf8e4f75100667d4fff56a93badecb851c37f52fead958d8a0ce66de0
b662dd1d,97963,c741b3d747b5a73351fc0f732bc399d68e390a7e6b0c9b3b578254f41528d663
b66c9348,70888,6199406d7110c8bd4b840d1e31608086dea9dfe94c1d178c039d6803c99b7ba7
b66f95ae,80430,a775e82a6b0660f1bee385f06cc76f5b506b480c65a4e10bd7c65eb3d597a4f4
b67a31f8,258022,d5c533de11035a66fbcd8fdd28ccf53117658a578b37341aad2eda824433cf7b
b6893370,332476,8feb3799bcd23fd535233cab8ae222eb46e6715244f2ad9b77d146db8e515c6c
b6a39b2a,87012,aff96112954b81a03cc1aeb9558b05dac9bc9bd8968dc16da97add2b937c9484
b6a72ed3,99517,ac54ff2e0d002206e72c25bcf8c2b2ed8135055eb6a9271be81b4ae22e4231df
b6b2cb12,100481,82c05938642cd6e78225c30097ca178fbaa962d0225f92b39630eda21a89a140
b6b37ffa,87240,321d842900cbc892c3a8be08fee01edda8cfda8b6fc4421de274938c08a008d7
b6b9fca8,112916,9ad8a7845bb863ea8d5cd4566f85a1eac0c29809ca7ea75bd3e13c438ce3a798
b6cd1f94,310021,d0635c7fd64de33dfd16d40bcd8572f300e9f3855176d53cc48ad5c201f69415
b6ded008,329884,ebfc9a0d26041f4687fa159ede9eef9f8d65d2460cb51893dd1af7f3b3b2149c
b6e2960c,97118,e610ea2f267f9cc1cb2643c3da875cd65e4b3c68bf4aa21999f6ae8286c6e961
b6f558cc,120108,da1e0ff767e16fb60a64b5f07fae0209b7c8041e97a058e1da7992589c8299e8
b6f5945d,99937,d9a91f1b1ae9d28eb2458f159392a3e1470c246d84d667c20d3f74d4c6de0bf5
b6f6ca99,84744,24ff862b21c3fec4ba7d6d0eb4bf9742fbfa93b435008d54e97afb14abef4b1f
b6ff634e,102592,a61b206583e9bfe7f090444d0908d8f1e82128c0d3d73653f618f1b337b43073
b7028552,529936,bb56525be7a1200e69136b29905787ceafe8f432e57e8df456571b5ee5f82f1e
b70348cc,100702,3b3487cef435d952aabd6e9f1e6ee1fe7416cd2799070223fa388189db3df4ec
b7073039,69876,934e9d3de851332402a07e90d0757099807c69dd2117618b0dd0c8f25bfe0678
b70c2836,108607,7fd1917e4900c2f87ad0602b46fcc978d0a5bd98aac786bccf7e5752c6d6cd9e
b71e6571,112990,c022e5b8328049469abcfe5aad6d4bc03a9680520d6eec3e4df3014a48d24eba
b7303537,70180,49acf8a3460c33b844f1578eedbd3ba35c97dd5ff673abf5a495c03dea859f70
b7335054,295424,32019f8bd25d713973d4ee9dc093c01508f50a483736ea1dc29ca348e3c41ee0
b73d177a,111863,2216faf0648470d2d7a09b04d4f3ce4e773ef2d43d026b3c1b658107f60160cd
b753bf09,78851,28e6846b99081a38e18cc4f3cf8135f4f36b2f58f1f84d8977da819b7be15e14
b75c01f8,85332,a104e2c5be61cbec41fe9abcd9c1cec8b2d6ebc965caf1361b28999dcb3790a3
b7709b72,73849,5b81acc829e3e4118cb374ea083a0518c19deda6bafe8c50443e112dcce32c74
b771548b,328448,2c1a7ded698e94d39e0e60cc00d4a2d0567c2fed02ae440f21123df3a41c85b4
b7829856,112165,6422ab8a261bf05fcee3b277eb3e984aeaa4b2811f2af3754b2bc4178becaa0e
b78bc6b6,102265,f0613a1a5776a3bd45cd93f785874a8cba703df8d313618dda5fb41c183f48e5
b7904381,126532,f8be7ad50faf7c4867d170fec730c10b0994a4fb8d5b38105551cb3f79e24ec0
b79593eb,113564,502e9f24c4fe3bd65e9ac39a722b144d73947bfe253abc3dcd98182043d6eec7
b7a355f4,80666,2e3bc244fd080ca6c2df28aefb9e1c42d89eaec9856ed3999122170de100caf0
b7b1bcfd,71412,9b173de0063bfd4020654b3ce83d4905120935283f6dc23905cd0e9f23462393
b7b379f9,2260292,05d7a66bf8fd4699c8e84fa1906b7409489c55d75e0d3455560b89a6b59d202d
b7b531ff,67836,1e6a5a7cb0a4ebfb59c7ffe0778e37ea28d4bb07458dbb99b79640a7758786f3
b7cdae85,91016,2273c4793201e5b253df30bc3bf1799dbcfc04157472bba277857dc07e618ef7
b7d1b9ab,105571,10a4d40243971c4defc65250573f8f986ca8806e1c4888c8edcdc8ead52bb203
b7e33e24,106573,975160304a66283c10efcba7f834a5336cbbd047c3a0fea97342c8c2183a7a64
b7f4465c,98354,df745a36e2f68a37d31c621275eac651be9ab246ac8bb8c6b5dfb46343def905
b7fd93a4,87329,4acb2f7b34f119530ea0d5f62a6bdba01bd4ee3e6642c5747d57a8d9b4646c3e
b8070a9b,89421,b89fada5bb2b4671e6ada379fb90e73b5f48eefe203e71aad7ab95967ae0a982
b80dddc2,74538,06775187fbab5507702bd3f2c29610077075ea09bfffb5980dea348d62fda1c3
b8102bd4,97977,5584ab3524af6329f9e1dd9b7d473e1c7723fb519729c4f06d65f070d3ff4216
b8130db9,78380,6f54d253711175e6280367abaf54cf457e68d5f2fd5ab7d1859617465f11df0a
b8144f8e,108576,678b8131aa2700be712890161f95d95002964e22ea28ee3f7ef093e2a009ca2c
b8196f89,76223,e097214814cbcde434702205fe36de648e3de35eef8a909a3da99048f42cf6b2
b823436f,269981,ed98cc2c2ff7f8f6db3d45374a7bcf1660485aebb0ed1093dabbd3ef1098ea4b
b82cfb2a,69199,9a31677958c7f9a2b29408078ff79a20096a13811244836528bd695093707db6
b83221b5,95471,fe1c9998db9e021fcc1168819cefdab6e57adbaa97f68581cef22969f1b7fe72
b850eb38,100161,ecb05d2ed5dfa321886f06f09aa8ade130d242183cc67aff204c90fd92791f7c
b86c1810,93525,2552db48aef10cc4d924d4e7c4592480ceafd51f26210dbd2dcd0a74ad92bd78
b86cf78e,76302,ce3b0ada44e702291cf5ec97f4a05b19a15b5e3788866959612f539ae3d477c7
b87fe589,111385,1bdef065c44e2dfaaee4ad8d0fe2efc66004dc1cb035326239fb9a8aa837d241
b88a374d,83743,16128eceecf815131f53fa0a868a9cd6bbc0bffa8a6d5ee93a0fb600290aa25d
b88dfa3f,103803,9482f73f3b26c2fa42447550668b7c7027bdd255169b2acc1eec26c78a321b07
b893c1a1,70386,0d6d6a45de91d74f53d305857fe4042cd2ee02b366dd095e358134d0cea9625c
b89b16cc,111059,4f6fff9a0fb3bfd138ee57540dae5c16792db4792660623db308b22807d37809
b89fd3e0,68546,5cc33f0355ee13e7aa3cec8d975ae3e08c8f3b431d2cc02253dd1f18ce903e19
b8b244e6,75036,f617f2138e2dc1102d559342b189c3e28a4d2d60d85c1b92f1a1088512fc366e
b8b82050,78639,3bcb2e0110027c1fb6162a409c8d95b8c81619380bb849150fa0bdf0541e9787
b8cbab79,104330,26f3c34ff20854ceb6280ace1caa10e762eca85f41794624c44e38f1f8e71038
b8cbbfaa,68785,b4b19cbe392592821a3bbaed707e42c7fdb7f1df763203a609ea0b206d993fc6
b8cd2ef2,108009,44f5dbbd9d4ce8952291a423645f17f20586cd5635bf72953ebce788030b8d70
b8d1710c,104974,1603d3cb59696064d4d3cffec407a9510e857bb668b85a56ab16a3ab47ca0e52
b8d1c7b8,94166,6fc7b159e7a1acf53ab75550da5768d88e493884b8f34a282cc485e66f116320
b8d952f8,89943,cf5063c85523afe01579db194f72660e2dfd53a1e528c85cbec1166cae4926be
b9036338,96299,60bd9aec1e9101a21b1ee85030c3eb55c4ed7e12d3c295f5e536d00d0adde914
b90837dd,102647,d965f55fd94671151756f0ee4828bdef776a7844f679fc76dbdbbe812ae67858
b9283217,84259,9a777c90d57f838cdda534e3d8170f44311760b906aa45907ec56c4b39cd0807
b92cf220,328087,2eba4ac86cbb09ebf929a806be1a68ed6d7d74eda69a5016c40e50af540ae29f
b9344a4b,98336,3ab2aa8fc7534cd7510519ac412f03c0d3e47b2028bfbd9cab35fd0536ea4f16
b938a081,75755,985618e1f1a2ef1e4b316e1b6fa68000050428500b544020817fcdb620143abf
b93ec9c1,297267,2925cc167ee424453457e309d63bb1134d52ac30a78397dadeb8e67bbe0615e9
b94105ac,79988,f545c03cfe43cdcd10b057f5adfff0df4478742e31142076cc7b12e8ca3e2ccf
b941b0cb,102982,0ff6f47b9d0318443ad310055d5828235500a2d81cb7f1d5a11de76c573b1237
b9481c94,95825,3be8ec17183797539c26a589e155523edfffd3e5f11f2bb8ecc272b283686fd6
b9482799,287082,9a8343c29dbd4b07d5719e45955875db74891e6795a2b428a2122286d77ec4eb
b94e111c,76747,3739db278aedfb8a5833927840aed22e138bfa5454b18182864b93c0abc694ab
b956485f,96657,ddad7d59fa2507dc5f9928c4e542a83b656608a3e3b1b7b0ebcbf511b92590db
b9680be4,92749,13c07dad9477bd48af1ccf39ae7a745513057661d1b6f8cf6a4b54fdfe693389
b968f6cd,96362,864dc4c4e44657dac14c190c1e50aac8614f090f984ce490445085a3a4f4b02e
b96902f4,346180,e8882be28fc844975bc45cc639000abfd672b579cbdc499d2e720f73e3f05c98
b96df369,79660,0dd6deca3904a201bdfd166483ba75e54a8a712bcce2aa47e423ba152599e86f
b9735d62,71094,725c4d4c33fe7bde8fda0cc4d9c67e8bb588f694959eb82ef7090fa4d2e00b6b
b9867d32,77531,b11195ec3f2dd9a53ca539d27b21b610fc4b6e97d1ea7e71c389f01341758df2
b98e80b0,95666,3efc9ae42bdfd44eefa6499fd174a9fd4acacc157757e7540c5782d4b4057804
b9941c65,81489,cf0a818c69101bccae47e757cfe2daaf332f373560a617c7e8bef52d078662a8
b994229a,91412,19fea71a7265767d0b9ad83df7ecd8606fa08d05ea734ea2ac9ec1b466d3213b
b99f7633,90431,3d1040d81bc7919be5f2d7763eb908314edcc14d3e337f4cf5a86c057c18d344
b9a2bb03,113276,25ffff4709cc0767476e7ac4e4681f770889a51597eec211b2024147716f9e60
b9aba34e,99775,160e91fed2627eb3ffbca2ae3f449c5f3aaee77c2f7fb0ab77293535dfd2f4a4
b9b42fab,129221,d814c233f9f73b58480ab5fdf42016495f66d0ac9b60cf14332e7ebf6c8f58f6
b9c54522,111997,a04006544890926b26b831906064033b20779951dfb13316506dede97de59cef
b9ccf063,56515,04a81f0c24c28e254cd331d41486d648acdbbebb55e178b209ffa4825795488d
b9d00f5d,73397,8650f4dbb2acc2db03c73f2f17a7ab3828b4b778e44c50b205c75449fa593e45
b9d6d24b,91820,269ebd50653b20f35cd5a85f2c97d7a118e45b246133c7783cf9b1d20d0c21da
b9db7b07,78601,6f86ea60f98e3d741a751324f8ddedb683ff2f8275cbefad845e0d3bc0490eae
b9e48a5e,117501,a40fa619298de6cc0148d2d8ee7ca02114b03ba3f632de23efc0637ed2dc33d6
b9e54e86,98221,84281b466acd95e4052ef53e201ad01a199388f461eb1f5095d1f09d11d54ee7
b9ea5d49,125625,5148b302eb7c0d65a789d560f1b8aee3d52fd3c57d5b68638694a4cf84f36e4a
b9f103e7,301899,6af84fbaa731f77c5e890405f7665fcaacdbb118662ebff9fa3ad5d2e67be84c
b9f40c03,109935,704617c11d1f0f1eb64099087fa97ca5194ca8ddb893133f3677d7e7f337c676
b9fa996c,84430,6a3ebbb8b213a01c41a77195b9f6f79f725dc82ed51bfe8d123ed7da2e68bffb
b9fc4ddf,88481,87383ec514628a303b687d0826d6d96f2ef4599b03c02338602a57432cb8f2ac
ba045486,73543,2e6510a8e9464893e67215abb2398f7a0c8ac4f3e95d2bc8fb40f7546d1f2936
ba10301b,77120,27f65e576a5c64205ee24f89846dfef73f8c842722dc618d11882025cce06f57
ba20fe46,130799,16d1947bce77fe69d20a282c8c7bd7ce27f6802db97f56cd743e60406fa14ca0
ba22777d,1782722,b6b3e20c1712062d19e91a911c584493e06c3aa8863670fbf56707f921edcf0d
ba22eac7,2030413,c9691d39b180b48bbb62776c4303d2f63cbb4ceeede0465fea142fb6d840d637
ba252242,104943,c73fc0000f379415d06df8c48e21b4b75124320fef84444cf7b3d3696d934d24
ba2705f5,116805,71c7c3bafc79ff8d918d7194dba8e8e53ab35a855f889e0f6ef5a09f05b0ca98
ba2f364d,91218,81c36d32845764ca54caccb494c42edcac7f3b68fa98a9cdfa5d87e76ab53d21
ba328c85,317385,e6d3a5567f14582b5207037a5fbda51eaafa216522d1c27bbb97a3947e4663cc
ba366e15,77652,b711083e488c829459ba499c3edf04785ceac9556b27d8ac43feeb102ad67a71
ba36869a,99277,272fb1ed27f038427bf7901e282d760e306b760b6e91ea84cdd227935152c32c
ba3c46b6,93781,50789867e7d033433260bbe9514a4f418757b1839b03f572e8f63cddb3361fba
ba4f27e8,65040,8f136470eb562ab87395917222b81e39c57d9bfb8a5ebe7e183088473a989a3b
ba4f4df0,1995669,b4f11409d4ac807cbd8def20b382909504b2c05e6f3c78e0a0ebccd7d9cb531a
ba6cccf3,100685,586a9e3fcbfc041d955f07935b87a4365731033687c91b059c9fef5bdfa0c5e4
ba6fe864,96423,689fd65160d6522e1c53ec8c5768167b0654a5a3720fa80fc07b30b82fc31a18
ba70a218,110780,a833003661a0e4d1f4d4b655e9f63dea5f5eb240c76c1a7a636e5f8d05524a49
ba70b8fb,188634,d3bad246c0037ecec7df1db1b6759ef2d409a86689315d8b2c0980677cabf506
ba74af46,72520,158929e7631933ac6b30a64f7849ad0103bc6c0ac48740077b471401227f7d31
ba750f86,85607,2d244fac523e0fc638fa625fd4504082f8ae340158071652b74197ff07daa084
ba78e342,66504,af9f28550057867bcc80973a47a4eb88fe9788ac612c7248ee9c1d9a7099579c
ba8f2eae,2133173,82c0235deb1966a9d91f3f6a8b79202cc48e385455ef303def3750edf508d188
ba95e0e2,299434,1168737eecca63b53278317431b0cfb71257a7487a9498bde76cbf561e0aff90
ba999db2,76036,bc0fd76374510ebf99cd7f2c1e9cd28968c51c0d5c64a9da60ae9dfcbb8603a3
ba9d7813,99837,cd941decf0ed7fc0bee0d6243302bbd36de16debb9a9fde00c007b82dc085738
baa48a74,107544,08f3bfd9a15da9f551e2757a5b65003aa28b80a6b275b27a359a42005a25f55a
baa9b86b,95887,9b20598bed3b8a9d22aea7dadc8d6e897fee4735d1d166701ceb757ca0852617
baab921c,84683,3dd31e6168c73e8b32abe8a6af8984dafda3504280a901030a4b73d1bf463e48
baae52d6,108055,c4b997a6167ceb14bc961771762802c7f340e2b3ce61b07ad5f988b0dea32761
bab7dddf,66802,c28142b79b5fec396692b067d8d81eeb8706fd054e5f2bb7c66b10b85d0c437b
bab954d6,100262,205dbf10044367baf828047b940b05f77cfffd052322a802975c6676fb11f625
bac31811,99647,41cbebe234d507f6f9bed804f57ecd59d614178eee6791a4b9f1f30707101853
bacbc744,96500,8e4675649bc99f251f5279dc384f581cb3dde0721b475e44853b95393f265f25
bad87768,95583,a15099c07f3ab37bab01545cee039743711db6f753e8468d71eba85f78c0e07d
badfcd24,97078,18808a9d3945c95b354380b1e905a5c1f24d65391a14f73da1ced7eaea37f3e1
bae18bc6,78114,e005d02b4b2dd152aa83c15ccbdc409bc595fc83ab7685689c7108f00cb534c9
bae52802,96144,20bab90cd44cb3cd6277ee68545b7e1eb5154177ff09f2c7f5829cbdfedf76e1
baedd46e,89353,be1ef36b0da8abf8eae8402939cca721bb18a28f88b990b1b6deafd8dc089810
bafa200c,87424,b686eeec82a44f8cd0dedc65920814ac75cb81d3f2d3e9ce2767d4d7e2eb2be4
bb06038e,335011,dd1c96ebbaec61df91f9acea1c88f94a0f4da4bf417498197314911e2c58137a
bb0f4713,71583,2a455d2af306a63ed268b847094854268c5e278da47b9c40fea0469469451161
bb105f37,72118,0f23cbd9669ab566a778874e6f0a058c7a7e561c369edad73460daaeb61d5c6b
bb22e27f,91656,36cc743d5e4fac1c00e3ef07f3f4702e2b0b6c06d26172b94266f4ab89d6d235
bb28b10b,97174,ce9204b6bd9fd22ef2df3513b87bde72cfea4571c4a56f6154b730be98a0d0ba
bb2a2ded,101161,b99d4333f19a9033a3ace91952353de66eb13313bb19d71a6e630897d050b321
bb2a5de8,460893,cb4e9ef90436d5e9a50bf3406120d6fc40a79a36101f117f7b36c07e491d3410
bb36d7d8,105393,be3db310dda5fb52b8662bfd6399b8b773092982276e9a095851d42924d8ad92
bb3cdcd6,130719,9172ab10f3a864b93d3cedd38baf90d4200e304d7dd9f4a46f84832c8a45e10f
bb3ebcd3,107421,e6e447669c810e727f518f5c71d867b99148b7048ec329b3de3c7421474bb5b4
bb42d1ed,74296,78068112ba21d34106e68ac601bd2630425393e20a926fd4540c69ca7964c92c
bb514753,116819,85237592ca78c6223213fc39d66db7456c8e0e787aa4543b24201c9822764fa0
bb51da43,71958,0ec4a8a2033bb7dcd39eae162071697e81d0d13f3b6ce58d86a745163dea5b0b
bb5796f5,77509,e0ea0058532e5df15f3264f976374dd73b1fa4ea8f3144873b85841ad73b868f
bb5d319f,77058,6c6960f75be4b2bfd994ab797db6ddc34f929391d73f17239ab64f719b4a6c30
bb6108c6,110229,db971ae098ce4a34f5a0b5a5ea75dc381a74d9e05da5c98379d079b0c35b1cd1
bb633db6,67502,dad66a1a3705cccb257f8f9ae36d5b5c7d9408d389e79256a1faf8207a57d65d
bb690215,88277,89a7a837b44927b3bd13ba3844b1ef6cda936487cb5bfd5a356be473bebabc2d
bb6a36bb,70438,0a44eacd9f0569a8c6cd4525d5b4c9a3b0640d650d575ec1a5db7efd44807ad6
bb6b559c,92721,b3ef4c643d082b80998ba65b127ac97cfdb28221cf5e2f024fa24ff448efeeab
bb88c74e,102395,487a4259e490a5354b755349292dfca1dbf2853ef427efd976870155ddcecb61
bb93ab32,108203,06bd775f0813bbc4451e035a1b98d064d6fa5a7868f56874793d93c079e23475
bb958e14,581810,e9bfcbaf79ad5db28caa3963407e7b6f6780419aafb88f1122514e88d9dd4cf2
bb95a274,2094429,130f47beaeef999981d932fe34ff1a56adc03510f2e2794b5886d72dac680262
bb96452f,121750,790c3df375b456b75aa8bdddcec04ec0b947182884c3f81272ae5ac11a18a4ad
bb975906,151797,7ec9d911f61b0e462b98fc5dc2406905932650b8b106306b2db0c79e3f43e911
bba2536d,120986,2a19a5050924773ac36ba1b95a19acbea700e1ae3049b65c3b7065ac0cdb64bf
bba6d9ad,83270,855df8979cb4ec3ed25183b338facd5ac4d7c68335667a35dc2c998131367425
bbaf79d7,99140,5c570429eda3049bc6cbec3dc612049bee037d64c722fefb7d33b7d4380664dc
bbb3f253,114533,bbe5a507123ee9a17802207aa766b98c669c29df07962ca0ef1d2f1d15565419
bbb7948d,102206,2977225046a8ace07e80d0646b981ba4fe97422062fc844034391b6091193981
bbbb3edb,108501,c526691ae0a2bb95b66ed4610da8a8abf4c8a39601da3a6194108f5aff1c572d
bbc3c170,109820,a6b0fdf542aec3073b4a83041c8fb87c442a3723fcad7a7618d933c644de54f5
bbcc3768,96442,de4be084bf76a8cba91a8a2beeb6f41f0def29e49286454acb4f433ac695afc2
bbcee9d9,72375,0f731660a90ec6cbccdf316a9c5751d6c3192c0836ab58ca08c96e3b0f97c064
bbd005ea,234026,9fa5554e1341189dee87b477083bafe2554189a3ce13fa2719a44289f7f7ba8d
bbd5f4e2,107264,cd9b2c0bc1e7f704dd0caefe40c253d29dc10eb82b3e6f99e624df67c251e5c5
bbfb6e81,80933,7fdef9a464ca103f9da83a3424e0644a746f28be758af5893b09c11ee759bb0b
bc06e539,85721,4e666f0b779bffa4cb543727fc4cee16871e5aab8e682aaa180f9517da642679
bc15fabf,108076,4ff6c6f1c3a1114a35ce48daf912cb8808355f151048d73f87769326d7e59d3c
bc1d5a8b,126994,df7dc0662a8fa73764d2efe67fd6c8aefbb8b428ab4d743749fda356478a66dd
bc1df752,106715,1dd6d2e8258d2cc989f1ce973abec0303447fa730b012d67d7f76ec2534496f7
bc459b92,114020,573511cc3518fe48531775b89ba211f6eaa1351e7feed14a65dd79402de8ef8c
bc4973af,67800,f5704678d1f4885d01fb1194a03e5b549be479844519537779a620720d9e9a6d
bc53f649,119853,3cba307ed7d7a0d9a4b27a3749151e235bfd040c52a965c68e841366d3f1da41
bc59e8e0,78952,dcba9dcfd3bb86ef1f58907e539ec65689edc25f1e871aedb123184cca636ab6
bc6d6f94,111816,22bc6e329fac194f66054da41c26b5e958857f470f8dab3f29ce9cb50ff97065
bc767278,104136,ae9129f117b7f46227a2b90aa69297d87e03121859fb88e280265e0bd77f164f
bc784dab,89540,d67df4ca86622618455a6f602765cad9f1b0acbb35259094f44acee08e418287
bc7b87e6,1277148,c6822ad0261ea0a8b737908fcea82557a403a4b2270192d8b288e57ec227bd02
bc88f65d,108225,256cea602fc45b93c720e2329d5c627d0d9a0d22ed2ebf7a37523e3b9f257d0b
bc995e2a,109353,925445bff918447a135d9baca7bbd2aafc4ec88565e98ec2089e41f9c3330111
bca3b572,91284,eb103364d88c9a442cea1bebbf8b1cb7588565aef8f714e1ec480d519862cc40
bce2e09c,94784,91282ed8730f72acc011eb397b92a80252d39700b1a5b53712ad95d9ef009ee8
bceb0e06,117025,fac8d08d61e4ccf4d33aa2009b90c12dcf9b36be247bcad26b607ad492b9203b
bcebe0b5,69163,ee5b0caa0b20a24e1aa82d36a46ca8b172218fc75a8970cc4c90b7789e30ee5e
bcee2b56,75199,da9743653a34fbe62f5b3749d8953f41d9868ac907d35c00d9371b47aa3c0875
bcef9cff,92144,c6df867e10e19bb129bb1e22bf89310f014c68235082da3cadc9f24b48e4a45c
bd0c2d98,86310,8c7bbcdffa1bf954b33bd117c0bd80f88c44d31fa835cb4ae2c8c3f6266ea881
bd0c72e2,81533,3c31a2ad56b03635ee53109a782b3651fa2c453a6524d9c51aa4969f212f1edf
bd15c57d,95071,ecaa1d781af747187fd0206f262ea1476e0dab6d02a12a98376ab0e78927a04f
bd19469c,2127064,b492c347ad277296790ae778fa9660cc0dafa7933bfeec2b7eb3dbca83059fac
bd1c2686,100000,c33c81fb223287244f743f4692907f0453160753370efc2b1aac7af7b0e3085b
bd22ab1d,89629,bb3780caaed711705cc97832ff296e95dcda38299d47911aa2c8d55624b4e8dd
bd26279e,79238,5b029454554a3c7153a3e1a0700842faa1c75c38253848d160b0998e918e849f
bd279934,92504,ffd3ff3d374b1aa88b5534d9799f566eeffab754f3ba87fd419a9824955d1307
bd2cc79d,73961,855ef9a2537d10bd4cc25488abf0ce2937700b5923cc1eab3ccee6f31759e014
bd3c8088,88811,c7ef2bd45fd161975cdf79868b8ebab7726da9fc519c2105a714a2f0606e0d6a
bd441311,118023,2973fafdcbbfc14904f5089e8bb4eab05a5780ac95b60ee9264ac586e554f79c
bd4981d8,281736,7d80306fb7c90f49bf71b52bb120fa20838d0692f7f7965735f9c5319a2e54b3
bd4debe3,607496,d3a9ca0303a6a9aa56c19800d62c747cd7966e13a51ad9d99678423d583970b0
bd60515f,298103,5963cce3013418b480c1f72bc8f5415fa256b24cc78a00a801e5222a0eacda1a
bd657005,115746,074387fe5d09f943078f7afb0971b204ed604b61df6a8e71e95118b180ae38f6
bd6de0fe,339832,e340af0ffb0daefb8373c259d95119d33748c6237980da3652b27ee982e1c8ee
bd7c4605,82575,692b07c724874b8f52d4484aa69057116abf8352ac91f3b4cc7d764d5b420ee9
bd7d398b,79436,0d0845942b0d19f36484fa869cf1f56d75ead88c57af01f753cace981cc4c5f5
bd7fc132,102215,da6b033465ac4aca18ed3b7cf53919c7178c1dc04f2d3524692bae5cc4ec468e
bd851668,106273,9b8a7e46970e4bf31a15c693fbc79ab2c628b452c7770fee11ba29d62fe4bb62
bd8e5548,115208,f854af3b1c2c61196155cf457d84f1fcad19fb980450b847782ad170a0aa8cce
bd904948,93707,67ae80211826f60890281d15a9646cefb23d0aa621a908ee84accb2466cda05f
bd945f95,103710,8472e70cfe1f972070c53c437b7aa636f47cbdae3372eb90f084d4df0e05eeaa
bd9c3e2e,91445,39cabf78b0f97e59337cc1413498b498b90b42e1becf5bf110d9f065543ab5c2
bda0e807,71173,3fed267e3907a52e311a73e7c9abd63993f214ba4ec0f6d4a92aedbcfc217b2b
bda19a53,143636,bf086ab6cfcc7d72d7ace33152532b96a1c1f0b179779ea67c881b9a0d6ed73e
bda2f9e4,94796,c4074def5863fca807e237179c5065e5f30530242aa955f379f794a5eaf52d2d
bdad3413,95041,3b60cd8c6c41bc50be5102fb7b136ed9375c45a33a0ba2f1fde5fe47878b2753
bdb021d6,74016,a0294161d2989202fa51c55a3d52160701e58109982378a3b719d7eb53e9fd47
bdb36a53,698416,27e94ed6d5c1c8657e5826c3f66ef114155346a948ac13664a23a90a9e6d78f7
bdcfe5e5,90906,fd460cb9c4c2b8307adff326abc458041583ad46604d2ae8045d023e0c4bcdf7
bde4830d,69366,b4d45d6682bf79f8ec3053957a342758e880ee30d98d967aafbc605b6b18803b
bded96d1,302008,156697fa6fb88a5e4c2c869954de8ea710c7268c4f3345d17225ce6d2b22dcf2
bdf271c2,1903718,f601c937d0b623046a0d47ee898bd0524caafafa3370ddeb7577968882a754a6
bdf5ed8a,84516,45145cf5d31c663056ed886f7a604752a8d3c245d86257fe9a962242a74a2dab
bdfa2421,94043,61cba29fef90d3d7dfeac40e92579a184fb7fc3b8b58a72a0973a027e7178473
be00bf12,116276,3c5673705677392a96f5570f098addf43e25a7261f46e34c9525eef2d50637c9
be1069dd,105185,2b5bf791c87d1df02eef8fc43f57dbe5ff6e138f681beffa5d615d72f2bd3364
be11db7b,67326,5455a81ff90900d68f14879339920a5f590f94423fb34e99fe0792808703f9bd
be1c8a34,97317,15a96c80c4e1de1796906573ff93c4170069ac8fff0a193e41f453cd52e6443d
be21fba1,73258,39400e2d8be94526746eb74ba53b04b65b53fa3d6f09695d946891b98594deec
be223900,98906,5fb853d4e8142beccb0dc4af2325cc88766ac768e3457beeedbc0c6fefba3c21
be2e7674,90170,fb24ae44379221c25f27e42e4dfa5ff2b0aa9e25b83d8495c8852858aae04676
be31e576,92814,d87ce646d320f3bbf62196ecd7a642190dc4f2dd495358c9cc53cd17bd70fe8b
be54f6be,128761,417b8c80bef2b54229a1d80dcc68e7a6da1b1c3e60d29cd804f7c7fdcd0c2e63
be6c7ebd,71810,d2850257f138ac133b5cb366265edb2013aa5d532ddbec07a547b3ba0232a765
be7a3b8f,99516,174d67deacdfddb79cf5c02b610e27900151a980a6897f507496c4dfd7288a22
be7fe6cd,77166,8885967411463c931ccf449f09f7fd19408a4b526980ec5ecdffd2c95b97b6c6
be85171c,81937,2947ef8aee04a564904a9b40c390fb309b13afcbcd600d4b89aef8181b35fa94
be855932,884358,68346c1d7567b1a0b3a81934f666dc0f8aec2e016a82291f28947c3fa031b335
be998483,85418,52aded1216b132ebe5c636c37fe553c8522af80453d401d12e990b0034525c54
be9d9706,115618,ca0ce52bedf7cfed4d63a4220274c26d11cd7aeb7faf297b55ffc5820d7b5c9c
beaa0b31,100048,c5a4c4e74c943ffe989af6bd9a225898621818e33013023bf7911c20b6818e07
bebc6f51,103519,cc6a7b364fc3fa47d500e6ee714450a479291cb0ae73db67a65e74f9442a652f
bec7bfff,109341,335daf89c95b5458643215e42f11592cbf4c6cd746ef4ae72cd7b0e4e5719f28
bed99f46,109825,73b2befe91064302b7d1018a1d34a0322fbfeec5a6898a776cb877797aa9788c
bedfb3b3,102755,7c99c0a9f1c1e42d339c858cf3a4629e27c4302c7eeb5448f98c73c4eff1978b
beea4b23,365494,3a28a501643b9919150623791fc9962af5584c9f2cff839d22fa19e300f3f454
beed7045,76058,9ba032c3bc6ebc681b3ac9bebb2eca3813f6f6a5b900b9e50e388b20bce4479b
bf013ed2,97146,be7d3f298ce0922b59c04ab05e2f2c36beeae007731563281c2623d6ffd1fbb1
bf13181c,90146,0ebd3f5c3ffca2012f40991dad94520e3e0503ed4d5e9ebe91b9cfde9a115e3e
bf1d1e1c,62556,49233c7bd78f1119d9513a74139e1bd56a073cb7d18755c703d64e51a4ef1059
bf2a39f9,104530,35d24fd6f7d350e1feac511765f3df0e33f45e8cf67554a2534dc0d54f73dfbb
bf3aef13,82074,a3a2de9416f032b0b6cfb3132368af68abc0318a0a110d3104a64e9577ed872b
bf3bdca7,74725,203bacb13ee14ada2cf9bf1ff3a4e6795677ddcc6d1a14bbca56c60a2d68f26b
bf49cf16,96587,8288e9eae0bc94ba17732657b48a97a3f902d25e5b96a45c3698aa1cf6a2d1f7
bf4f2371,77877,63bfb6eef795d8433fcd859b92c1c86ce7cd6465fad3e893a76e289510e28f43
bf534d62,104735,fc5579e90cc88de35a411b30cad551614f50669a569a4f7f7bfb9f56b5da5d02
bf5386b3,85563,3e39884ed9764cb1082a192bf438e2d8f333a40da277cffb1cd0978c8ec01cff
bf61d581,96238,f5b60c5960fb3d63f40fd223936752d98b31bcbe54d2641e87b88e3e09a2dd90
bf64cf91,316997,90825ee1f3ca8957d50d5eed3a4b9261fc124d85d821bf7b61d00f7f89202fd5
bf6514c3,101054,31a8a357fa74f2437c3812aa61f324e6f3c9b58ff8a43f56b5d6360546577b7e
bf6e0860,82796,a633d81ddff46fb6622149620be02b038f24bc812c20e2639e9162a55b627df1
bf7324c7,74737,347a2fd5cc55caf384a770676004bad939b87d6179665980e9bfedb1ed0ce756
bf7df521,322857,3aa7636525576684b0e38bb2f08c8495d661e58f70e19f4beb7d06ff2b5c0949
bf7fd47a,90539,7be057bd6c728d6aae1f6655a9f0b8b677e1447e377ba96d67025208ac891831
bf80e187,98846,8b221a21112d9c1efe39beb67b9892669df6030602c4a16d5944c7b4216cc37c
bf856cd2,91224,b20463df3c6333d5f708689dfe57fce546f8822dd58d9d29576fa6e864122927
bf8ad17e,112335,7fb3d5e381061c3a2b06cd97706d4b010b288d418bab624a85b3a5c12cc6dc46
bf900b02,757565,55d4459be9b3da5b3c630cbb2aa24528bd6ad5c4b4d235126b95dd4d64bd7a3c
bf99692d,104721,59dc0212d18af82047a32cc3e89c699cb4fd374e650d4b3ce70083ccffb445a9
bf9c5f30,83815,dd516fbf883dc6be6ec1bccc067079a9bcc16e8799890744992100ecfa6765f9
bf9f0339,74795,9c763d9a0d9a35d4f15ae90fa8d5ddcbcab41d0f357ddc35a79d337d83891de7
bfa79919,111036,106b35e4b7ca176b1da76ba8ca287a35e15f896111cffb73fc5aab79853ebc79
bfaa320a,98409,c654c61eebc06ca95a73dffcad67e71a9f892660666e56fcdf831d8268c02198
bfb20ca1,1817300,b1694b9f12e558a11ff545b440bc1482d8b3c2d60754e9126ab6d7baa6bb64d8
bfb5442e,93592,aec258e726603ec41443b71ecfc25f18ffad7e727172ab6f8ccd0fca205cb64b
bfb89fc9,63245,1f74a1d6c68c50a0cc9d979ca05943f62a447f676ab0e300df1153135fdd6c81
bfbd5fcf,104809,fbbd6e33664dc890a76c83cce7bd35099426cc19c8e01c03b47b156c6dd49523
bfbedef3,71770,68bd7fd3cb9810566bc730d2d8d4a4c4856e58bade79708291384b7122cf6845
bfc0928b,106173,13bffa5454b1d080a08b9448ab71a012b322052118c158dc20f9431833128337
bfdb0def,76116,19dee348cafa39c441357c3e6804cd532df662e26df8e234c1aeb090b162f973
bfdb9ec4,112226,f9a4cb7cdb5b9a3e0c01a6baacc7733481bd528c6b63db2c882facdcb3f4140b
bfe1e547,121590,84e1600446cc61e09f2f82676d166c3a6490e5016a6739c601312d575e7363ca
bfefae6c,73445,1b087a2393b9136a55f8dfb0123aa8f5c66140f021e021756ceb3d45be98479f
bff51e9d,75635,8add9bdc381875ffdec3fad04106ec5c77a2bda878df6e1c4eada3354fe51f48
c004a184,122776,138e4755167f42be6717524637f4473e7d903bb7d9c5642ef98ff297b988f684
c005ebe4,876871,69922a0676755a3ccbf8db5bbfd74569099ffa612cfbd76a67d8da6e22cd33b1
c0065c0b,110068,4959a0b688b687761b1b2b3a4c7ff7eda2e3e4ae4f8d1d85148bd97e38dc1663
c00a4cf2,91719,09f156ebe5c5ac72f0be6a67f3eab168ffe68fc71410bfe904dcb5f65a488442
c01854f3,128257,c52f6e04e34f32c37a9d1d4727610a8250bbc38dd2e38a15f94a8b15c30cb952
c0271166,65710,141a40ef61cf3c9a4667e7f0d0d0098fe42a9ef740d6ae574faf38bc5cf95eda
c02bd19d,77594,3e880cf38a6ee9bf335a996e2c3d4edba92823764075ccdb8a0726ef808d029b
c02df3f1,84170,2ec75ea6bf61f4ebc4ba788db3b3990846ba6ae744a6c5dc5a44382bcfcb53b0
c038c1df,87677,9dcf56de437278de5cc4636b7e5d26373fb9d3d77b8090170989b8529339460f
c03c6831,85086,a1a1e2f296d3730f9981f3648d558b9ca772ef4c421348774714f661c4c295e2
c03e8270,95101,fe729d33a491208f3103eb31c411b495a1083d1d5ba0407beffc69d0475d8585
c042dc35,103057,b8c8979c3e2226856c4e7d955f859f28cc0dff0687167c8dc4a3c5d518442dce
c0465dbb,271237,0b98bdad7bcea7af1eb60e1bcf174bc9eabc494880202a867a1e0ec9b51ba1a2
c04ccb00,71445,69762482a4cda32b4f74df11c5323e7cacfc45e015dc2a8e3e0a352376911d8d
c060e25c,92489,b0bf153f9a0f5776804b512c2d616a0ce1782fc77528e23cfcea8f69250ce9ab
c0676318,73910,709570d0938eebe4f91709aa596c275b0a4cb9d3766564a443f3bb2c2ad642b2
c07afac9,83026,f221988847ec0b9208c6f6845bfc4da83755a2f1e65bc16fcdc01dc77f3bf40b
c07c6666,95111,a2ae8bf53d41657a2ee186121853f62c59a4a48ec44c77f42f26a07426c197df
c07debe1,117652,69346cd4dc507f2a4ffaee8a40144c92c8f167cbcf44d61cf4bf00c6adc7a538
c0802ce4,129296,59b9fd17ce5b807d49c25e0b04a911758683596e51a11ee0c7fc41c2da105fec
c08c5ae1,99796,e4f237235aa3121caecf532968191752d471239ecc29ab1b81058febc7166a2a
c08f4b80,105205,57baeefcc435bf85b727c7569b49bb710e9385a59290438d89248bec3e5e1a4e
c093b172,114473,bca348d8a3a28c2845a98fc73e2c7a4eaab3cf752c6233f3a6a68979d4c811c7
c0964f7c,75901,e98406dbebb84cd9ae6ac57e80356251629b725f39a166c6d6dad04f54a25cda
c0aa1820,88715,5205ea3f0992ae6afbd2290ae6741b7535a301b1a813447233f14faab3423d00
c0d459b7,92494,72ce655ea0269c19d6f90aa8598c7746f4f432d1ff5c5b42f2a225ac15196e7a
c0e2bbcb,342144,d313b0bbf35754018195ce7dab730adf65952a45785444efe39ec849a8ec1b32
c0ecccc7,75128,06426c33f7a87eb2b49e76887a253f55cc565757de2dca9b18f7fff1ac973e73
c0f40bc8,103131,b11d40cd23de4636fd4ff772b0bf784072f10ad2c23f7f910411dfc7d8fe305c
c0f57cd1,118529,2824ef24ab059c2d5cefac402533c36bd1f8ad4fb8ab4cc82cfe068710d8a4c9
c103f6c3,113726,dd66fa89b33e7d8bc22a68881e055cf4563817f192613ab2aa2d648380e582fa
c10d7246,78549,037c68ec5083da2d8f763feb8b536ad27aa5075876c11cab1ba26fb4fb81eb2e
c1142ce7,2408647,8784504af042f4358925f31cf8fba647cfddeee60f052fc748e4c0d52c5682f3
c116322d,321488,5fe267135cfa00a382643995065c235c57587b26297b76379250b88d9c95d46c
c1220d5c,87067,49a2d5739bbca52261e2242f19fbfbbe38631a1665be11271ad6df18f71adff7
c12801ea,88602,a70ce0eef617bd33ed37758a12d14e6248a38d461e7f89fb9bc8ea5ceef8d99c
c12eab03,104169,537c1cdf9cbe9d11de547bafa2f3b04e50e938b4cfc01f97e71ff75190da9c1c
c134ccab,92498,0982f0daa829c16b933e69ee503b57dbc9d5a4cd43ff05f5ad4cfe277199a509
c1355236,74227,b41d6e8c5a051da090e04c451ce66c8822eac7390dc0bbd711d84195bf02d976
c13da13f,106850,b3979e003c7314522b5511ba1d47c90c94c8d5299b3971d20ee299e81c7589a2
c13e15d0,97490,cf86c753f32e222a3bb7b7666f8ed205d43e702872e765c7861e86e7e8bc1841
c13fefe2,108026,5aba4de24dc42ae7577537fd573a7db6ed714846e0dc6a563b588a66df68b6c4
c15c71e2,79140,b384775444a971a5a93a0a95c12e0ecf039427518fa1a96b6736f5d3aa89ac3c
c15db775,128658,f18f347fe88a7f65396c0ea8850c57f455b6b61804f1ac9dd618ba7752237ea2
c161242e,108697,4f922923efada0bd8b22111b28ed446122f9e1658e71632e65302348c15875f0
c166a85c,71704,9a404b7b159cb2e28991a5913eafacfb927257549a4b2bd5293cf1c816da1fde
c16ba6c2,85026,b3b34ba7f27970ce8339721d1c0bad7748519bd7762e18ac610dfd46ddec25f9
c1741d7a,815375,8f0f747bd9407b6279ab5c13d99732b9d012a471d5f4e2124f38f43d7b236393
c177a422,361119,8470d814cf0dbe0f61e3286d69ee3dd0f1020e8ca51fdef4e78a27a48748ebce
c1857bb2,89385,7f6ec9dc33f3a8f7ce5488a5270000925f441bebb3a965ab2667621bd2356e54
c197c0f3,324809,5567fea03ea43f19621ec3cbf7ae3f8c97675f7fa134d89fcfa8b44a01130a38
c19cf00b,722613,e7649397a1493b0b6e8a31cc4c9693e45799a1b9e573e31e564fc001aec5a69e
c19f4cb6,102537,d1c49bbaedfbe096c34e8e56a9072d41a2b7f3217fc82d6b828b0c7cef70aa05
c1a0a367,66396,4800b34c3ad3d4ffd4aa91e4e092180ccf3d1452c26deeecbb3d23030335f578
c1a298c3,107641,44645da227c623e4a9d8f6e06e559ed0b5bdfd650c5df0715529c84d093b06d6
c1a469a7,3110646,b6233bc796a312326c01770832a2c2097b2e88bce87246ed2491643ecc443b78
c1aedabb,103775,d5747cc94e49dcac60938721966cbbf3cdc66559d3f3118e3ed17f27635bc9c8
c1af39e4,101822,b3922bd13f73794d74199e89b97a900da8250c577c9095b6b50ad090737187a7
c1b1a00b,109420,4251323c08040d8295630b065a764aacc954175944b74cb8ccf868d0c089f95e
c1c20b9d,106176,d662828cc83cea0783f7abb81202b0582f7b32a42026628ff12d210054c774e6
c1d428d9,78589,5de671d9b98dd1ccb28802d8afcc3c30eca042b6df899f211335f9f9da603ae1
c1dd6a51,102514,bf1448db1dd66c823b900d6cf76f6cf9363f153535502f063e4222059eb5b0e5
c1e4c593,332726,fb7d533f1f40472a2bfe97abfcfccf55c39939614b1be0a223a269d972d9c23f
c1edbd42,85442,769a7c7ee56ecc222602d5de1527584ea07a2feb975e7e1b73f9e7d0c6b56748
c1ef703f,71297,1d0695183801445b60249c1b212899c805b8bed360924cdf1a452abd3ec21201
c1f60533,133707,3568a4436777e7e79422937a096696210bdcb130133139b21c57ef877c58f92a
c1fc4a90,101558,822ed99f27e576a4a10f82b0f338f5562d7156b39eb68d9a8a4b677931c6626d
c2160fd8,104136,2ad667dfd019c9a39e9340d737a261e9a59f8beb579090b3ab65212ee0af6d94
c21862fd,124817,d19be3c28ed8795c1014a748056d07eab040471cf33f7420098b4a3df13a78bf
c21c12a7,98374,7ac69581ad565e2c4c91b56c7a1e54e2bd07c8760c6189508d9d85e86748b2e2
c2232d98,68410,d8590f768dbbfed3b0bc4e13231852a30a4a8c1834688b2bb233e11526ecb266
c23404ea,79408,3a5ba6815363c6b24c9aefa4e0e42d90fa50e6f7a6a152a9e4d059f830f5a623
c24566b9,321574,87306462d56a101363ad0f9697219a1094d3338d4b7c668bec2cf82d5cf1208c
c2485b87,109934,ec612a94b5c6e3f4782dfe06fdca3d09abe19e654eae7aecb6eff009d1fc854e
c2521257,77357,adc2b3dbe529523764f5788ea4f8ea46d16e7bb4d07ac131df5b8304c8b6b847
c2535251,86295,03aad134a84d6d5913b49a216ca4b9ad62be7009d2716eff0b5e69ce09fb8f8c
c258f004,255898,d6fdf49208060fb01d95fdaeed47bbb4ff20953d1bcea27a6a558ad003e303bc
c2610751,2335198,cdbb054b395b24536ba2d6f6a67ffdbf89c19ed6aef05d38059743552686064e
c26447bc,110328,0e95a72734cca927f77cff3aa9f6307aa4b2a415de3e311ca0ee30dde9c87e85
c2671e71,115968,366d904e35f9ffc05145af303ae1c9a0b19f2a5eadd971f42445726e21287304
c27246aa,105421,db2cc66052f67f22adc6030c3430fa99f7105a54c09af28377e2b1407b406585
c2848dd8,103604,f37598c5537d6d4c14ae638fd7d44e955c9d0ced97f57b84d3ddbfcf70853558
c28bb70c,97265,6d8e5dda491966275e2bf2b7d25ba9d0eaefd73d44dfe8b2fe219d11f2c143f9
c28f8eb7,95298,3de83ec6b4dfc4341a9c663b30e13ffdd2048d8a1f78c75812a68bd0f5acc554
c2962e42,96784,93721e466cca33be6dcf935b0afc19d1c6b329f237ee0fa3ae6a99d1d3e68bb0
c2986ad1,97377,219e69e2477d5b071a972efc258005ae74398c22ab71fe72f7be0fbc6dbb56da
c29b9b28,83347,170624a886101e65444af32c6fa60523d0505ba0cbfe34fe52e98f81f3608dac
c2ba1ae7,60161,eb08931225765946636470be3c32d86d452f1cc9d6b4506ab1286b6da0297f51
c2cf45a0,1809578,a59234c41db7e28ca1df313722ca21e2a4f383a9d3f555f6ddb6b9ad55e15926
c2d36937,83677,bf464f985a98d1f830eb0934c770158d99ca7f72a3f6797a0996a8b08753c521
c2d4a463,1744172,207fd6c0339745eb56c2c49a9577060eb7291f844253ebb2d9081be7d06283ca
c2e5d456,94693,6ed501aa61ef5eb190fc058ffa27228bba083fe8ddc71ef8579db8d2b37bac2d
c304595d,111245,cbc9792d62cc4d3c21892a0086abe471f68672520f7d4d19471a91597b923c03
c30e77f0,268650,59bf903adbb81e5bb9aa1818f36ff93124eb3209651500cdfba2f219d327bc85
c30ff826,89916,2e523a82b5c74cdb418264993b0214b7d9d504e0cec56cd2a6a1fa50da530293
c321a4e6,92104,98d204b26a8ca432c9933c87206964955ff7e5cb50187ad1fbc940f7ce9bae71
c322ecd3,101802,5e3d078f35e18a0ec757d219cee6613f58a9e500bfe923ca936a711d93bc416f
c328d95f,75418,e34516ec01d7abab0ae99bbf1e4e27acdf264a177523e97a662bfea5fa0b9715
c329c5fd,109615,5dc2b322039c22dfc31143d70433201d7d11e4d6fc2f8aca58db74409e6ab301
c33071c4,107385,c83bf7b0aec68e7a56707c75479d7725552e62335a1497c04be19ff10904638a
c340865d,84680,ef4767a1b8491a4bed2e102e2396f5f7e4f4039a03ab28a30bea70dfbaee6dab
c345d9ee,85544,fbfa6ae56de130e9c29d7adbb65eca5a2cb2d5c96a170aa61d3915de614dd78a
c3490b66,83831,95a32c423fa4d4d420f14196681caacf96865e9c9476301fcc42531f3bf48b16
c3534f4f,1568071,ac1de2f3e17ebea6344db5213c27065e815c02ca3bccede204d123caff1aba23
c35e867b,108751,7d5ec2466c8ac300a36e6ab9ceae7630e266c335cb07bc322710953497bfddc5
c35eac4d,112966,5f13eef33dba60e11b570a770b98838c84c7d0a51161e4ab6bbd291aef64b6b1
c3620fd6,80981,5a9a3a07cb27578526b25480c7386605b4c861d7fe1f6b09796f91e36bf63c74
c36362b9,102664,b9cc0f9c50bd56be2dd351e8a24c92139793cfd982403981e1e8156f4c6479f4
c36976c9,84971,3977b5560e4adaddb93b5fa61ed6647b48b17b8aecd18d60270831bb4cf2b62a
c373b336,106228,29b632a105e2b4d8afb54fe298a638b7fac87f6f30289fb5db8f6661b03f7db7
c3842e32,117942,2ea77ca66e5397c5260ab871d03a8a9fbcc1a3d626f7292fb51f43647e50a029
c3876e09,101151,a7c083828f970253aa040bf04a7efbd0a55e7b635bfce4faecff58a59bea39b2
c38c9fa7,89137,2e9a2127b673112cd963a3b6201acd008247fb2d0ef21abcddef009dce47dcc3
c38fba45,97219,d27e19b3e2519523faa461ae0cea075a1538b8244635f5d5d500418db13388ee
c391277f,82330,de7dd3d1e59c81c208ef477b58fbeca13c346f28c228a63ff2745cadb6f7d11c
c3ab34a5,116847,40de622f16e433e5e717279cd70566982fe34cefa0ed70910e36e74a6c734b9c
c3b3e8a4,313037,9c0d7489d2258f778bb0909a42d4cb35bab3b179a7c785222e8f6a82a2938ed2
c3b6fc70,112205,ebc0d4317b06dc72038dbb0e309941fe550678484fdafe9f9b381820b2936545
c3ccefe9,77790,947fbeee08d1cd3f1d5920378d6f92c03f03516ed3403a4b829cc573c8838077
c3df7c14,77572,1aad8d58b0bd9590171392ec90247ee2215f98d3249e6af91ca57158e6548860
c3e4ae4f,96913,095da1c3705011d0a1ca79e171181c136cf22176d54808f98d1507c85c5eae92
c3e88b80,71630,326193de9a47cfaaf6c2a1dec41073f9529c17c6fb8c9d4f031594a4484252d1
c3edbbf2,99932,96eb4319dcf419193bdec82bf4fa250b7189960f9e3b04745bdb603784fa3d8a
c3f11d60,65894,4a1b90dc8da6b9aff693a54ac99dd1081ff9af745c11bc7a6830668e74d58835
c40fa001,130678,9a234094554d5ee5a70938cf4d2282d07ed3f51a8e4759e5dbe30f810cd12ead
c4159176,108431,4e8825ba3ab1ad8ddb6e71fce4535483027f0498c486b11cb00a5c37b6f2204a
c415e47f,242115,156c5231131ee8e774f03f02bbd942297d6f59db22975a0abe0268028cdb6932
c429f404,84750,1224b23cd68ca79a49bedcba23170f33b28bda48dce6444af4c23c856b8c35fc
c44d702c,87499,708f13651f6bbe988fbd41e55619791a26d81fa851193e59a395d97e5f545d4a
c44faa6f,107242,d75d5fdfeb648c5d4e40a07cdba1b615471c3bbe7939fac66eb0e91a94c8ef47
c46acd0d,107904,b77da82a984ec553d42dc693fa9012698543bb36c6faf9ba4b3d5565a48ad7b1
c46fd9fe,75912,8d8766da37940c5e492358b4f9c1043b292fbbc8efe5b65d15e116bf286aed39
c474b111,70894,f3f86289dccbd77c7327750ed8eb160d07ea74c2fcd195802ec47a6691167251
c47fbf1c,76870,71860a6a85c1dec4a01cee7a291b644f2427bfc56914363911bc1bbdb5382541
c4835e34,127641,34e83dcb60bff1c0d0e8d67dfd6a37e4439f6a521920571837474c199fb52469
c483a3aa,73539,e2931a3a34e20100e4bf7fb08fffd148cfb1dde0715184d148e2d8467e12fb47
c48ee206,73126,b6616578889c973a0a3c2daf3aec88f05af3b4c621552f2f9faa9020b6edc416
c491a12a,101213,33d7d8e1b8871c1482eb407b3fa795f920527865126449d82b6412e458470d4b
c492892b,111948,af3fb148cca962734e7b1adbf9524370dcc31668c6d2dedd7643b5410cf5a7ec
c49488c7,75607,7af056fd2b4618713916b76186f42ea0e6ef33132ca88d821cbcfd61d27f6dd8
c49c1639,104771,c5f3865c93344d9823561065471b03644951f3ed51b9d624d95ee08828b1bb2e
c4a47dcc,77151,a115601e46b42b5981e0282eac2607f6871b41084d7b23c808cc2c1ea4b4c3cc
c4a5dcd6,87049,f0abc2738d33e89813d1fb252d3163a64a3774fb26f822346159850958e10c0e
c4b09559,114066,ae0fac39717c5ecc7db09cde8d5ca57d417df4931d89f01e201f4c4cc01a12fa
c4b5acc1,87708,06d27a3993310d387bee4b2de9055fe125067940a3af3df86921c63098c5a8cd
c4bc6fbb,342524,1bae8044f029d26aa836bb832838d223b1477a9230e9577cdd75c3a7e119b25a
c4c72fda,89540,61990f91b7ffa3c39523430914398eb37f0241fc2960a277d44d1ff570f6d062
c4e5949c,340608,4cbe011e073d9182c1bbbd32948481e8db69cb3d6dce5df819b8ed33966397ec
c4f2f78c,99489,675bd574d8281a8ec46b3a033d7dbac9c4adcb49376672c18ba85ef4f203a936
c5103a2d,76164,772ddb98e37baa2743b7a7d7d49a15bb10ac1bc144f87dd7fdf82b76794903bc
c51bcb78,97123,1d39064639cdb5d190071587e88d87e4aeffe6baa815c606909d63309fab47d6
c51cd1cc,89736,2499b1008a0fcf50f5af1b1ad2ffd3557acbbb5d4c6a316f2c737a3752954c7c
c52a09dd,66436,2a9baa6c1e520b510b2a6574f107cf7b867e32b9e43e2e0ee178b705686c25fe
c52a96da,688349,733538e10fb09a24dba346f34924c6d018ff3d4261813875e94fee600ca09270
c530f85a,121210,6a58d0b5d6ff4b5987ac8aa6e822f29f302d0292aa4a80db04276408d9bbad9f
c54232d4,83109,488838b35eeb3f184d9141fb018f36624c8e9ccbecfe692f46dbc147b8b0c5cf
c56ed2b8,3858754,dbc8446fd9517b24f8f450b2f371a22c1a6f13c75089f88971958d6cf1223c40
c578f7e2,298702,383d439ed99f3b70823b1496e8e72a854abeff07bd5ca03130542bf1189c6640
c57a3137,83467,9924c3b0a6a572f88dce38c6685a342bd855f4d0b57a52245d3c70547e59b8f3
c57a768a,1812636,94476f843cf8a924ee3fd9939647222c0b06ddbb7e7a0c42262457b2aa9bae72
c57ef01c,74711,4644ae8315e90391f17cd502894ce39ea0569b63451b864eaeff4c4059ed5aea
c5809cfe,93900,afbddfcf358b33d9ef3a9c099246cf1af297c34561d1c1c512c21c6d634f8686
c5912db2,124124,2586e007b5ffb0c18d4034ee4c7e54a3101038f38f9690589f351d57077c3fd1
c59c1cbf,195445,72469c15ab5bd7204b135ef786d7fc203e202e0fb85d4c665b81e29d8a81dde2
c5a007fa,332723,e1be7b2e848abd833b296dc4a63655107b5af54ef9a7721289141e96784e24f0
c5ba7520,84617,ff91109de74acf5f0d8cbf3126b1f1c59ca02cee0ae5798ea2680f309b370701
c5bc848e,109139,dfb4e227c6c5afdf59fe86dea9dc91e3ee329a1e393227fa8c56224d59f5d2be
c5c2d071,79102,a1d79c53d96538de06dd055731fb7582d815d23f7bfab85cdda33c88164244b4
c5d9aa47,338398,379a2f43d8d526e6e400f5ff7e8266399ad9b7a0f05eabe0f959a75370a7218d
c5dc71df,104606,0603c11b914c0dad63bbae5a694a307b6e18f230de932db5ff9b12fd584d50ce
c5ddfbb9,108891,24552f610e1d8ec7c70de17043373db9c0a90870422076d5ba643bea968cc9dd
c5e8ca1d,81491,2b0eadc845e5175b76d9b1ae815036b0fcb27893aea78e960f5c8bff4966c123
c5eaa6f1,115336,8b4cba5ced56158806a9cd7f43fb05e6dd30226b27596511a57bfa5bd9c1ddcd
c5f5d1f2,87744,6c30c4d1adb48ed9692c840daf555fa3e6eac3d8e4f6a15d6acf34d1cc31bbb9
c605e863,72824,d1c404037a3b477e47d615b70921e372e6307027a211140c8314630159a9abb9
c608e2a7,99893,6cb50c447f672a7486622d2d62be20bf9cd8e5471b0289f92d04de6883048ad3
c608e745,109439,c32deeba9988ebc0d7f66fd8dbb2c7d609d4c6a6b32f666f7a509694ab187dbc
c609f16e,65067,02af0125a66d068dc23ac97c9c80b979e1412e9f5420c9af8c258da7ccc67401
c60bcf57,89602,4aeb261ef806a4db1b9a708d18930e18e0c4057073b6bcbfb666cf7bd789df57
c60ead24,254395,d1619fa62660b43e9c00a33a7eff4f9a5610bef0abb57c4eddbddf7661e99bc7
c614fe98,76706,bae306a47b29c3d5121082430a0d521a1e1f2d888b86d4783a9a0fd99ed7091d
c621a48a,81160,d318a497b41dcd349e421c7b8c49345106a70c3eead754d3c93b285560740c0e
c62aaf8a,244785,fe95f70c59671d0ecdbe01bf4a8aab17a2175b0bcf96530f787ee99ea9c90698
c635d393,283166,af663804b0ca40cf3f3983609233fea69e5fddf79e4d70a17d98a7158a7699c8
c639796f,102181,a09627d3349d55bd039874c628dbc480a71d3f3340d845f27d73044ab2af1292
c63ccbd6,103175,9a507bafc11e5e36b485c02af04e7d8dec487f1ef9468158f2e99ee1e9a97b88
c645a5c8,112851,a3d190177b18faacea90e5deeac532d463298c24814f8ef52e1d3bf7d194114f
c6583f36,128879,d530c87a84a1f63086f76975493cff8f2efccd84bf1affcb25f573e920e75f70
c66c0cb2,96284,355cebbc7e81fd0475afc603b3692dbef1939caba0fcc70de859487307713587
c66dd64c,1634258,f06a0153da750eb24c00492ea1339effc4f83d6b0d3b0bbacbf2f95b21f404bc
c672cfaa,89136,c91c578087319fd3e1fa082aff386ea33a823f0758f52a0661d515397d51388a
c678f895,94178,0d49d15ebcc3fcb11cdaf8f0899b47980ec4025191a2c78febef846a435a77f2
c687d651,75660,57da772986d789e78ad1c36247840ef7f92480412ea1caf922ccdb641051e03a
c6893ff8,100127,b1c044b83ed43022fd1a4c66202d0f9c23decf87a0ff0dd56cdc3087ad3133a7
c6950a79,332277,97b435eb787810d7d3eab3e796a51688b71d7e2757056b1da07ec49d0b3cc98a
c6a65f43,86185,9d968f7877484b7c5f3ff03897ff5d3a5d93ed92d67367819ee9662e11d2030f
c6ad9f24,110364,7d8ba5a6f9eec535552e65ad2ba3b8d57d5575bfdec320b26eaac25e096d94bd
c6ae0736,113941,292bba5cda30d4ec7960f4971243bb9b1bc38291bf50d33c10a53efd6df77257
c6b41630,112889,5503613db35a401cba2066641a79ecb1f77e305f97cb62f09f20a02500ad56bb
c6b9fad8,89919,bda87b6e6c43a3f62267ae680e21d8592173c658f2c13324016f2f08a9c3a27e
c6d37ca1,97485,ba89b03cdb26a380cca0c4cb56704bd61db825e292868fd50cf18b57a18e28cb
c6dae0c3,108351,f98ad0048ebf89d82cd33d7dc130f4c7371b14c8f6bfeb7d008c6131d582a605
c6dd7469,72624,cb6b4fd1af1008e78f96877257931c1722c2dabaa0a83f19baa9dd5d4b2e5823
c6def635,114428,5dd2eccb86f75a9de04dd399bdfc8f31a0675af687826d8d39593654837afcc1
c6e37a4d,317604,c49afe1329ea05dcbc921d490a0a892c7386b162e00941f2544661de34dfb97b
c6e46d25,108161,7c064cebbdf4db9f3ca1af383b9a5e00bd1d5d82b88396e70f0c3b88be6cc344
c6f6edd4,108890,6f19c16e3183c9f3941ff42381699fea4e1703c6c9fcde2062622f4b90e85358
c6f854b9,108785,38d528eea427ee0c7861b173f1202633a244da25f991becfad0874a8661b6e16
c705ec12,117247,fe33678555664fa26bfd43e3604b690b889ae55580b61b4a922f52f36472222d
c70718d5,99814,4422395555d13ce86c5b14d75fd36fe4a0640d442f1c26f83b99214d521ae2c8
c70c407f,106651,0edde6364f5fbc0499adc25e30bcf77cee0d516241ae53b18381d2027993b822
c71402ae,75216,0556e12acc7053bc91a69833727299820c3279f83ef20c271dec0deb90725a0c
c718c57f,94268,59ab03bb2a0eccca44dc646e997cbc10de8d305a8188c44b319cd077172487e5
c722469e,96706,b4f8ca53cc040aa6f023ff2a3b067e60066d997fe27fec0df32335820d0fac1f
c72bb5ad,1778663,5e6dc6fba191cef3b0290a1da11d19582ef6d726842dc1499fe526a7173609d1
c72e246b,87109,fe43bfae7b0be0a8a3b4bb435e8d9589cc0d51fddf13325866adc7e31871bbc2
c73064cd,107974,4b096bb8043e114a3e6a05a0b69a37f7a11181ca2857262345e0a56bf095d4c9
c7368865,77499,cda764a33436adf5dc777632e673a392c7fa83c8500782825d9c36dee0b728c1
c73f733d,103316,9db5130e09321c9fe801557d739f8224f86a57b47c43cc12873b29429b92866f
c7402032,98731,6c623bb19a79e5c7adce6f15e2e5c54bc8798c8ac8986433c3434367221be0d0
c74f5a0a,349042,0a2185dfd5df297bda75bf1a0f182eb1945be99f133c70f1bab425f06a912b0f
c74fc80b,71934,8179a0328257f6598240ebd1e6e68139c8c65590aa7519e5a34d37779c21d636
c7514c85,64949,81b01aec8603ad5ee6befacc8625f16dcbffa44369dc77508b6d26513c009b46
c751719b,51442,3635ed2104f2036421bb3683e139b69194875832b05dd47dca25eda7f16650b9
c75f654b,468150,a54187ad1a39635d2df7fdc478fc87b3de2fec269caf967872687714ec3c0806
c7750fd8,77176,ab2031a84d27d05f567d745d60def7ad5becb8708109777574276a80faca0d3f
c780c6a6,106662,4a77f14e2ec1202ec2efaab7c25b8a371c6518ee065913ad39dff88a86c4bdd8
c7831c44,119960,96a479a5db41dd0cfce29959ce6faed7a8afb82ce4613e38cdadab6bcac5cef8
c790706f,117585,641a8b8878a233fab48edc051359524247379be55167f8a816ab93b77d114906
c7992821,78105,73296ac31ca0a474a779e8450e6d71cf85dfd9de40011bdd645ed479e2ea9a20
c79d75cf,75720,89951bb341c67749d0e1f4ebf322bc33fbc0810536312d0e7d3c54b0424af42b
c7a3414f,63206,767dd01ea82bcc21fda68b1776940b0a927df9d8831ae172b8f83a43271444e2
c7a6705c,93984,a94ae2271573575f3516470d9b8ee075ea37d9b0fceab6122e812ea0a50a12d9
c7c17018,75214,5897aa35bf144ac2d90b314d7ea539e90daf8e11938aab34fcd475f0f7fa5f2d
c7c8febe,137452,a97abfe18bf457440a4cc7a307761e9d8e0e3744c9b90509b4748f83b3c01362
c7d599c3,104216,af7543b7174bd448e2db165067010a368884a3a813f8917255002dbaa02c0bb0
c7e10151,90162,f3858f78eca2e6502e520d4b8179e4d64e7220eb0512b31d554bf8fa55fef8cf
c7e3758b,99238,2a0df03361f53663c0c7ac4c1ec8d5fcff1a807c64c97007354a806ee13d431a
c7e3c014,98773,904042b2859f5b0e9cd4e5f8279f987e931ed27a9f42ea668c6abe05b89e177c
c7e81492,107356,dd73395640b9096184eb6abff43a3273cdf816f4168e7fb4aede841cc6839f1a
c7eaf08b,80938,25ed89606c6b6ce73a30b69f302d7a204df89b338d7e0ebd0a55b8b2ac771b2a
c7ed6683,75263,4271e7068bbbed2632a54a3142d96513ca15971849f5d237730216fe64a37e75
c7efc91d,100419,cc73402ff32e8f361a3dca7061db0f4e05c8684a734e50f41e30b42635938207
c7f3836a,66101,ad2f23e0952bed403ae41540daaaf34b708203c8f821d77de66bb4be9db8fdf3
c7fc387f,100872,a7e54e5845b48a113f7bb39a1416505a16a13be73145a0abccb3de588d06c711
c800acb9,81499,2e8bd0f87b32b76d77c387b6d9f6c8a1c56d58a1a1a1e5d32b3dab7e789d0703
c803d685,88441,06f05e34a9b964eb2173d41852a44831fab6aef0b7bb035406fc60218169b06b
c80ce70d,64911,4ac624fc54c2f15bdb80c136bbe34012919c397dd611cf3401742df9a3d8b1e7
c8171648,74037,109ed4f76f830147bdd97b67b84f6f5b8390df6057467e9eb8f7b9e8c7343356
c81ccd37,98983,e053979f95c53b16820638adf7b6bdc2e775b22eb0dfdd402eb2d2318a695da5
c81e451c,108183,bffae80729a432dd9f702beafa400c73d0d618df805cb8c555c5198dd2689121
c820a83b,65412,59bfbf5aa1e3f92086fa974d3ef87c5da84167c6553eb8343ab6010d13d0bf1d
c824bd7d,69905,cbe9bd33bacf43c7b34a92873919d4dcf846276ec9339e2a0c1265a54fa5edea
c82781b6,2143289,56724368fe9fd62edff2afb50c901e8f1641e6608edd95d3806088bd389526c5
c83bc56e,67790,1f8e98c582f4ac8f1dc1dd2247c775834ce3c1b34a50329ae421cb2a48390ab8
c84a865c,365600,99d8f7f9cb108e54a9658fcc6e3fee4e2e021d6efd402a00597560b05915d8f1
c860aab5,71694,b504903b78f6b65bfc2e5035105b5f9f24169a6362867364c25b0001cc477694
c87384e9,112205,e0e3ed295133861a8530e1148d75c5eb159147916e9799d443c159de448ff56b
c87901fc,96838,d29e3206985a3908bc430299522e50332963cf0fb7b70bf011f674e1759938bd
c8800a6b,93935,cb680b3de2b638ced4bded3dd0f40a8570da3f2029f4cb5125ca08d99228837f
c88a7b90,100361,1c3f3e052b2ae55b8f59607b89cb9ccb6df7b09b37d45ad19e59c471b7b40e34
c88b5e0e,69273,8ec094cd077f97d5625363993a56ad24b0b7899446d635d61a5186a723aa34bd
c88c1673,104373,d0b0ed32651ad251cabfb567e320607ab4055dd4fb5caddbbd31cc1f5dca2e61
c88eb681,84804,cf409eee69f3ab83ace55ab0e14f7e9b6bf41e8fca20ac4df43932441d241d9f
c89dac3f,104526,82a2f1a7af56b772c5ed05c34532f92e81d6189d97bb10e608e33784991612da
c8a3ad1f,89894,b5b6d91037071bcec9af479ce3f4707d59867033d40bdcb7c9986bc2c3a059d1
c8b60a9c,505335,3240530a14701cdb86799c3517c454b1b562f5d8e713f6007c7d033efb18e39f
c8ba67d5,298048,ea39d72b992fd2c43828edbc94da8f3a65bbf623b94c03cec5ffef3e59cf0916
c8d50056,89921,354b5d30908a25888a37b9fdaeb7c8ed90cc8c657b7fba872ce7de7a2a6ee498
c8e2dd85,70981,373367f1b3d2a7d734b09d8f07b7bd9a8436ed6ab65c9d10255569bd24159fee
c8e53c48,80615,61322e9f2e0c826620a37514a1dc5e1c1c5447884ad0ee52026bebf8bde4127a
c8eb1d63,84645,94e14658c9bada64c968c08597ab0776d08d8b725493f0c24538e67f0df04ba6
c8f20781,94340,745d69f6819109c785f85e10bd77efd546246efb8d1f68eec8bd1c1bd2c54b91
c8fda4ef,104301,8ac16f8937756a852d2d7d836284c8c72be49d42d987dd20a115dcfc6ec9c294
c8fe2833,81043,399d2bd1fd1e5250f0c02904f8bbcc4ac42708546677da269d2e8ae819690e6b
c9013aca,75830,1469b4b11046fdb5c8c1b683d5cd50965d9e5bb03f053956ce2234392f95bc74
c901aff4,120656,e2bed48f5d8bcc0968265444e75bd8aa55d3a0b20b235f5eb6dd6472f3e515cc
c901f374,118802,c1ae27885598772b6c8c7012410af99d306e9bfa5f13cda1b824ea315079d47f
c9040714,102188,8dcfb65142a08b1ba1e2a315714f2a6bbaec8275929f8c48a3444588e2f93b8e
c905678b,98958,1d1fcedf0f832363f92ed51b1f329daf7fee971ed95fcf9eec9fea0f116a7d51
c912d58a,78266,a52577ff7372c5c24077c446b1d69423c5eab5216defb84273747dece4b100be
c917acb6,117758,016f9271841b1c6b2d75cf2798c9964b4117598300cbf665893ed03894ecc271
c92aefc8,253036,2984dddd63218cc0fdb49a87b82f8a13075b9a5efcc73bf066ec8bc6a4c3ef68
c9382cf4,81029,ed71d786258bfe0e92796c9b63f05ec01c395a424d6bdeaa026b805ef35e01b0
c93f5920,105059,25b2f34143763161726ed6aeb31cffa426a2f861570b8d32e6fc51d5486f91d2
c947fe52,446316,b0d2f4e8a7c129c40011b0447d9e9503d452d8a2b51c117cfea555a7c45b707e
c9486c7e,100492,6a7de057a0aa62517f7f03acd4fe7f895a0818ec41f5e7bee2d931e70ce28b45
c957cbbe,94957,30c4dcb4f4216e5c080462da6d1dcb28e75c82ec40d39f290d08092f67f6825c
c964d4f7,103807,3202298f96705e5974f507bb8820a34b9958c70ee31b5895d1f4158ebb5774d1
c9696799,82742,73d5f8c063aaa60065e108af85f775acacc717733936e3d3dc821898cdcb50c8
c9708cd3,83449,320e0c7a3382c827d0494d4a4bbbac4d85111daaa10dcf1bbdb86ca06364ddc0
c98bd5f5,90779,d3f74e299919a9b2577cf10052d14c28062fab5bfc342b4961aff0a369a4703c
c98ca794,96935,6fdf1d2e109d603ee7abb1ed85c10f8978d36b0b8c0728092f9099214e459baf
c9a1a278,93198,774bab0c69c39036eed5faa558b1d0891c00741d5c11863692cba3f7fa61fa96
c9a3f696,115540,1f05f31bdf5130e9254df1e382f333ff6c51dc3b922f17d03c6db694148975c1
c9a58565,82277,871978fe9ac3e62a711cfc4e200efa8d365073cf17e14cbcfbc65e70584195da
c9b286f4,68399,2e7d9f4f4aabe223e2ca996ed8640adbdc454f1ad63672e6098b3bd918414132
c9b5b7a5,111934,580e540925690d70989298d871afc32a82619ea7ec7ea47595bcd9b2bb15aa90
c9b8af4f,99544,23dcf03c75f065189a1ac690dc9507f689fb91ce037e8a0b3765b2c110a698f2
c9c77215,89604,57b2bcf917087d3946ae4c467181e86e34d60fee6ed92c474abbb3f2f570d65e
c9d742ac,87740,96277a330e8fa150c607de766c215173107b6cbcd272984c11a3acfa622f4fc7
c9e69c2c,110220,d6b17e81b2536654211df3b8665ec95818f3df955d4177a4dbf74eae1e059700
c9ead667,102836,f680cd614f26d73a9ce6c895ceefe82d033e747083b27c7bbeecd2d5d2b4fcf7
c9f79271,92627,e365ff4f98eff3ddf86e098ceaf2e17f8a59ec1456c46c1a4ea967fda61a7227
c9fec712,76515,1d7d9bab37ecc51687c7dcbf9b445d65367bb30c0776ef6868726bbeb76cb185
ca003771,96827,b0b56fcbfd73addeb42585751b0ad93239c76565ba2956812a108c24f945f5cc
ca124f4d,113133,6421b7c1b22c6c60002b66508f7f7b5ecd0b1c5ed91b407148ffd727fc1b8e8f
ca179bc4,102990,0fb6c6726b39b2f2e095f01bc54f5e1523d6339256de40021f9f54b267d7ecfb
ca289d30,116499,4a43d0fb0030c1890a79a8b281919311284277a1ebcaabb078d42413d93305a3
ca3672d0,94696,0fb4a18372a9f0e519cbd85788e395e4b04997f6f1a24a4780fc680cd220780c
ca3dc532,78468,3a1fd6a2e3b6362edd126edfbdd6771c2b6026cfc2294a2805addb5680c18f4a
ca3f7957,93180,b82cbb554bcd24052d8376cf86d807ec7d7ca14aad944dbd485e0fcf8c93dee1
ca48d215,117507,b39028b2f2d76590e72c9330ddca137cd392cb6c6b2f3d23f5847f366727d0bd
ca50f1d6,177298,ec37b47c3f6ea6d58461d662aaaca7cd986d992fbdc3a6d0d33b4e8db45c70fd
ca578d2d,1511489,e97ae79d99f50b8ecdcd642e5e8f7a6c417f4c232a0ac5a1792e2d035271bbf6
ca67213b,2767877,1775d675fcd161d7ea45e671592fa883130e47a251000a9d27dda04b8b82b743
ca8bbe16,88200,e9f16cf3091935de7209d0716c8367014eb33f4c543de34acde338f9e5e94fc5
ca8c757a,100441,46c36cc7800c3c920d23a3b8abb1bd234a2ff28359babe189fe95f3e48c1b79f
caa46ed3,98274,15183dca8bd2261a4ee973d9476d57546cb935bb742d9982ddfa188fe299c1a9
caa63db0,97607,78b853572b8f3784aa0e5e791f14d4680869965ccffdecfb96a0635047980a89
cab4f0a1,68121,7e1d81539d7f9471d98dd8770d1f3248a4bcefb37a7ff474d49e790ade1832c8
cabcb582,474261,02f239ba424bf6aee68a998aaf7bd5ac25d7d9a4701c8c2b6e9032213a8944a8
cabf9350,92386,27832d010fc7ab0c87b8223b42e8ae750943e94c903fbb33fe16b86cbe9cbaef
cac4abc1,102492,cde827abdecf366ede8e6df259f7639776888fcfaadcb3eec725e9c1655d0bb3
cacbd6c0,101128,907c9f5b8df296a3f06d94a92b8224e13f96c5466eb92987f7dfd1d487b21e4b
cada08c3,83605,68038fb7e4748121a6bb259abda4985893ff0c1127e1b7c2cb403ba8e799c1e7
caddcd48,332571,463c1a1899741fcffd3052c0453b66f75d0817519e2a0e8c5226ccbe45db85a5
caf3c28e,74621,5c388182fd84836e67aae61786fd7256437fd368db5847ad96b10ec66c0b2649
cafb75db,109116,88f7a25b24f94907fe3fd738345f0e1acc0ab75b51ff570cccbdfc9dc29a32f9
cb01d35f,583069,11fc82dac902bd2436f18afdf0c17c6acc7acce211e26ed6f0c725a191815b97
cb02384c,109587,5abb2f1b51cbdb774be553267e98120b0789b9d1096ee6746abafebaa96fd38f
cb042d54,112122,d71edc561bc25e45a12bead22d74c1f42370432e253d159c3f62ad45d5b4e894
cb261d26,268897,a54bea737b077306396080856b9db4cc35107fde28c30b0504161e845e1c6062
cb2ec22d,81393,2aad748cad85a22f60d559abcd44e330eb47fc3cd9984101b5e603330d242446
cb392fa3,99828,96ae407a4abfef086034028731ab71ae75746848bf1791fd85f1a9b9aabf1c9a
cb3a078b,140065,4b1166d83150232518c6e92f56e06437bc3f830ef71155dd8fb74e071b08fa93
cb3b1f61,90607,8e005bc14d6d83fb12be9b48b5f1102f56ac737fad0af530daafa1664d8ae566
cb48d83b,72389,1863c5394f95e7cb42e013da32f4b6a51f6ebced91622fdedaa1fd49b2d11cbc
cb54ecd5,75998,2179f8b1ccd3ff734687e5b3250bfad1accc8b1e6b9fbe552dd7d0821e1f77ad
cb55a639,89542,86508e5f6eb2a69cb6baa0ad007b501c1e418cfa3f3323b14bacf89aebb35d29
cb55e618,108350,bbc48c90ef996ee02f53e72fc7ad989a0cf971c34c7c706025ee85062259d32a
cb5f6657,2014460,7bfd8ec6b4656d93ece68f3462f4caa9e15e6dc1343fffa2d1cd2e9f883b9b7c
cb812bbf,99488,5616f9b2d96cf167d295352d261985ab1be499c284d36c4c80f9f099e81de6eb
cb833496,100667,1ee1d025712e7f58731418e894f3f72c3967a1afcc7c72802cc39720ee443f02
cb8ac8fc,77796,0c047d0de34d9b3b49fad1b566dfb4591cb8c2ed0b251dea2fa19d19a64d88a1
cb91531d,111150,da710cbc7afd190153c76a9ce775d8c668ddf3b15b97fea53739652e83cd0b1f
cb95a0d8,80483,02fa3849de3185ab615c5b798d826a7343185bf6cf432df623c53937a1067823
cbab8f7f,117013,e1f0261e29d5b7c8b37f64d523a70c25be4a1d835d20674f93c2e57ee3fa988b
cbac85f1,104773,235763374fd4cb70044b92a84284c7d589995b6d2ea7f05887f85e5d4ac1dc63
cbbeac13,81912,c7b9ac717b521d25f41fde05ccb5178934c02fd0f5c50f2bab2e1852780fc731
cbcfe8b3,80830,3f505e18f350c83674210753f972be10462df9114a45c50101977051d78da5bf
cbdd049b,1031431,4d23869d598ae4c9846d09886564f6a1dec1f88fdabe69173b1637d35842d541
cbdec6f5,387799,32260198eab85b37d02f563fafc2e3dc3bc0a9f84640c8e70b5696dcc323caf6
cbe12c4b,100114,d714ac9df3a19e9870abc4686c4b7435aa2df42ecc9e39724f456d24d46682c1
cbe2e8ae,79112,07cfae0df9347ccbc3d6e8f163cb08a7756cc043709ebc098f120e1183ed9d03
cbff6e16,105165,8e2b57947140ce2e0d935417d63bf290ba4d3e5316c9d4dc749c564cee673573
cc05c6c2,116099,6d7dc229a6305624e74354b2324c63b28fe659674f09da9cb7c1bac0a0ead6f9
cc0725ba,100305,ec5b5aca34b4d1ae1b4145f4558af98f709747470988d0431e32f94444860f3b
cc0dc987,102975,13a35cbff1bcb58aa3a68859a68dac89dffe2e4f9d3278bd7a5cf285ea31fb9e
cc208251,349602,5fdad71285f14b43b150fed0a0d8274c6e9d701df36b711555405ac5a7bc1857
cc2cbd96,83931,5451052a4d9ae5704ca766a09d47e3f35836e3bfb39ad6d13e12b081552fd67b
cc2e9ad8,65710,12a06efe4ba19cab299dde36aee74e62c4e8baeda84d60d216ac8399dbc8d78d
cc3795e7,96446,5124b1013119e35494afa6c2743e6b760518965de97c6100fce2b88b795366d7
cc41e2db,88939,8ddbe68bb27f6af4a20976b97506123071b23a215cbe159eb0591aa8a48b8bee
cc42468f,97176,6b8f99fdc353b50617a43dbf8d75df624a4ce83699fac33fbcd2708452d8805c
cc4802d9,2499879,a241cc5a8ce73ce98e1cd6e32340833bc3a66e7e8b19ccd7783ef78d728cea64
cc54a729,91097,2bac5608b358f6c9ccf2515debc1ae39ef14607e37705dd2376d3bb00468ec4b
cc59e246,112142,14573b4e93df34c44fe2ea7a75f9ae7bb49fc7370c547fce1624e2483571d460
cc60bbbd,115192,33ff690a8b3416e8c88f1f921358faa804e5e30040d0b6a1c242fe1e2e2c26e7
cc618340,80335,f337bb76bf67c4fb68c85beeb773de47e166b1ebae71a56ef0e9424ffe574fe7
cc6d2d94,90427,f0c02970cbad60ca7656058890217ca7e5952d021e5dc81a4126d97cfa705d5f
cc6d7311,99006,120397e5988de41c1ca3f51acb55302115e6f493d828c662b43b3a97c46f9e7c
cc70cfd2,73945,b2ecd52f424c4dd6f092ca3a3ad1bb990a92045cc85d5a0c3e20fdf812fbd1ad
cc7d415e,104236,e1354f017876d6057d19851c79de2acde0a32fcddde76b201d5f2fd1bdc67fa7
cc82f6fd,77007,0ce7e7719c017b63dbd4abb5fc042f91691fc9841c003ccb6435d6a2ca856cb9
cc8d9a63,328965,c2ee884025fa0b2896cce2b3e1fe67a83548ba431e62366b2b6f7edb82a184e3
cc94f501,231089,0f9334bacec4a62ecf931e091e3a6d6b9e2b9a2f63db0b2d9d7d19639348d145
cc9941f7,84019,13537c107c2ae6a6ab8df353abc2cc5b7f73a2e529b499c8f198c26075f71775
ccab65a1,83047,a54ed21c87619ca569c7ae3d75b114ea3c8c91802ac0edeeda96a84ca9bdcf20
ccb0f775,60426,315af450a6ec0cbaf7527da50a35794a1579a80c9d978353b3c10cbb133516b3
ccb1e068,65432,264a010cec3e5a3538e0034939ed52409d87742cb0d97da9071cffa11cc40de6
ccb4e52c,68344,2299155b644c3c6a590b6ee2ee0dad82ec51e025faed8e3b2747c040ffa68aa2
ccb61328,105063,62951e207b9a3c528c8bf553a44ed21302f170c814799c70433d84d0ea02f35e
ccc0f650,385928,37b99bb04a5c359cd1746bb99165c5293b6a2236c0444aa2ac61276a8e075bc5
ccc9c578,96254,1ba7eb72a8e09d4ee341478961f5b4a173d34fe92c2251a120b29e0c695cf4df
cccc8a8e,99561,3237154df4df1ac69f56473355cecd87a694ffe9c96126384dfb328d7f24eeb0
ccea273c,100367,12b2d9db258392972149166146b3cc139605221830cca91f1e12cc33def1ba40
cceb4ad9,120747,9067df5a1329a4a68416f37c0fbd7ef1594171732497341bbc944e8ee4155848
ccecae5e,101339,3e936cdafbb7eb7707591587949f596ec8c03351307e465169a1c1974c471029
ccef3032,2190019,87af0ac254610b3b6deb094c85c4c6ecb759d2ca4c2c848e5fa76d77eb083723
ccf3e721,101825,92d6eb8b0107b5a094034492ddf3b0d8da750e5ab3b02992149c09a531ddbdab
ccfddf3f,79155,cb99e336b16e69cf07d040e8210031e9ba284021c6ff2e6b2a9a844ee3d85cc0
cd0d8e5d,87717,bdb1dbda5a3249584729ade7d1b1e1f43fd5d79f10ce01ffad79375fb982e16b
cd160953,73081,e4f80391ac948b76a2c154e3690ce69a1ed6ae0d82812f03afd99b0f635c18f4
cd248cbe,116252,6f0d652349aba9c14ff1268a675a0bc011fb2f7f732b62d7b208ca1d1e7dce3c
cd27bd60,104328,7e187db5cd1c9f88f338bda40e8d1b11c519be0d0bb24999fc4e62c91a57f2e9
cd2ebe95,79691,a56c104c3e35a9bee1cc768a34386c794f67c03bdc620c0b11a54f331b27ba4b
cd348c8c,81932,f304ddc9c6b628b14aa0cd2eedf791574e4b7094e367f2c451c2d789e9427625
cd430372,92337,9ec7a4ac0eeca2dfcc7638c2682be85feaaa115afd38ed064587af59f512154e
cd526507,99500,21ee11805b0fb48712010155fe7c7b294b7e3c06777046e20c7feb00abb5f51d
cd57913e,94461,48656f547ab5bf90095afc700b7e07e300645ce5e566a2e7ca7149c5e7a147d8
cd5a2078,106813,6d3a339411cbfb10452834a212da1130ad177fe2657e7e3cfad908e5da446792
cd5ad301,102661,fabaebcbbf2cbaa9ccf53edc60b30cadb260b007de027424443f5cf669ab18ee
cd603863,96664,af2987750447789192cec02b9ea5a8cfcf8b62203c33a809220693fcc180c496
cd689de6,72178,9b8a3e3e5a3001b6038530eea983c41a6e8cee77523b6d2fc6587f3e17dfd0eb
cd6a94f7,419299,ed941d5b2259ee3cff907a01cc924dc14136cc6eaf1a7b7bd1b651f11a68c3af
cd7b3fe3,85549,a6aa31e5996866d39de9db217cb35073bcae448d01aeec9ada770efa86678feb
cd86324a,46740,a425a37fbbd81d961f4e4309c6ff32d0a912366697b369c71a0798ad192b2829
cd8f264b,79777,04794261605004bde00ff79feacad44e37b8f88b566ae0ab19ebaa92c63816df
cd9127e3,91675,ef01c79728b3b3242e9982f5862a11394e044297289ebe60b9ce460c98266c3c
cdb46b5c,305884,7db577208469f6a56663e7959f8eeeb4915008dbe9fdb46ab2d711ada84fa5f6
cdb6341c,82662,bc8ca003c6e2ad7b557e6b910f80657d4775524990a9d14abbe7ac1507d79017
cdc79f7f,101215,bf5ee927f0aa6ba72fb4092d836291e0c7c8b8b0cbfd9420bd0d8d5ce9d4a93a
cdc84bcd,763019,6c42057b5f00501f81b6ef3f89eb9942ad6c26acc9a100651300c1cea500314d
cdd1505c,74412,32f955d0b5c7e6e568c07e6847bc083d27121f2da230f7874ec3f62012b49cff
cdd6e9f3,92075,88abed037f72c770a0cc0432f0820b2612f9f9fa6086ee039bd567864dd385c1
cddff007,114591,a6b6c2d75be5e5386e6214882025fa04a8033469d82e7adc4770cf650559739a
cde13176,83646,b2ebcef49281f10bcdd464de77c9cac055236ce6fd52a0a80a417f95f538f13e
cde46a4a,84628,d996e1302b59358b9e31964a21c810ec09fe393a95ec1afc742fa66102bbe2fe
cde4e638,102508,da76e278ad9e9164d408a292507a47a349294788ff59deab51c8943cbe2e3356
cde560df,97841,7bd310ed0eae7b6ee9ffe629bd34e19ac3c00e999487aa932e9e18b12e4c8437
cde82a21,115186,41e2457bd57c2f64f498a2169fc6ba1e17905af81437db20c2878b4edd395e7d
cde92236,99920,dd7d776424896fe5ec6f2deef42d8533c7683d56e89759a3c6f71fc9bfe72302
cdf0d2ea,91751,f65d31b7d146201ea2379625712f53451a1ad9fec8f68701f227ad0ab9dc9e56
cdf3bd20,80875,bde05e828263e1b63f1c0274cf8b1b5567994ef05e74394cc5e749e19d65694a
cdf829ee,106242,f5dbe8431903b77a6ea722b48ef1fb2c57c140fbce17f887a5de3be031b39c31
cdfbbcad,260950,f017152f2cf80b45c88713cba4cd6eec84175edb603de80e54c538af0a2e3f4f
ce0cbb84,77865,a7574c620081596467b8f4b0b6cb000a76b0ce893b6ef3b048ebd14983d00701
ce1399fe,96327,c32c874e776a8e2e01007060185fc14f28e9e77cad584ebe1acb514000c20130
ce19df78,593640,dbb889b6cda8e1ae1c3117ad1585cad957a29f8691ea389f3f939d152461c547
ce1dd6d9,275466,5f01ce600b774f8916fdf65e1aaf01832cfb055d5e24a290316f1eaf863f1ce7
ce218c41,78853,b16cdc1c935a19add2abe68ce553954ee7a7cfe63952132e21f579580d5db181
ce2b39b8,72685,187c332c00f57c6a2dc8bc133696384d75ce6d229e254295f4da7d7fa37cfbed
ce2ba0a0,90449,a04de39297310c74dd1bcb01a3f4821a61cd18e95ee6e693c8d37c0a7feec60e
ce2d1ed6,99749,73e570c9f25be901be7a3d8fa39915f160a7cbdf7699e71d82652855e5ce7a6c
ce391f58,91452,8e2298030ee5fb1992a9391021bc38371713eac5b67128a09d97e546146f0829
ce39d459,116870,fa41eab5ec68f5dd3b5f2e0cf375eeb3b21774fb5b7302101a6953db70ba916e
ce3b9cc3,106568,13f53d6ad415121407bad742c22e4076fc30e7fa735e2d6c830f5a1954fd43f8
ce41b334,70744,79e83f582bde1ee08e1ef210c0a95d8bb66e62b22e81efc9dc95ee253564bc3f
ce45331a,285577,53473adc1462973e2220605fab07abfe38614fa13579fa19f2950bd4229edff4
ce499b2f,102104,6f058b09a6e473f58618f797119fffd18c04fa6c5c7a4923fa1590a6116165de
ce4c5dcc,112732,e80d14ca95c0726942580410fb47356572390f27124d9ee465932ca33791dac2
ce50bf67,101399,7d55bf28d36d84848443b710dd2d6a8478bdb1a57e87f71b012c6e1a946d57ad
ce50dfd6,101779,bd0d07622acdd120cba9da6b6eb14547a183fe20fb6553e184e7bde6e08a80c9
ce5b69cd,77724,fe9df195b557e85d095d93a6ed40e7419f4de5aa592446430a6f21a50b22f2b2
ce6d04ba,72247,4b12c5ca6919091df4913f4da847e76ab8e45224f0afcbed1602672a748dfff1
ce717b8c,104939,e3359cf27f41fed29791bceb784742b452a84abea63d61854ff39de52fe52dfb
ce7df91f,79424,5d467c850680c7d640a07a6509a3804962792f571033f34f32baec095c612985
ce81d92b,88501,e6f1958fb60962c7987edb9f0707f50fc4f2f402b513631bd42ef7050a30d2b2
ce81faf3,1306944,3a55081ca7d1c8a2d5edc9b56b11ecb30031155a4ae511308b6721bf37a1862f
ce834145,106064,148a4ad50bd53fc93c828e2fb90251e023e53b23108e12a0824663facec33313
ce8c8b9c,82119,5527b2b226dc8ab2068b4cc0942d5e4b28f309e169402da0865403fc0ec7b65b
ce9132d4,75339,0d1d8eba96983b62bc8e5801750c5484b3a5ce552e41111452c0e67707a9e6cd
ce960ac8,112163,4da56838db62f1bbb38c5657e8136d04f2adac446eb5393972137e91c397b2c4
ce96179a,92921,e9002664c1623f2b578069b30e0c7e98687b1fdfa8da9ffbc4236fb9c9bc031e
ce9e8dcb,92826,fea5f390e818a7daa1e76ba9ede6639b17ec16d3bbc16d8e1739711e6ebf2916
cea844c7,66487,78511e43fdca109d5eed63db261838f7f782c4d75c5f318643ee3d61c6e00cb1
ceb40165,74469,2f28711953b449f9cdc1fac52eb9a03cb55403a3a92970c5202145f08acef87c
ceb99b78,78562,c215a2cd49a373d33def54397427097ee2f904c6ecb3270d2ba7fb1f2417fefd
cebac8c8,113720,db1228afe72c0dac169ae22c11a818540394d71cc5728e8da104c494fb2a412f
cec0224f,102945,a7590db3429caf49c6d84b3e6d8277e9b5bede7805e48691b22595af74f28d1e
cec18073,87014,4e276398ce1daf4630e82cf84cbce0a08f165f2994eb74d90a143f62471c96d1
cec24e40,105418,15d8d77b02bc3b265e7449e7e6f32577e143ef7094abd857505c9a2f4e47e587
cec6c50b,1880183,04327429f85e911647f1ffa4515ffd902ca7756ab2dec99cb160d9cbc95e44fa
cedcb532,76044,daface47feb40e4c4e66440fdd6b9fc89e742856a45b3948597829cee6106b9c
ceeef217,1087214,07f5e7d8dc2f4310edd032ca15b145cc5b7c7203fb664285d5cb021ebff908ac
cef2b5f6,85025,2e03e58df3085e0f89980c7bcf1486ebdc84da0d85cc34c8afabb30ac7c61a0b
cef5cfe7,107851,c0646bd9e0eaa6fa77cedf64cccb82b3af4601cb3a6fa46536e82e3073d0679a
cef753b8,340635,df59ec18230c9c77386d7c16e54757bb10b58dfc25736bdc283faa13432facd3
cf06cd15,96461,8d7973a1375e9688b0cece81a11ed0c0234bfa1acb4b4f51e804239d76abaf46
cf0cde1a,408519,309f1cda48af0b329fc580190bfc162c9c58b94f6492482f0ca7c9992bbcfd87
cf0e03a5,97085,81cd259d10dc0eb301d6922dcb30c55511fb43c748d90a0863ce5f53f8659c8a
cf0e3a80,101323,9507087c9f9ca8464eac9143405cf7429c557c1102bc414da22c243c45f914ec
cf11c93b,71791,11833497f3f021c13da5a786743ca0460d76f535f9c0968ebda2650ba9247a4f
cf31919d,122106,d9e7a58b88a5754ef850bd2595d3bc01fd3a902e09c53ba55777305c62737d20
cf38dbbe,217720,d69263eebd83246c0e39f8b33335c3fd98b971a4d569ccd93b73af7b4a67b369
cf3a4411,97738,d6ebf28ef750482634ce63403742865854a37eb408b4d8a282c0e789b4bb81df
cf3d0728,84236,f3b52171e4d636ddd312f54782ad11586217ba87453457c23feb79d3d7b2aadb
cf4317c5,76374,db2a483e89877b1b26700f2ad0752ff1877a9823bdc42f59bfc8fd7d1288db2f
cf45a368,96582,46dc4c51e1a3547e89b5c1b59c288ec31ecb1ef04b671f17f87deb4e6edd86c1
cf4e006c,116576,d706a646047097a6f02fc8d83ffdf311c9f8741f88d590bad8fc0ba710d73c72
cf58185b,3816746,31c6eb8e14c665a3c61462847db7785789a1fcfc4ca990c7565d06be3483b00a
cf67024b,69783,d85b5924c8208d06188b67ed4ad639ecb0f1032997ae724dd91b12f0826327ef
cf698a77,100997,0e51fed242c4b1c6a7bbc488bf6186edf341c5e7051614d76d133f8980e3cc35
cf6e6494,99251,22085efb31bddac8c97a92bad1c54ef4afd4059ce3908217fb96212602721cfe
cf73769a,107746,e0b0d62daa3d05748c90515876ecb9aa447f59ec54cbce125c936c0c4af99dae
cf868df8,75705,fc3fce253373ee0d3fe50b3b5689c4bb216da05bfa49a05f01a488a68ccf99e7
cf8cb21d,93620,25cfcddc90e5b637bc95cf793ec63c6f4156a4819fb723d24109f37de47b5fdc
cf95577b,99831,81b0f2027a4679807fa2c02d789fd43f95109b2a716c63298229481683b1c914
cfa70fcb,108746,bc168f33fe8bd6e0f331bca465147085bcb3b5297a623ec6765b65fa46a45b5f
cfaed27e,111024,e911045cc2f2e61f6a6fa4b2fe21aaac89ff55a43e87f8980118f821e51517d4
cfba1485,88169,369f240604f0d0b1111905b2fcc798363dc4067b826021dc40024de0d21cada1
cfc1653a,95534,0e623341eb41349a1a5be5efe9ef74a7784f215831af819e7bd7f1e5dd58eefe
cfc7dd3a,92325,6b94efcd26f0056132f0d6f2bae1685f2cb6ab759a016a575d3feb1530c3a99a
cfe1f813,82811,a466b91b6b426f5197b27e48e6e30d46abb96ac0eed47261bf0031e48cdb26ca
cfe89e09,86864,10e2e54bbf43ddce86e058aac642e4d09ec18f83272fbff75e10c737fa5b68cc
cfe9f8c5,110612,93fb706aac06b9042cca668bc512262c4271dc1c385cd2da1f0d59feba56d373
cfed5fa4,94538,35c74f8770aac5b7e2f1d0451962f5a826abdfed892f3718804e7b14d9cf7a43
cffac33d,95856,a29fbf44ae07a855953e19feac212f152425a6e0c6bca1638fbe0b8c2097c587
cffdee46,102095,cacfaa1d0965a0502046c8d906215656a8ff63c9f4b5a95799b6db73e41ddf7f
d00b8615,77723,20a84ce0f6b366d6f6f375f33ad3faf36bd4d8262609810ad7919a537b8ad9dc
d00e5c0c,120324,e818089cc30041a7ad8131b450564c9189b5afd14276f1b6bfb6457597778f8f
d017b258,53046,9d3961b794f9ba570719040b4a16e88a2607695ffea1afa1697986723f1133ca
d05174b1,107949,91426128bfc88bd4bca5d49ccb4b9e9960d2b55b42e634eb96c7f6c4839dd3d4
d054245a,71258,b83903ae6c2d27edf8d19ca0b4609004888e3c13bd071df7ddf41a1ba9db4872
d057726f,111210,18950de559566e297432f527d0f8c1746b2b1f845a01f9a93edf0beb0e8209b7
d061b869,81539,02de1891f55817e8afe0d5114e8083fc8415f0851410b05ac5838af9bb3aff30
d06f0667,118431,becf050e854f66cc4830d91ac0aa50910ba1bc2e507f212f5da3eb01e9107c04
d071a4ed,92720,fe19f5787f6862e8edb090d9babd83d23dd7427c121473fb123f47cac067c6ba
d07941fd,101618,7090c7102917db140a0175cd1d9566500a956290b477b7a4c2f5560715743b1a
d07e8c7e,101215,6e8167055af94ff7da0794dc10b4fa446719ff98cd739acece0d7abfcab4ee39
d080fc7b,438999,7995e3ca240965ac9980e530b2f75ed3b30e91d847a6f45d3e2c9fad469846c9
d08845c4,117363,23c75705024aaf8ed50603307f6f7b8a1cd47fc0b77395c8a64015e4f7175d23
d08bf1da,97595,a771df9956929d827dbf7ef4d925562d4c235b6c216ee67766263ca865033362
d0937f86,4234281,0d2d47cf97746e3588fe2f2994e5b57f615461272a1c0d26a214c9050673bedc
d0a7144a,74684,0f10ff28d6b2ef7c5268a0636d2e3941c958d7ac1b1bc6e23e87ebfcbf7ed536
d0b0bea0,315611,84c147693d70c80de679b29418fff0e791fc6bc4af77bcd102a866f949beb12a
d0b15967,95724,4742f9e0e16d62f82b1992e1ff22a2a186b0b055cfa3d703068960559ae0a253
d0b99b0c,75243,51987666a34d4d5577c2351dbb32c05f886241201eab94f965ad76df6bebad4d
d0bb23f5,1633128,dcda67a0d55228b666053f6d7e1eeaa6f06f30d3176dd1a337aed5479397c072
d0c48688,255742,0758c37988d873570441311000e42a6c9d6b089c061c7b112a8a449f741df2d2
d0d07c93,102474,dae66c2d8840d842d7246e06bde2c696659c22623582e29a21876a0b21f0c5b4
d0d22aaf,109001,4b7a50f5f605d0854dc2546f0182a87a3874fc6847156f64f80cfa6436410f43
d0d284f7,83182,702f87e9fafe23730e00af654eeddffabc157b5cf13480cc48e5ac254f4f51bf
d0d6f546,108132,1ba0fd417e952bc225b6dcdefbafb57948d757720891acd8b0d475b31ee57136
d0dee701,102984,2cb2c142633e159b5e35f3d4715890a7277b8178aeb4124967fe594be5116735
d0e5657d,92061,15246e9f4bb8bc088121fc3136ec8ff6f87cf9570eac5bd0c432777074fb64e4
d0e7a8a6,82886,e1a375a37c0e51029682170f807e90f0b9eb00f4ded2dd5cdcfc856e936c92cc
d0e97951,280416,d7abd1fb2fac611fd87373c132d7fe0fb7f4950666681f27d981424818d3970a
d100096d,75954,0c4542764c1a2e51e2f7c2ab293b797ea76f1c68927c2f83eb4260c46979f90b
d105646b,74956,10bf7b7f2fcb8158fafb41e1750350c9fd145fc128d8058da589442e9906d0a7
d10974cf,123436,00db21547a4a6cdc4de9f47734702127cc845875dfc8105e46b10ea7408e51e4
d1176e4d,112702,bc73b5dcdb0b684572f383ae3a26dd4a964e8a5097e477d9a06349fd35bdd573
d11abb37,108761,43992446c546f3857f6912c943b0246a1eadfa83ba4b5a860dea639ea5ba59bf
d1267e16,75106,ffab08a624fb36716e2e7fbf2da57435f85c2dbc6a590aa94a9b8e47187d35ab
d12a4bad,242160,507680ac72bb7bd8cba17c31c8c7e8e888697abaf6a2bfc33516d885066c4ee1
d12a9738,77393,7e87e38d46ea68379ecc0a46c5f282cb4f7051e8f25bd7743f5051bfddac04e1
d12d8613,86732,f65ae8fdb122dbc361cb22a456bfd6c86ad32fec6b592a59a35b1958aa3d05f3
d130e3d7,106125,ab0f0e403339e5ab34e41e78d7bf51c86f1de8df5aecb84b3d37052f3c0eb497
d13236a1,83519,e3e260fdc0d864b7ebad5c706ad70af5fdca42d9ef3b9ad98c87dc88e0a609df
d135b8cf,121296,f8217cd0d9e88c24010241afd1ed69c287fb7957f9a4afe5e8e136e47632aece
d13fe75c,102590,a78149c198d7c96c97edf2a413ad7e238096e5120d2082a7d34e9211df07a5f9
d147d651,99058,f1a3b532985e2ad36abc0b597a1f1c16637a7372b1bdeb4fce212e861b698bfd
d1480c21,88967,5153c11844e8ff8eb0fb64a86f1e8a66ff1860804599ea4a749c28c1aa3afe65
d149b196,346810,5b7b639474ae649a00ef636c3e774c2ac41ea2551bebd6ec2a58adfb4db24775
d14f192d,68097,eff4848fca6f09c1f63b5ddb32ae3403e14a0467358110b49606beded1e655c7
d16e56c7,101386,48e9a184c378c65411644ce64b2c35ba7c5e590d0a677d1df14d235de0260a43
d17118ca,107586,e84285f37dd0050dc1b4dd9bc2a8b7d0afb2aaa390c346bb34cdba65419f8c37
d194193a,1094642,3864b4ed59343c9d60172b62a9063330260faf15bc214f4477cb8d6b6805b1ad
d1979a2b,120865,f84e59b14156f300d616add655dd56c73907616fb2ed125d8f9fc4ccb02b5337
d197e9b4,78371,09b733c9938bd8a72a4531cb9651a1484aef8019cdaffd67a92a879c12f09632
d19ce6cc,89921,479a36c2d965a96e600c861aad3a10b1610d2a62706c7912123d4aba83063234
d1b408d8,93194,2c2c7d623ebed0c72e56105a77d06ec8ebc7151bf8e57a2284a434c030194723
d1bf20e0,99820,dfdb63234bd7f38a14122a59dcf11bb0715de87b07a55042d9e863430f72defa
d1def2e8,69386,1ab854da3c0b89694aa4b31bc6d22b4f2902c3c4c599089dbaf776e431573dae
d1ed10a6,342491,43ab990f04b45000dbe378f34d7cc5d4226ac85cfd5dc18a55f1dc925776fe27
d1edc7db,107735,34b2c8b4be8b4f6c3faf07046f881646f66574b1a9aa1e3a4d000306d33fb9ab
d1ffa0dd,98625,7389c3f4addf775308143955ca42b21ebbc22458dfe1e6f4f81aec72799b934f
d2085394,97362,cf7c2f021f199568a61513f5678db36711953a9bc5984f92acce541c477ada82
d2090bd5,66150,349c6fde54aed741b54f8dda58649931a802052638593febd922a643baa75990
d20fd79f,109551,7aa42db35d994839056c4e84c63e8e6e84cce6056991116f7302f03a6e2eeee5
d21206d4,71703,9ffef4337cd9824717108fe180811ff3fc80c4a317d960ae9f52fb3a2f60bdf2
d212ff72,77767,6dd3e524c265352aabe199f60fb54c3e3581c260a0807def3da88895fa0d1e03
d2165af2,74289,45fa875da330bd2762d64277b81ffce577f801f8b69e5a7f68f5889c9e4ff324
d21f938e,105284,894093025518345d9e8f1b065d54dec183a5b5a225474099e772f5800ee6bc7f
d2474499,78010,69863032168a579eb023afd26697a87bba6b19b8aa64e0b43e837977ae0f7d55
d247e90d,71133,a51fb7f85c7baa88ca2d2182092bf08540bb69e49d401cc2fe60de6c0671fede
d248702c,434327,2819ca454d2e2ec4062dbff359b6baa0190ba1ccd13601ba772d802b0cd80abb
d24ad73c,77415,c267f112723f5586a7e07b09397c551d8f412657685201b8317082bd9268354a
d24c842a,73075,59195331959f7da641e01d1d643c990c94e3155730aba186296953900f60e3c7
d24f5ece,102512,96720366a63b2851a8b36eb3ebe5d0af14f617ff133aa45832c49c3367dc277e
d257b59c,82181,d82bbb14fa248be7f8e2c9a4d33d2c03d3e342e8392834090981a40a87fee523
d25a0f1d,89076,12af91a1ab7c8cd7d17fb7e626713b5829c9b35a7c6b3ac47eb035a4de48e79f
d25e3500,82106,1969dfbc7f4458d362e7a332d6b17738a7f57aaac18905769aaa578bb9f85332
d267d582,81132,db2723bc14585169dff5318eafa42e6dfae8ed3d51e95a10ca88f9682627be96
d26b519a,96544,65719ffe4be91db853bca5401261d203e64063e14472683c40a597ea6d4a13cc
d289eb11,289518,cfe565bb9d0fd401cc6c0d2312f28daa461c6b7d7ef96f55147b2b071c7c24cd
d294254e,78858,294afcca02a67db3fe56fc23d6aa9f52201f630d87a403a3f65724a346b0f2e8
d29b78a9,105896,da5b614f587cdd4fdfc9372afec7890991cbd9262e1521673a5b60a152554513
d2a0d240,83166,6dca17071a1787522d3c8ad85b06df62209277e5faffea8b1ac5a08b0dbd5490
d2b05fe9,80704,5d6af48d50d83f546e38d2b89bf6de8ecc80730fc159a4a3493e1b46b7e0f4b9
d2b370fd,94008,9195793fc93128d96432dfc8a332f186e5a2efb3012f996dc732e21e45739dfd
d2b38b9d,73576,671ee76debe1570423d5e83263e7928ec4f5b7d6645ab8ae847a059585c2c865
d2b5f1cc,90924,467cb3397e2aa9c8024c6e5fdfd4c10b7d171a09c7d6e63659e4b05e44d68b52
d2b639bd,343587,78f905683b978dbf27525167c0100e3cd9a7377320f889e70282bd285c3cbbff
d2c92cc8,100595,8155926a9fe936f55886a5d754261ebe410bcbf64f993c6381c6b42b931de76d
d2c9ed6b,73782,28fc6ce4c42d1ba83fec9dac82c2adb2a0c0b86fb47e7a043e793d967abd0e3c
d2cb8acd,83878,63b51c6af081917721673b81bcae81ab4642a5f6b09003874472989da822cd10
d2cea656,322744,601b7ae1c94d2b963433a766094ca24264f7d3dfcf1350fd721e4f33d64e1000
d2d1806a,76571,5da4ed85cdfed527db6dc59579b7d65ef0a37f85a42bfc0d621967ef02b5fac9
d2d26b36,98410,caa077f775101ccf9ac51fdc51b333abdffedeaa752853c1d92f8fc2a3d86662
d2d3618b,82306,490f87bc12f86f61784ba2b8d611d203541c7088d50219f416967e72ce6a2444
d2e83843,69647,b186272c8eb391f5459bc72d0dec5dce327bdf868d26d49c7878a08a54fde623
d2f14c34,74792,5a8a0e7e12342017890dfb8193fd4b3ebd47783e6cfd3299f86e624201c04a5d
d2f83de7,85584,ebbe0d95c89035a8c441052bd736130de5949655e28949ea8e492bb414a946df
d2f9d149,93252,9feeefda901f9f7a98206224e74d23c44ee03ca758920f09892d54f98c5d5698
d30c1675,91059,51d62291855c3fc3253ca2e9b41afdc1a22da28d5fc11c1be643d78bb7503e81
d3162654,82349,92bc5a16f814b33446ab6431063067268c238ff0e843ac3f2d7ece3bdc71bd7d
d31a798c,79047,022e5ccafe53c3358c5191eac387a30d9d3ba36fe475d94bb0514cd31112c933
d326d133,1262486,cf349e474ac86a402209bded7678769f270fbeb47671d29c3f1e78f2d361a12c
d32e5e27,342229,741e26fd88315c49edc1af8c644b4519547ec7b456e7167028479a5ffe66fc3a
d3322741,111013,3bb64dc22d5a8602fa7813e7ed4c7777279e0589cd2d18da189cdaad7032a7c1
d342ebbe,860061,f70f92328ee43a73600f4c02da90e1e3f8ce80101aa158fd111c97c37fc5e900
d34e7bf6,128409,da428175c66c35b0543c90b80a2833af855df74465495293cf7cc6649b0e9be1
d354b94e,119187,d2825cdd7b98abec24092a347fc4b71b6fb8ea8720b7eb53759675dafd2789fc
d35f1128,74912,46378daebef6eb4e958a2cc5bf0669d638718010af36b96cea2cef6ab661c280
d36ea9c9,106211,6ead3ad6f068fea64e00fa51a3d6a52bb6333fda5a849e97ecc46e9b965c0979
d3731fd7,565851,681eaf818f518a169013e59c13ce07cfef4c30d09d44174e14cf4c85ea92a4a8
d37cd0c9,85616,7cd2939470c12dad45cb7d258a69c823418e84feab860b449db3bae10c19a093
d39b1bcf,3691085,f28e2ac009893871b93b0966d9262f0eb77d73eb84055322f9764c4e4affb237
d3a735d0,127894,35459d4a73156a38e480255f68cccb164c86c719fe43df13c528f97d2831181f
d3b27dd3,123230,3262616f1abc79b085b9dcd0d92bfe0f9bba3c7cff876a90f474feca44414f62
d3bc11af,93613,5e1c3d443f00c9f232f3594080371bb8d7ffab856acaedd398f0968ba5b0316b
d3bf9ac3,105033,8c0ebb4be0b68041fa6406a4d56dbc5952320d0897db3e9656e29da3c733e19e
d3c57b97,95485,58365110d1065b1418dd9e5bccc18323bddb289caa2dbc9fa9db57fb39255dc4
d3cc1b16,109112,31d1d16f2ed2f84986f799ab02af0ca0c1379ab1c8217b68a41f940fb722f4e4
d3d21ef0,1280598,5f867427eaaca2a053173f6a05793a9bd46677e0893a24377ab5317d89d5ee86
d3dc851f,102429,a65d9512acca4532e289a6f9d4d3fe8a9a5c5e7094ddad8a57330ba67bc8b959
d3e3ccf0,79557,539976a3c2b50b2dc9b10e1fa1b7c79902cc6caef99ffe6f229f9fd6043f9166
d3e5a4f4,113151,edc52e4bb46f96c15f6e45a529bbeeb732afce7f8c6e50b7f7c34437105cb680
d3fb1446,1017692,394db3973354553baf421f79e16f3ff1188e049513170d185f1d05ecb586da1a
d407d331,105872,0edf1ca858af9186ca276704e653782b7afa13b7b7a3821c664988cb4339123d
d408be22,78291,04125329d71cf710edffc0cbbc1a5818989095c4c83ee38700792908b870c5eb
d41004fc,100385,fce528f024d244d2f2109bfac41630e44bd14a382acd51e823b0056b1a3bd513
d4123710,113160,131dbf6f7540072bf4f71c1aa09f6e1d21c6f99e4efc8ac0607c486325adb205
d412d37a,101545,4bceb8e4675bd6bc96e661d64f102a59d2f21c191be485c263dd29299d7ec188
d42c931e,81488,ad6f7efa9a8720b1f1211a542f243d099262cb8fcd0c6beb1bd04f84e930e83f
d43ced62,87216,44298a08549e0999fa7a4c659f3fbff9a7da19a8e191c834157e5221ef1cca17
d442c3b4,104502,b0ded09360bb687cbce646a5037be35451f71eb93426303ab57dd5b2774d206d
d44b169e,102120,f68e41b20eaac1509ae054b8e6ce3455b6fab84a3adfa11aefededd5503d41ea
d45ea259,94269,d5ddf9cd00e22b9a1c06b1a192fd4eeb610ac18b4a045f7c063588898ea86333
d4842b7e,977091,2140226674d34f226f87e2cc9b11df21ba64c614368bbcefd1b62ff11edde359
d4862cc1,73630,b976e82abc9dab75cbb0d6868649821705766103d4c3c2a9f49d2b2371d4a25c
d48d6856,108608,4fbc8fbf2670589d97a1bca98a3ba9e13e7d5e8c0d188e40c6ab7636ddccdcee
d49086a6,123585,c2d27cf3a98b0b286f94c3b2b610f6c77d161a7156e39b699db0845cbcbfbf7f
d4921643,88961,f8d4126d169d90f27f42e32e2e97a8f5a6aadec971a86970c3cda4d65877ea72
d493f44c,126906,bc05bd032f2f0589ce083e8db3c1b6a168bc54848ba20c5942be308afef5b752
d49b80d0,103950,513b127506bbadb9d04d161435fe6bb366972776565f6182608a25703a996ee7
d49fa9cd,74359,49477ba687b6d4c7af890b7e6a71e53a2fb86eedb97843b6cc8360eec2602687
d4a7ad65,119658,6c2499d8b1439c91841b4f1eea8738b974a2357b0e4b9cc772826d624ba74d57
d4aa0592,106213,49fc016a248aeda52f9a41a5aebfa60addb60e0bbe418a88bcd82b6d7f68fd49
d4c20329,2479694,a1f1ed3030d5b233c21a3c678c49820392ed288648d976a1a136545516bc9470
d4d712d0,100516,614003cefa3bcf80012c6d9142951ed986888b08240a018d6271fcae9ef2d19f
d4dd37a1,68348,c84a3d9b4949b38aebceca157b10f3249bdffbe3925ea390277055d672eea284
d4f59480,90648,5829612f0ad875c0d9b3e618e99cd76a8d7ddae89495575ebd49dc7fd3273221
d4fe6e37,77546,40fdf3d7661f15b391fdc0cd4504843f6fc54942361ee4a48dfba9d4d93aa9b1
d4fea824,99378,f43b33aee45ce03b5e57da63387b4d40b3c1a1d61ed3ea94d9f5b86468b28762
d500d2c9,109404,0cc5b111b3ade8f3d2b0390718746715659c3d1f2082bc2a61dfedc02d637f0c
d50828e6,85972,467b39fe7c6a75b6bf096056fe59174758d1efd6e36991c3e0ba8fdcddaab404
d518213f,121780,b0797db0a6e726ce481febca7b7dc3820d76c5a2bf079265c20c3a9a23fc4916
d518bf1e,319203,7aab7c10702f9647cf556879300edf698250a0fc4650802fd21a1e61977c8759
d51daa74,104836,37acbc7ed9b982fa6346d5e45893abbc29873f02c7654cad94fdd7b88025919a
d522d290,100852,94c6bcf88eed1ae1941935c9911f634683111fc1b344b4120e6bc809726be62a
d52ca586,87143,e0dac62bf33dbed6c195fe66aca32ae6dee087cbfb2b30ef251fd93b08ee9ee6
d52f1bd1,105310,ef18c7ce0efd619e640a17f42c4749ee9126378f3fd83504e1db186fddf54118
d530d655,96173,37f8de6acde1126fd3adb2a5f00e1e97e349ee7e111106ac752ce8887ae6da12
d531547c,88302,30b62a45761b2e99b4453b36663a115dc5d5d89ae10d23f49b87cb7e37a95178
d5327c68,104721,78985cb1c4a7583896157c34d7f15f594176606542af2b9b904727f4144a4bbb
d5360239,119987,e275c504f0fbe0753e101908ce2ed87a2037d240b067069e60f532e235543e2e
d53990d8,82938,3d86b1b5dcce021dd746a875daf3f365102b50699abac552d2e485638acd6857
d5544e5f,116716,102d3a3e6d2fd1bbce6f5d39693ec05211b1cac042dcb2d97c7f22c7d24ceebf
d557b0e2,103545,6994ceea220324ae61607e901a57bb7abff459c0ec9385821480c5c27e15c39f
d55881d2,87963,f94324b28ea53e0bebd1c5a5e2377794601609810639aa2cd58d662ba8aa4440
d561d9c1,83317,675a3c06c98abae2c6df651c252bf536af41c10bc09cb59945c6fdb3f2455316
d5635c89,72948,a6b28222ef9e99a5a56a9015cd23499f11098ebcfb9e632666ea2aeb82f6cc35
d56e5e24,100564,98b23bfeb5d482e962a71fb52f58f48f573606c67d04927fbbc7bf4583a074e5
d574d0c9,331729,34aec1963915329b61349c67d5ccf466293c0b5410aa538f2878fda841533b35
d5753a01,92400,f60892b90e39c905e34220376c45529788172814319faf40c236b575d299eec4
d582d5c0,106564,4df7d1899d1d2a20db2dff9f957c65463e5505276031cd6b5399b6a5b7f96d24
d5832c78,89719,3b7311d8d7a2fdd4678ef99b5dcd988815a3fcd165e0d9fa9934086d383771b5
d588d832,104752,30afeb1e8604318fbc5d37bc52ab7cf8fbac4d9534aa713fade609fd3fa21640
d58f2112,102511,774443dfa318214c3064180be9edd003b3f3540d15de09264fb967e3f25a53cf
d596a6d4,108275,f34020e79a3f6497615474de698248df6ae1088a133699bc69bce3cb7a3d2577
d5a2dfdb,112020,0e49fcc3cff53c0193777d2ee737448e5d05f56c6de297dad6dbb2f973341540
d5b08434,68052,3dddbd2cd2c7786c78570f576d437120c3b2498a062e3d91201864ca4c423cc7
d5b4e6ad,2981938,35734b9e19c1770ba3246c4bf06b7cb91051a08654013e6683cb99023b957439
d5be0cfd,96867,566226530071940fe3d54c2d1d7aefd2b5ae21082562b007c0dbaaceee04b753
d5d09959,99611,fc6ccd5ac18d9bd8e7e48f8c3698c18c2eb94004e2ad0c8b479981f86b96465f
d5d0b8e1,88434,2c21861434640557091a89c9be3a94064160892871ce4b9f2f9145683665e607
d5df0eb9,107212,592dd56eb5e9e7e7086fea49b1af32fbde804adfd62172287d0d16dfd59f84b8
d5e8e7a9,341755,0f7e46ee584ab1816b6a050679d71487eb8f95244eb78a1fd2acd91c3c12db87
d5e9fd2c,341512,22446fb42ff4920b621fd496a7d8b6b645f8fded8297a808c642589048544eb9
d6071365,105481,28506456b34b69658f903d6c994e7570bc4d0299cfef1af7a9d5080742dde5ec
d60764fb,105302,3111c1653bdd7c49be46884e41bfc84175d4c33067379e3213f1ab351fda1fb5
d60a3796,101505,05902ecc64f347a4f968dc00feab7f884c425b098cb0c1fe91255403b19096f5
d60c3998,84063,19881936c3e22d82f0414de87cea00ebaa763aea938e0c0202ae703506fbb51b
d6119ac4,100941,957db30295ead1c9212e0051e5f598d71822db0552d406ee0b79185257ed8ac7
d6121bc8,107207,41fef503aab16bfd6d28bcee2c8bba480b6fa71fcd2e007fe3dc7def91ab5c1f
d632e4c7,108332,6c2768eb5b9737446e62c1e3ca2bdd3c5b293edf24fc150e8960da48358d4c82
d634f959,98803,5cc587653cc024bd157bf6a4f2f0377afb6d82cf00047728bfa0fcbc3048c935
d635a865,83589,fd7a4d934baa5c117424c7ab46e327c7e95c7c2b060edc49686c221fd0e7e5f1
d6440dbd,88690,c233b4ab938b0545bee9525108690330faee50ab289c67300aba486fce5e5407
d647d53f,101746,cf1ac55be53b95b406dadb0454c0caa7d24ce8dd4a3cc73cca95f5d857472586
d64f7060,75398,c72bcf2dab14eee796386da2db59cf928b2a504111b533c782872c69a210a15d
d665b704,71519,849a63e4dd9301ecfdba5adb22edf5786387dee15b9b85daeb15dab5dfe22f19
d67d957e,104049,9d63356cfd3c42b1dedd68407d3d507cc5fc2752d9f0727654b66d7ee23f185c
d68f419c,75676,91d6378ef54d2e0ac43cfdb6dd2251e276a7e4a95d37137f48198783cb25a05d
d692439c,98262,257fd517b9b6100f6934918239fc3c079492a2a3d4f2ce89dc38a971762da7ce
d693258d,99864,9757204c9e4f0659cbd9dd6514552f91650f1929f9aafbb38c6ca602540aaac1
d6993b32,111226,237f1f7fc3e6371bfdd90f2ad8e69568ec20da84922b01fd8c620576a4fa17ea
d6a5ae57,100444,ea47413f6615a0790ba5f7759276775746054aeac9cd7aaef8462be8577bbfa2
d6adc1c2,105652,df28c699e8157ab5c29b85d63ddeaf7ebf933f214e09ec8e28f84cf54c9cea22
d6c13362,119223,333f1872a8a3fe18e453c0089d1366472207b76ce3156d66e48cddb271003efd
d6c4b750,94285,15192e85a3b11a5bf725fbd9af59333cd745440737c938a860a80385b2dc67e2
d6c81361,119319,12f8fe50764799a6c73ad35ab3472a7ebf31e62bf983d155ef0308e1e3fe0588
d6ceb3d6,76631,1b87519805b1f14c72953f705e4e211d307bda4e6a01ffd28568cad3088a61f2
d6d63315,114845,14792d825956b196c9553ab0e460d26d0ed49e5564440f7cada208d0196897ed
d6dbf9b0,96293,b4bb76024c405da2348805f259e6fa1c512ed2d4aada8650412da97c8d9f6483
d6df5610,71915,054b1372f9e925a3e81d2f3db6aa31bef9eb84dc385341fc10065663acd4abff
d6e97a81,82346,6707fcce435d0b827799aba660a62ba7587360a1c28588d51676b8a00b3ce818
d6ec6911,115435,508bf3b46b8c9f3168b84afe22e7c2f53f88be4c5eb477094c3120025a5eb347
d6f01a00,103446,6a1a751661bc3e2d8199b78b2ea619397bfb55aff624b9bdc893558e813b0599
d6fd9301,133711,ad9bdfa5e532a451b88d7b898e701f8b93b6374edcc96fd7c2a622c19bcd141c
d70e4b78,69051,3744877508dfa4526b1cd6d473fb0df7fdea873eb66d799cf6283705c7360b71
d714968e,80410,c1bcc40cd105234d0ca9d40ee569e0fd413208d37b6b6f4e511d61886d51a026
d7490974,80467,fbbc6847aa180edaa01b76338202cb8c860bdd273004ca413666e4910d8afb4c
d75e2fb3,1015437,2677fc10e4bd8bbc52693a9e8d39348100cd8d060eeb823a21d268ebe8f434e6
d76c6987,124966,8ce71b7eb64986b3736b6c29f7443d3eaa467b3e0c5a17b5c6718e57c800fd6a
d76f45c0,81261,bce233103ad66d503f9f97e9e9f38d3ce37614f0955338fcea8487eb25a83313
d77142e4,355689,0f1e9fde9a24ebb36e0614460df68c6f56b521f262ff7bd14da07b91e3711270
d77e0dda,83419,43fa2ef395633acacd7fc06ceb3f949866504684f5a661efdf5c7584751892e9
d782de3f,70155,c9248f0cb66e3627fc58ceff7c93a4e65524a6ae4f5eb96b287c86ad6babe15e
d7874f97,76557,ecbfa2a61faaecd4e9b93eb9dfffb45f76f7088fd5d55da9b993fd2829a63452
d78c98d6,83877,b0f5f0927e61a877bd59a99a334cbb9b6ac8d2d093d240fd28a851d0c739bb09
d7a5cba9,320113,b841726ef703467200f7b4810a83d136278c6e1fa80a4e403e3104ecb6561706
d7b2f4b1,85953,81a0d5d6dfc5691e265ad9818fb5ad8cfff441589771cdbd57bebd70bb917002
d7b8fe58,92856,24a48fd18e3c362ce57cc210038ad8eb84d0a4f9faf0e8cc97175876f1668752
d7bae5ab,103913,b33804e4bbac5e23a1ccfe6c9d5ba2d3ef45443787b4c018652cab66227d6f04
d7bdbb70,100986,f046fe54c80e133e02596935df82c1b964fc47af98ba01cd74e8345d089f55be
d7cebfab,90511,dc1a025e34cd621908909ad6d7b42b92a7cf25282cc839a4db1d65c387113abd
d7d7b314,105915,5d40d97ab18c1d07a9f1242aac9e5e083c3490da2a57aeb38c7749c85a3b5f6c
d7db85c7,1933689,286fed7e9c9d9602c0605e90125fd1588e41854f03df1df1ef7d6600e7fcfbd6
d7ec742f,343803,87109f27418a35c05fdba23627df2daf643c1fbae5376a6eda5936a1af857d54
d7f33214,83523,b5dd89523a6eaf9e7ed4b5efadcf6461396fc08f7d7193a0ae5a3d0e719732aa
d7f82690,243703,239eefb085db80f46ca67a667c53adb34d0f2bf40ae03fed084f3f7e69f55135
d7fcd63e,76831,353fa33fa10341b04d00e601803756a1cb28bda06b9a4d426d10460f4c251657
d80241b2,112059,07cae7f57ce7a142413fd93aca19844b2b8b8ce1a4d1a250e752e9a3d61c2712
d809bcf8,93756,99ebb8d04450e33bfb39a36d27b9da85324ec0a994cfca2d0b2c4be229be70e9
d80ab8ba,83943,a25c8d72036d5324fd6b8a7f80412b8e98d92172de8827adf346080d9d0499d8
d80e7dec,86830,ebd4fc213716fe93070d87485a330e4b68c10f962c47ab7eb1acb21c6e359c2f
d813b1e5,100122,c111a1f0abfd0858e4145d8a10a8540d6d064c11f72369127463efaf539a9fdd
d8141adc,80745,3625cf0acefe851925359b21b3ccb923a6cacbcd7e91da27fc76777ef1dff462
d81e356f,114735,bc600fc6805886bc7cb1ec50ba7092f63593db9a983ab8ce53b00962143a4b6e
d81f555a,101790,7c2c1cd17a3dda093079b3b8c39a2abd4e6e179b077a6f29ecf2b6c12a89ffb5
d821b0ba,78001,253a9e1a1ebfe2b5efba11e638b8104e37931c05f5d5992cc429a332c7ceff26
d82f1acb,119941,aeff57180468460da1defbc44cfad152ba1c971c0a2e4fd84e6180091621ef41
d8313e13,100471,ec36d2a8b54eeed9294ac94c00dc35b06f0aa1508fda418e34c558db59fce574
d83a0fba,64914,00403505a14b3756e8abbaf88deb24ef0d7bf8d0d0d253a80fa58c9689e18f14
d83b9e8a,107140,da0ba3f69000039d88cf7cc0c41566e0c71479c5ba11327def529b001e4730f5
d859762a,111386,3dfe72c4b5c5894aece2dd906ff2fe6c0e06ac86a134456f716a5d435b79896a
d86146ad,76540,9b7047fed8d6d26beb3206bc1df306239deb6f27b576a802fb1f160d7c9f0a6a
d862a905,114134,8720baa47e9713fb4fc210eaa1dfbf7a993c00a23ac2510cc893a45fdb386163
d86621ce,868152,4ddd35f02c469a3baa378b2bf902bef2b64a7ad5b249e4e0c1bc8eda69709448
d86b9dd4,711735,ae0b7a5008c7430e6cf01e498b64092bc48ba386cdda4de52e3da13b6964e97a
d86cc8f9,70528,8f7a892cd159798332eb09d368a2665abc608b42aab9d7c10ccccedb44396542
d87135d8,345258,5c345138148d6e168c41f8e7b7e1d31844a69f3b46d0c825c4cd4ae9c8c0c601
d87a5f18,95808,54cf7961832a6c318c49ef69d110a4e4cef139a79df961894f5ac2dfc8141ac4
d87ff092,84589,c5a4e9fd53e4da3de7dedf7279da487b367bb9f03e93d9dfa5709f00009e62ba
d880eb6b,80281,eeea704aea74ca4fd17654463ef972365b73606fce5716f53767cab9e0586dfd
d88d0682,123763,c75b33fa1c96210e2c707dd870a5a1e06b952e3d1cd4b276630bf60dedc6f417
d896abf8,69938,19ebad2118634ac1b6589f96139e6e998d13d47e4905b03005ddd92623501576
d8d35437,262487,f524deb32563bb97e4d65a36e1ef77de058b3e522d622c43d4a5236daa3e098d
d8ed61d3,79686,5f243d72cea29ef89ab867714d4f62105be12f79381104182dc52f81166c0cb2
d8fe9929,338301,027ac3fdfb2fff60b199a6bdc56f962ea2554fc7b307341616810ba7f776e47a
d8ff859f,101526,d82eef78e90e7b315c0f185877786850b83e9ad310049ec022f8ad5ac659ad80
d902831c,319948,813e1b8965562ca8c1de7532f2d18c470c35f9ea80ff9f48c8c6c1370a05a022
d9076dae,300543,21d900ac66685f78dca39c7724902f9b8af2156dc5d0f39c29bb58b26ba1a41b
d9077d0f,85855,5e7ac725bca7971f8ff08e350723e57461c401283cdb82a60cb39d4137cdc65b
d90db71f,76861,ddd64b6454ddab1cc1c1709622a232f2004c3779c5be29c822e9f6cb20b1026f
d9116715,73121,2c552ee28b784ab0030d8caff6e71128dec91db40be1f71da3bd4a21fc0cce41
d91e7165,1866457,36af9712df165b8901b7a65d634dbc4ac36927725f2e207caef812b04d48e3fb
d91f8d29,340607,3accb9ad7cc2baed3d7193f26fd6ee9589836343f8ab9e4af1d638cc4b7b2a1c
d9236218,76317,b1a3f17b4de432392bc14fbceac89df36ed8f88969c03e1bfd4495575016526d
d92a6045,101128,f1741f38579fecf36ee998769103090b0c1aad7f0678933f83ded2b89ca1248f
d92e9ce7,110648,19881dbc621b6a9535553aa684f70b1f788a3294d5f94d697c56448bb58e64ca
d92ff746,96002,3ff77c1ab1b5b21e4c411cdec34f9b8fa0fbd988002b71eaf2b616cf15313737
d934fb0d,302237,41ce1475da206155118af791e2517aedb2e805ffba46bc1cee69afbd5a7c5dce
d94df95b,103953,608e21e5dbee3c2c0dc8e5242c2db2b6733791b19cb9557f3d9b5a27b244861c
d9526f57,89383,bff47e521af446d1f878941f0d7241ce40f0f294a5bc331045801feafc1c71d4
d9549646,98694,8a4c0c26f645e2d62fb08d148e201d799ddf84ba0329beb2b9111bd18c1b77ca
d95906e4,254528,81408b140b2621f2018c800190d7d69dd68dbee3dd27f53fd6cf849fd2dbaf93
d95998a9,104111,409a36f5c8a8f298e66aad0810283afc564a1db8ed29d8de8a290391ca80b218
d95b5025,114457,522313c9c527f393ed479ac0dfd4a97e74bdad007a11b4937a01b8bb2e2b0c16
d967cb64,80763,bba84dcf8040e4371a089ce429e818b8382c80963edab650e7552df6a8154e6f
d968ab01,106444,19cc9b4c923f997d93d9c895b3b7d149822f2f633deba41d05bae31ef6f06def
d96b08c1,68036,4806b015f83476287afd22dc3cda6b7d9e2c6a5321ea864a8b675062ce07d910
d96d33ef,88824,ba4a6a1b6cfc1235ab5138eefdf7d6a214b3a8c7a7fa13947fb487fb9b8d284e
d96ea36e,86499,d7214ab834c9b5f0e395fe3a8aabafae852d1baa4e36a0561e36680a3a9be358
d9808684,78751,66d350625f54868bc043f23f9a67dee4028318b40163b4d96106add1692e48dd
d98ed2ad,126534,59f5619f00db334681cb42fa54c9aa3022e4695527f5b61fef0ce35d5e572403
d993235f,102533,a3c6c82723c795547c78e2cf51108e1ddd77684acde32a16eeb9d4781d8b3f54
d9c19def,1455700,6ea3b3d793d332bc377019e74efe8372fe349fa3eb05a701c5360a27c70edaf7
d9c62587,91183,88565f056db6fa265730dedf3bd4463b48776758afc5c94192d1e0064240f2d1
d9c76b32,105738,4bad7d028dee5d91cd8f67330602ea66e03d8cf48272cae6ea626fc740b50594
d9d34910,97254,d9000685eb78f945075ede0147a3d1c98dbfcf301f0c6b5b9ecc448d8d77bee6
d9d352ca,1052244,943539273b96bb18a2ea35f7ff71144d78e09822d2bab49ad420c9f3c6bf7249
d9d6997e,2318206,3ee2558af2f0936b64fdef8b8f6c669f7a08413ead123abd6f68f17616e0cc3e
d9da6e74,90393,509957a1299c836f5cbc9a93453c218ccee239131cca326a7056c87be9b1e139
d9e3b099,100869,4355594a5baad879804ccdf730cf56657ec8acfb855c6ae36e5324c7cfce5aed
d9e8b34e,125413,2548ca8429198ce0f4c0dc50c9d9e7df5aef51c01cd4039cccf1eb99b529cd87
d9e9783b,83688,8609dab47b2f7565aed3ded11e740eebc4635ba8745f43b0de6b48ebf1071d55
d9ecf980,76054,77476ca0e22ff387a26831528a2466520d1243f6474ba0af25bf4f08cf6dca35
d9f8fd84,73354,0a26989ab8496a7fb662e66202ca080c15a6624b80541c0e3d03a23aed3635ca
da12d766,74577,51e70a684f0e538e16afe1e3fa37f92e61f2ebac12698665c3868a654ade96f2
da16410f,94923,64df5e72f130360d17edcdd902feefa993390aa567c535edccb0ba219f15f790
da1903ca,95841,4e37cba80a888ea6c5974eabe147217f9a7ed96fedb4d211cb95eae419541254
da1c98a3,82460,03d673b42448e2625838eb7c108ed92d02e54e6167158b12850f32119db309ce
da2d9aed,74530,cbbd47310dd06742ebee7ecdebce1630654b258ea4165c95e33de7269aa9dc19
da2de9fa,74508,6c49c35ff925c4c672918bde8d90adb10afea630281f9421672b30d6fc2327da
da4d677a,102843,d7cde304ac2260fa848336aa5b6340527d4672afe1547e567bcf37d8490e5b50
da556778,108872,0bc08d131848512de855a14823a35db643b2d533679cdf604e51092c6e081523
da5909ab,86831,0206dd73cea6e79374a7a26140997737309da84afec5d8cc9c2af4741b3d37f4
da5e94f8,81497,4ce017b3b3d2fe61afb04faa8cfc9d9fbb2d4cf671a505e7923cc4f9d94a0fe2
da6f0a81,241261,672ee5c3f9daeb5b71091137f3354c13a2a0c9ff4b04880ad118d4c1b26873c8
da6fdf99,97543,9884d237f8e5c8338fa56125ffaf6f010f0300d2cc8b4536854436ff3e50afd8
da7039b8,91534,e4d297311e521f2fec9891b132a39466ffcfd8a6ebcfbea2668229248774c24d
da7efbf9,93494,3a68f2b0905488e22bd723d9976c222619105b01fee578b2264e951cac9196f7
da82f6b1,113305,bde4cca97c8e86e1b14d0e5afe1e744099af5e63d0edc56d34884d05a8201ada
da97ca00,85882,f2235b9cccd9bf6aaf1d5eac04f42c071640947ae5d1b83f5865cfcca6d36fe4
dab2dd39,116364,9ca4e39fab215653aa81de89f2c94bb3c105d14b4ee213410f955c347985e977
dab7226f,71348,d8db6988fd1af1be46927f4aa0cb91feccaf3ac336f18e34c867b9ba033ce688
dac5e450,71720,6b1faf4c5421f9e225d3196b1e1fb530f3813badf4b2df4eadc87f8f6745b4cf
dac6d7e1,85432,24c402c61f96636795ad5b133d0df2a35db2dd6d79f0971d468928205d50d808
dac97937,80096,7c385218b7a04521ed1d8944cb7a82d6247065a3dac4ed60dbde0dda7de46d2b
dada3315,113961,e16e56bd936c582eaa27ca4002a1421e2ab74b2e0c1bb7369f45572b5b9818ab
dae6fa7c,70566,4abc79de9dad0e732a90850c667c80a5b7d34322c1945fc842a4f2f7b85e2f51
daf47f2b,363669,75da389951e5a2a102cd11b950c27465e3cf52f4abc7ec6938ef725c46bafbfc
daf65137,93038,890db6c96a8a427b5331c9ab889a3b69e04f866caa2e00f424264545bfb4685b
daf7a2d3,84357,bcb05f69346fd8034540837adc5c497f5f62d2ed24217e5b007ebf87609d1a85
dafd10ab,425758,2b93c5ca3330a313e4ad4545f53d0ca853db99f01c47d018bee93ea3531829c3
dafead65,96255,5d42cf2f952749033f56242da4910f7ee3999246d31ecc1a2cbaef4b1e651424
db15b6ca,289193,6e62a333624fda983af268d69707780b83d98d3a489eb11181d6c53daab64887
db17d910,94952,826350df755669ec35338cbdef5feec52f1b4c7abd05985a44d6e7968c245a34
db1c09d8,84604,4fdde02674460b9d398bb9f74544cd2a0b677a14f8d1aaed2450812ee4980904
db1fc512,101099,1b49c2e1635e606dfc5202d43d53e379deb99538d89da9931eaf74602c3618a2
db2391a3,76485,3a0a0a9625358a4be854570c93eb3b4dee270445a67bd02725da1c116cbd4d32
db33b4b8,80290,10fcaa87df469dc9d82c0f997d7aa6a144b5eb97b581dc14fb035126807e3292
db3766b9,73421,698acbc075f83df70fe43df177b1cef4b575f3f486b82e90388b714ddcebb4ce
db46b3fc,104424,38998629ec07d9b2104d3470e667c76716ba86ea177339cde212d7fc9394ec28
db4dcd3d,71858,7875fc71de3582df9b5f218c7063e7bdb5951d2dc5c0f6c46b1ce8f2ecdfa434
db667f21,103630,bd004fab476f8ece259c27d9d1c5d96165d78f9c2285269e8cadb53d46153fb6
db6a74c8,75885,c77b7d2f99f0933e5cc2e6f1e9f6212de47809894af3d38a94be3f14d5ce4a13
db7fd6e1,90697,9edba9c6bb562ba2963849dbdf2e4d88a99694273c3fbf698668c392747298ae
db81e417,930040,577e813a572347bdcdcf24969e8ad1882ada2f51c87ec585a25135ca55fe4141
db83cf78,103124,8d9eeeed13e7abc1c53333477ea0603759ea7df63cd305abcc519c26aa8b5488
db884dff,666391,f9bc8924efb42d67730cc715f7e435688bed215ba235ccf142316710e28c1749
db88edeb,52391,e785cce69f557ad11799f6a97d9f90b9bd38ebf02aabb973b17684bc295f5b24
db96e8e3,105437,3b9735ca353087802a78e93599a9365e187a63dacd704f92501c43f094ab5c64
db98b4e6,70607,1d7704b4721a48878529f5b6fd0c995502f8fb12438394f91a7ccfc24c9b1f01
db9dd75e,50397,5d5fb5317005fc31a89088e60ddf31c5ff5196840687727384e5a3fff5a45e6a
dba0e5cd,103001,dfebe8233096503d42d2c61315ea6a21e635ae149d5539e4f762b6e1e3780117
dbab75d4,72549,69b2fd3389297ca750fefbec5ca642122a17a0b810a2910084faa5cd9d51936a
dbbe8304,97523,46085b31d257be35c18bcb85d54d87543a85074b6150cd30c401a179d8bbe6ae
dbc01cfd,75318,ef5147045502648b9fc8bedf9700484fb3150c468b2c9484e6e782b857a5dcf4
dbcbc73c,89013,a5850dcbc550ccedf20f0bed6085b6f6abf5056be9ebcfc3968253be3a7fda02
dbce8ba4,85215,a1f1db6f1d393ae4f1aa06fca39884f78295732fd00dfae9704c1fbe9ef9f39c
dbceb50e,85726,c524403319bdbe7d72de2064e8757b93df4e163a7950e584d6c9d0eea3785fb9
dbd74c6a,105727,a5f1b0e547274562ba014644c15788dab7d649f7929633e131893d81b6d10bd1
dbe5daa7,106707,3fb0e27bc67fcfcd770f215c65af034a3f99f1cb14009a63b9ccf9857d2743fa
dbe95e86,109759,ec1b3af23ec51fa5ff6ba5cef0c4ee3ad5a52914466d2cade2c3f8a2c98a4268
dbead6eb,102073,7fef97f76383bdcbe3edb6e6bb64fffda08480f7a8546e526416795a21d09c3e
dbfc83db,130629,6c6be8dbbea51d9df958bb223d014be308d82fa53e9282f3729c31e0c2cefb87
dc003f85,973616,875742bc212c09e5c8e4b0237902a1002bba0b94ddf245cb1e7f7113f9ef27b9
dc04d1cc,93528,f13c6b032c65775fab9058660383b309b7394e32cc6a9ec2e2966134d20db90c
dc0571ce,108630,29f7ed82ebc69068f6f27bb889836c979d59a24e19a2505e957e93c0fef847ee
dc0669b5,92002,4157e124db63ab16a3dc4f2436b0c7d22b281ec8da7f18419e864ecee6dc02d3
dc0f8b8b,105824,fd8b0da70a3a71cbe7b56264993ad10e6f9a717f22bb338b76c77dea42315198
dc270d45,117155,8c38c5f1519f00a0721cbb8a283b68a2806644675dc4f6b70eb1243f1a21100f
dc277f3c,86213,2a506e055516b63d91702c86cf487fef1650664fa57a7c9234dba784ab99eda0
dc2788b7,1613851,881a85cb12782256d07a0557662329e8799a66ff0c5105f814fe5a7bf727b9f2
dc30fac3,99576,21a9479160b21e6204e337011684c62fe7b61f6b96b780861b84a37ab7530f72
dc45625a,330454,60e7bb486023fb3a753dc5eb13c4fa1e053b8a1d825acbec07ee2ac9f5bb32ae
dc52689a,118144,a396cd50ce32892de6a88f028b666d9612a5b979dd6031c225a8a6f5b903c338
dc540216,273248,a15434fb07c5a51abb5a884ffd0ce374242a4fd10e22da93e5611522e3e807ee
dc5911df,117012,c22b50eda0e1e264b1c95c4f9fb9c29e069d916dab862fd304e885e80a429a7d
dc62af64,423418,90b82d617d97f099627fae2bfd806c6ac50957c193a61c8534e6f54a85932125
dc6320ca,2208576,9efbfb496dc4afd61cba75c19c775c3b7a1945ea687bd0eefa9e3ee0b70db56f
dc78cc20,73934,7d46f39dab0b4327299e8df060e9690b7f607cbaf518b3a84af598cbb86f3078
dc7f55cd,318014,9c97c6dcd0eecab05dccf706d4a53d7aadcd6cc12eb23ff68e7e89ff9750f5c0
dc7f5729,71160,0c706af705963084f13305bec9fe54659a2c2a56bf51299e801c57e9196cb2ed
dca011ed,133666,902142367c4bd7142843581f2ca3b9e898e39373c66f25537b500448d428e2cc
dcaadfc8,92746,e3bd3e53c2a4e1af1f73fea4fba8a671a002481318693701dea9d0528ab48d4c
dcb6125f,113434,c1d4a9f96beb6fc3cc97ad76d02e66855cea8e4ea27e926027c7a481ef2adb43
dcb86aeb,111988,464facf6c649b93ef290f00ff679016ed987a145f723ce5e2c38429045c29b2a
dcbb93ff,85309,017b342f3fafb6af04ac84dd63b358e03490e5f36eaba37f4dfcce00e6b7dacd
dcc8b55d,461293,3c980e116d50f425482175904f1abcc61513fe07f8f0ecebe7991c5674b0369c
dccd7a15,99503,0907708296eefcbfd4bfcce333aefed3c5d56132a6f2c9004c5ab093a22ce7ad
dcd71cc2,108946,e8db6b131a2c36fed6f30d421f9a7908d78d9638586a885f2e4d0e5705a51192
dce04291,109901,e4de13e1e2876986a32c3945642f85ae597a61863c62cffc14eba0bdcc34b53b
dce0bf61,97920,e4388ab31c46e0b9c5c216ac179a49f9126e2cd422d62adc5100dd07655c1ae6
dce52513,86650,38429c290b0904bce6b2ce6716e53dc7114943fbebbfdf3cccaac93006c293a9
dce5d67c,75690,12745525495f2371b164fea9eaf77feecf5b146b328f8c4b57bcb7e7c72c04ec
dced7129,96729,64a22d6168088c07b6eccb34a4c82657d5329687e3a65d3d05536dde545dacb1
dcf27a75,285577,06619c0496a7cd027a8cfefb794756cd9bc56170dd43e5e4360bab31831785a0
dcfbaabc,81553,29b34c8455dc66986dbd3d7d66b6dbae253ed3d1827a5fa708a253ad94086917
dd03f00b,254794,4ec01be0d7539c907f1e05085fc318fbd5f17ff593f643b594bec7d8ed17fab0
dd0648e0,87691,f0d02cc825b63f115830a819d8f1ab71d62e135c49423a2927cbf12a62ce727c
dd0b5703,94240,4981fe8a80d0dc15fffe4c4e4fa0cd260086feee7ece2127755f31fc4994b552
dd10f42d,101597,3f57a527e6a3cfa76114575b91663a80e5f05372058fa0c353df04699fc2e13d
dd18a47f,83588,2eafd452228532acf2f0d640dde87ea999f663ad33cdef556dcc2149035bc7f7
dd19835e,87452,ed2324ff3e002f9b3812ce479a5a575b30fd7663172c7e4f60052aab9ddd6cbe
dd23b7f9,116090,9e032df418ac608790c16891a44da36eefffe1c937df40c53ab76b17ad6a7732
dd39da61,88907,37b8af02c8cf2c0a01bb27e2cae2f3c27c750d9ec114ce4465afd7f332190de8
dd4505a1,78796,399ed57ce2192d307efc173b582a1a1711df619f220d6a9e0f5b1bc05a369149
dd545d6a,79023,73b446d7ae54047eeadf0f01f773848dd701bbb06d513cab3d8713f19368d345
dd55586b,93945,fe24bc8763c454da6f68ffae386a6fd4c1e8fcb25289d1e84e160c0b83f82afd
dd6435ac,112664,e674dffc6ef025e391be6245eeb937428cbbfa8b85c683fba2fa3bc63c1b26b8
dd76565f,70272,0c3e9eac439a9da6d6009c32b07de4a3c908a72b5a8c509932789a88801f8b9b
dd83d4be,84614,ebef2af8f730d0c8df8582042df2992b75b37894bbd6ee294755e6eccca83ed7
dd8a36f1,116036,4da7c31701e879a4b8f6a334e29bc036397d28d75603ba1c52e6dd1d136d9907
dda5719d,91228,214f02217ecda2e3cf09686e3f56a67bfbcbf58aca8acd614d49f462f0071230
ddb72d46,116439,fa3d9dd1205addce9db2359909c8e1bdaf8eacf9b5ab6eebb5e69c5289c57554
ddb80a38,2192322,7b47ce18079e854856a761d5516e830f189816362b802941642245c90010d43d
ddc61667,92625,26d0b1817be5d09daa88642c8f9c7d1b094d654120aab52a3429d4c49dc8ff5f
ddcb5db2,78112,e36f6c690fa1311ffc0fd6a00de3221f3dad34c52c5ae116f451499b5302ecef
ddd4853a,3610323,cc36fd9cad0681c5127b0fd0bdec465d16c69e4d68e2db835dae382fd16319af
dde200bd,66256,2941297aa67d50659afab01b4e75160b84a9f82cb9ed3adb62b3a6db8932828d
ddfc981f,105245,667ba5edf125fd5a92c49c9c7efdb0a3afb974c5a285897be19d9937a0dedb2b
de03933e,72704,947bf64889eeb194d784dbf3966ade9e2b45b7cb824e3cf51fb8c53ae9fdffd5
de0b7e1b,111176,c4245ff7e1803de34d1064a27c3d83cd0840c0e3c23ef0551c3922544675e02d
de1e197a,82814,e3818c6e8d309dc065af1cc8e6f1beccf2283bff96c2a369205ec2a78f7dcc2e
de21b75d,77594,1ebb6585cb73c0ef6f40628d88cd65026241caeae72f5d1c984c24b53b03d338
de2ff836,341268,e60205916d1c238eee563ace35b7982c43f9644c9bd0468cfd4374d89f1c2899
de318a44,105227,bf929678150c2a0eb2ed76b605d12f07d9cfef52f9354d0ff2da715ac05b642c
de3b4b2e,270179,b1b1248ef5798d81f69a86664b2a5f290f1dd001af44dab3fc0fda1315fea0c8
de416f64,71071,4df8486fa9c6e398a441d171a77495c6581b925f2b96d0ad6242044e5a1e1de0
de46ed0f,107258,aa3b523b1704965bc3b77908c5c2621985d08e55a1861d1263b8671676ece773
de4f6f2c,102777,5a0de18436c371effc76f0648abe39143e787c833b7714e6af68927dbff6b3cb
de6cb29c,2414492,41664df0c0cf5833fcbc5d321d38091103827a8f17bd7737a66d3474e7a5724c
de6f7e42,116700,abe38d7f5d1d724a0570774d5aa2bed3471a5a957f2297dd84ae4859cc0ee7d0
de707d00,100849,9f5eda63931d64a14dc1943e411aa246f0ce9d36c6f5b65a1c6ded269feafa8c
de752105,90192,a129290aad39eff0df52d6939a26f313eb9368bad35d4ece71973b538224a0d8
de779204,1874665,6cfcc36c1d6ece5ccc2c41fbb4bec911213644acf0c23cca18d0887fcea94db2
de7ca3aa,87459,6f38180ab34d18c89b740dec61f0a37513852e172664ba92a1286a4e5a73cfb2
de7e7a27,72855,c05229ba85af9082d41198791157bfd004736ef6b39d95b4d0ee313ed7712efa
de7ee87e,90537,9574291b874f4700e2283914f168b54d2f55a9ee906e86ed8379e7920e2e872b
de8b53e3,114097,857cd8e2f09364c29f72b130363ec17d31984096a6421f68d9941cdfc0021cc8
de909c25,71422,ec90f4453709b8b0a7b8f268b35602ef887ecc055956bad2939b8a05d375d47f
de939e59,69509,f6ebb8c75595d10892f4301e8c6b477c6a2dcd03d7e24f45f4ee3de000fcd6a1
de93c7ef,78001,6a203a26a687a9e771e5278e85248464ad439ba9b856c0e0c10790ff855c142e
de9861cf,108150,d99c82c43e5fbcd1af7dad92dc09b7a987a0a225effa559da969561813fa4508
de9e4cd4,77584,b42ba8d925adf5c6b8504e01b6e0daaeb83551f7b50f33b80a5fe9510dd68a90
dea15ba2,125747,03be4c5802a7157b189a4487fe18390b3779d1e4f8d32c30c31edd800563fb38
dea2b04c,103410,a1eaa7c8920b6c2243b2561a1de627844533afbe79ab5e9d34177dbc022ea4d0
dea35122,99341,a3b699ede49c16477c19c7a1ee5f917abf218785367cd69f645c109b50c7eea0
dea6b6a5,110750,7bbf760eb999dbdda94f26bdcaf3eadc87f7b46818e987d96ed61396a5d4135d
dea9eedf,345936,aab90d0de3918916ef2bd42d02c2765690d0315681c69c6d5aa464661519ed92
deb3e57a,68724,7670f8adc97190be14cf44b9a5c3b02fe18ec8f8350cf5c82aa26a0f6a3c6006
deb67d10,74490,8396615ec7f9f53de1ef6a072af8b41f61198798c128b7088bb0d6a6fe10e460
deb9a840,92857,018d295ea6bc2ca9550414d16092bb448ce57778c99a2be86648ebe3c431b563
deba2656,82341,48d0eb4a754d13e9c718c3aeda671cf90f3db43bbfdf8fef5b83ff1def93548f
debf1e6a,260891,6e92394c71c0360afe21d49ffc0e7437d80ec81e1a17b75679bbeeb99eb9f0f6
debf6763,107661,011f00fae41c588f516d7d1fcada2005e9809edd83bbe3d1b9a08d517512a19c
dec339f4,89662,9b6524cf1ec1c27dd2047e6b23c8bde3e2a23d343204f49d4e13fa07363b0350
dec596ce,81502,aaf01bedbf9a1667b20ce9413e4512196daad613f73fc20732e2fdd617067c25
deced516,94224,8342bcddeef340a3d55908a648f7c44303d42750677248a93d4c49d86c1b13f7
dedb5447,101608,59a1cfb4e86355a99804857c98835e6ced73879f4baf0a5cb5bf75a68b49225e
dee2faca,125032,121085204d6730543348e9e369f915c336e2efa5ebbca5b5ab66ab74bbedef08
deec19fd,275630,19459324b6e8d7af5607f2b330817619c5b91145a5fa41f05539cb2bbb64f2ca
def95ae6,87453,b77a4f936b3298033cb4dfe8b7a1ebf28d3beaf2406d0024c3c98292792928c6
df02f8c4,98549,f6b1ad89ea0aa79082c87c67f1ed102ad9c6d53f8a98443c54107950d2658d4a
df090455,103558,328506c5b76e15bb7c6cb91a40dd70d1023e75db698d853326a06bf78c4f87b8
df0ad6bb,979000,f9c41521be783e15962e956b456d5484bba3427304e1f7c5020d18628eba2777
df0ef27d,78229,69a817671df3d74f671b686291f108f64ee968b3c6387fbcab57238ca7d4d2c8
df12097c,104087,8ad53eaca90dce6669e6a10bb1ff7bf17acc4b272fc4d19bd395b35bc723a5e8
df2070d4,99492,e010622162f70239b380a61e2ded29f7dac0bf4f3ec6bc9d6bca6074af7b0d8e
df232395,450155,426477afec1e37ccda519650907588f33eaff36c5e249edaf185e4f3c38cf9e4
df2b4249,123045,7710523ddeb9efefc2dcd1fdf1898aeec6cfed424d37c44232c8c906f13f80b3
df35e105,85049,41308db67188a20d39a1faa8aee34fea3a8badc06337ca8a47f14aed6f228f71
df409150,110459,a9d1e6ed9c3599aad98e02cd6865bee2e6e923c51d3928e49dc9762f2130c06b
df4f17fb,77626,9c7209a91ec0fd691ce5cece219ccd568979617f68bccbe1f5cbf365d20b8984
df54796a,82951,37a9de5a1abc3ba150eecb0d0947cb9b352f996f2efb4a40d508368de86af7ff
df5f458b,91939,b8a1e5268b149a5b8d4c08e9b11c93929598a2bf4918c03f68b1683f059a5b66
df611458,91889,0b21f5ae9a6b76a678c150955c3e9dd0d35a99f3f3cd66b51ebba77eb7f2d8a2
df626766,95507,d8b9afc360f113cda3c403390c49cba865ff2d3f201c534b96a15475ad004d0d
df652675,117399,d587afd1820700a766b9109665f52bde336c31a2d77a2bb8876f31de63dbc76c
df73d0ba,83436,7340e2bfb2b2ee845d09be98768ee6f480bb786dcebdd85f89240ad15b416c98
df761a55,55215,413a7320e44327f63c42570f7a2d1251798c8f3b293b5ef47b7cac61cc6e50b8
df7ed412,87792,d6e15e163529b980c043a25870d813a814a8417ed8e3bd356aa04a4a62fa8a5c
df807597,91895,2e6179145a37793847eb49ab3460664e7d9a38dbdef4e1522884b723fa91b78f
df88fc3c,86232,66629b30a8b4d0ef38c9d2bbf1f1d183f9c9856a4f3ebe853e7d61e68e1168eb
df923393,98053,59bb035a34ab811e68ddcc3b6d4bd96e2c9d5c967bc67456af6ee6422a6ea8fa
df958701,72134,8a32e73bc24ac3efe01ce896aa5a7144a24baaec5924de53abc0098384662ac9
df9d681a,96487,fe50d67fe6083d8647dc8525f9d39ec4ec3155bb66a1ed5188375070b1581a4c
df9e8e7d,322373,abf6de8ab31401b146600aece1053b1949c3e3baab25a357b0efa1f1e8e3c74c
dfa33c96,94998,e4d48642a50eb2c77ee3d48f1656345aa47d2594cc8759d04392bb4661fc3c4b
dfaee154,101649,09e89ef98aff815d5623d85a5b41ed485e48d8a6547ab8b42e011b82c36e7217
dfb690cc,348183,f81638128673a61bfd1ab5a8fba4333a9782a1d67e5a0cd3844a83b90b6800ea
dfb8a962,119265,30724b643bf210f019264fc28c9ca226c278d0ca57128e221d8701af06a17032
dfc99a50,79054,ca52eaf67b00dea83753c1aa16aab189e247a0006cc949caf3521ae36e7c769a
dfd0deb5,65626,5fb96c2f5e37089b9ff7729251f53eac1927c01ee851009749334810fd0c9f47
dff31c4d,114484,595175eff4572394c72824c371206eae31b55ee0d1d088e1379ff6bde97a85b2
dff71529,88140,d13e782774fe14f1429fef23d4e18e0f87ab4bf0794a3a947853d56a6f5c46b3
dffaafed,90792,5cc1ecb07cf68c092a87f8b163df74fcf04e8775826a5a00075f1ebf0a11318d
dffd073a,83092,7c07856a11967455707b7cf5ca3641f900bda9f906901760b8d263619d92d2f9
e015d332,117254,aed26485507345390ac4c417a1d91825e007334ca00648c70e60a59b7d136888
e0184a5c,114065,4d882ad9dae4bd944fa8146134ecb4fa29389404a9faae39d9b325057c20243e
e022d242,88443,2a50d4461f45b09a3dfcc664fcb74863d7280f58a21664eadffb2ad8e3b304ee
e0344b1a,87917,ad47a052c1c620c1bf999bfadb5e61226035dc3ee5e4a8579365b2032b5e6fe5
e036e9eb,97724,23559678342516797b79cdfb54c4190e6fad16dc4b3596bdca7a5a818901c06e
e036f67e,477508,1138ffb889e73d497750c842a626b1b94731dd7c33b9f8265706b46f26260715
e039ee04,72668,28db58e33c2787323711b128b20ff5fb93c85981c3593e620e963cbf363fd2d1
e04396b8,1573967,41d01f881bbaa01d167da00bf109ec53c5d611809dd23a24e4ec97690430468c
e04733f4,102991,28b94ae6ad9122bfbe701bf4b1699424eee8f74eca6087aef6bf6bfa1c84a4b1
e0504329,105392,2dd3c85f0476bb64a36476db29eed0a85c7a0bd6b31eaccd50ac2379dc4a084a
e053931f,72505,8d78da6c0f0850a7b925bee1562b33a7c2c3ff9afc5e318c211f3cf809c2536b
e0645e62,2440309,875773e9540eadc51024f591be5a29669d4f67542a40b943ff31b96e331ad950
e07932d5,742739,3eed76200fc26c248d197a5b2796f143ba1099915ea467ed455df8ec63b7c30e
e07a5bd4,293175,6d27b3a3477239577e2dd7c8f0f231258dce33efbf4bad103b1671ee9a7fb019
e07f2aaf,92929,5210dfb69ec4a77aefc5a6322c0a78dcaed822aaefefe30006def92d963e9281
e085460c,73607,5b8e8083959550b26707ea74b4443211bb214b4a9a53b0ab22356df3b51cee82
e0878564,105185,c8286a463e106d1f798e3d4bdf27fcf92f6140d8c6177867cde1e89ae616b684
e09c7a66,64592,625b773d3fd0774036662c5d75be4e7dbda59899dc0c244cbe5241be6b4bb38f
e0a1bc06,96722,e3c598288704d75454225beef966ff09c589ded92dcfccabee644e8d38c511f0
e0a6b5e9,619067,bd4a502bc721d0d1a08dbc3437526f48c8a9794b35443c2ed9aa8bb0bce1b173
e0b7bafb,104193,438ed28b748f8008a323baa6b1b71da9e1d32baa3161b38bb573ca0c162ae5c5
e0bbc01d,107224,3b020925277adaaacb074bb7d3de99ef54343286a7c1a9d2c226b9cace7e3788
e0db6487,73892,245480e88ed6937dbe0f18c1f1e95b0e2d72e6670d6fcd32450317720ec79684
e0ddcbd9,103125,546dceabc324fd9b694aa65d4f758f62ade74a2aea2bdc1f287a7215213dff28
e0dfe0e3,94646,91f393bc61a94f220b3a1dd924139bb077081c5a7cea0f7fca5462fbae66d715
e0e266f7,83993,34661c5e1f47c68d3acd143d7b35ba4bdf4d05e2a0c763d028cd3d7c4aeec929
e0e2b390,102162,2e573d5ec771daf9d0c1455acfbfdfb24558b7eb7c4e680800e9a8dacc19b959
e0e6e025,96542,8c07442ce79de0d609d0e7cf7127ce8b71b687df44230fb6381ffc4986090896
e0ef4bf2,71840,00f70d8c9fd533972d123c989685bcb76154bdb74c3093f2ccca80491175eec6
e0f04a30,1214854,2cd6c1c948702aa615d983d568c2846f558073b68d7e80d842736ec37d7fb943
e10b2d3a,286529,423344618af46c5b329e2846407dec7296dc014a00dd0870f03f2b1402975c3d
e110739a,3717752,1669e31294a6953158acdeaba6c01e5c4ffd220a603d2484b43c6932d8db720c
e1133f90,95961,5e6ca38e3cc4ec3f32e0379a7de578a300e74f5fafe6acf39632399a37ea5773
e12017d8,271445,33b5d113a92dc4e0b0921ba9fd48e3e78db8517fe4b4b3ade3cc568b752a349f
e1245326,87261,f6e231b1796ae0fee57e8aeddc07ed94fae32ecdaa0d0024c93773f833b73de9
e12d042b,75367,f1fc141ca2e47fada1d2c98df62cf473f44296fa4a5d0475d1d5dd73875205ac
e12d82c0,113135,a3d61a925d31eb5e9dabdf8a25960d6a3cbdd816ad875cf2f3be93514cef6fb7
e137107e,82365,ac8b5713ad2e4a7b2ba78079b32ee027ee5096d134ae405de4b98099c135215b
e13d6aa1,71685,5bd8ffa9a92598985ff066c85edf39b560ecdb394cf9b38c15c6e1c13c9e1acc
e1411fdf,87262,d71a2b65ac7501debd3f1f5584cb96b2cb8c9852b087c494073477af41183bdc
e1416dda,85635,824be28b75bf98b70c1f0fa1397df0d3a5cdcaa43db58382474ff50ea03ef0db
e14277a6,98496,ec0c272e4ae1ff49412e5ccd8f487489fdf992195f7855362a43d723fb669ac6
e14fd620,89350,b260a72ce91af682e843c59313eee36ed9314c7493be5ef762d1841cc0b10b59
e1533f9b,66373,34b35bc9c9845c75df88c7d803cdaf63f7b3744d04d42e4f9a81dc544893826f
e15ad79d,116121,55a398dd9ea5a25e31a16680ece2f1a28ce0adf77e91d71e89c189a52eb163cc
e16b277d,76764,fc95d4f30b5eeee18add271c231e133cdeee5fed8b6a94e55706a1b35fffe7c9
e170037b,107229,0b7601254355e13f55c87fd1f5164b9916618923cab0fefa40593eec9a261563
e17498b1,128307,aa10c7fa6025a7c7c60638f254b9a1d90c901f20f29caebae36af4f694d76a45
e184ffdc,89312,c03978b2a1cc433097b02ff3d6b85235aeaf5107a8a75898051c2573fe810e57
e19301cc,97309,2a58a604e28f88223b119f0e93c6929e2450f5e4ad4c4de9fc654cd4bf0b7a4f
e193a5b7,96649,67a8eb01e7eec4ffd5efad8779efde02d524fa666b32ad43479692f81bb68c24
e1963b68,109756,7f2bae81fd67e319ce211223891a8a67e866a69289755b5a67e6095d66f64670
e1987b85,344574,ffe28c69afb79b55308bd2f9ed383ba3ae27861459a01bc046331d13f41c8b8f
e1a29b43,101781,b971b8ff835a7caaeea27c628f792fedcad07a1352e4c0cf2e6d59bbd1c4d1ec
e1aca199,86048,d9636d41891dd692421f8ad77bef023b1421186a6fde1298650390c1c0aff6d7
e1b38194,105061,403a617c246aa56b6e328868f4f333022d4b9979986a19faca2c4e43ef19ff70
e1b93712,105463,2e2e212271d8ba224062c9e8d808b17c1b41c21cece5f8f6ee8af7a85d0b492b
e1bfa3de,97983,fed10208ca99da687c0189800e189a7bdbce90ffb14a3c17d07e71fa752ef66f
e1c0c129,107805,eb4b0bbf006136b097ec49df1ff8553d1157696586e3a03dde8d991024430fac
e1c3c1e0,679302,66a428eaebeb6fdf1ef0e6ec7b3c85f1346e108bb4d5402f2474439f6d3e2cda
e1cdef84,94867,c5c93b3004e0001d91623619fd28b06678e0659cffeaa677d9cb57d42c4973da
e1d1eb86,69172,d7cfc4519614a98c07589b9308a6ef7ca246deac05c032baf9ed08f76f15ee2b
e1df5c73,93812,55de6e801cc4e00a20a02959945f7af29bb5f5477d0c2a116f4857649924690e
e1ee11f6,99248,2d5d0b640797c314bce156b036bb66e131f60b988b4d9be9de55183a616ff49c
e1f19765,107074,24425c92a9cd4675a794f71c4f3642fd40c85595b04f3774234401e885fca4e0
e1f2ab2f,94433,c0d7bcc78db11f919c5ccb3eb0207b3a6934cc3a0bf5bc62bca9398cc7a73504
e1fe80db,128760,5101e8fbddcc0678f88ae07a40f19253f90d0561822e4a17d8dc68a6090f19ca
e1ff8c63,80441,f017c4b72f6f6ebffadaa9ba99745ebd259e0218f2b4059dd9926bbbae2fa9eb
e200d9de,67549,45e3527edb00a4ba3329b0f91d1d8d868627dda32f65697c62953b99661634c3
e208c785,102597,f0d93d199f957b853e691797f2f1d5d4d733224183703ef61a1fe6f96baef006
e20a1200,84231,612b7d06bad0cb4fb4df94ec5d600482417725acef4594ff2877ce9695d39acd
e20acbb5,558227,95c611c248a3fee38f60f1c716fcf25bddbbc08f0bcb5509f82074cedfe8bda4
e20faf71,706112,f0117f9c007657f0cc41a83f10287f0c9f09977ccec94bf49671a67d4f0e0e1f
e220d122,104403,fe51293b6108ed73f8ffafdba469b528464997e6fb6be53dc5f3a1fdc5c4d9bf
e223f7bf,76361,99504c0d0ed31017a4c5e191e07771724245d1ecb57d1108f53b640d8f3a8cb0
e228e29a,82680,9af0c62b6c61c5659685bc331260619564b90fb2ab1478ba8a115a6b2e2f3245
e22e8ac9,91454,24df302cb7f7303722133e1e4d72ba523a80e932487e1ea21546975ec0bdfc63
e23a0c2a,73168,de3599524ae34923c9a62cbd7af26780fde0ed983e5c8568bb98d75454eeaf29
e23dbca2,62546,7c2310af2a50fe3330492b09e4d3dbf9a8d9f439740abee2bd96aefc06e85596
e23fe3e7,114334,28b6fe7dcc2fa506b6506a1bd449f027bd1856a511768547899e50b2b0ff9564
e246e153,1810320,ce3b0428751efcbc259cdce7d51bf5fad7300e39598980322657cd9eac0ee511
e24fd631,75982,f61d204c74f54d51825ee45b1edde4e7a641b581a43f27b826eabb850b961b6f
e25b5fc8,98952,54bb8dec620d1e8eacb7690d09a8f525e01d90818839cf8b88b360c912fe3e56
e25eb6fd,452886,d9173dd35a360397728a5330c51eca412d64a50022c786c7ea3df29516d7875c
e266d3e0,113658,e2437b51dd57d1a973d03d40bc97966ac4aec0c538bb8de3e7f9912e57e9b0bc
e26a7f8f,114389,d8f5423739d3d19f66e76558c314e9b0a93bb6a32de7ca9efeef395bbf523183
e272fb35,108748,e7310d15918d7f22441a8c68ade05d1025e54584d1541058ccb0119adf6c7944
e2864936,73537,c24407e171f939d22332acbe2f3b91e7233aea6d8c97f8aa1160ae7debd54f05
e287deb4,73299,94d2e90a95ff6931adcd1818e778983da9afda6bf459d48082b5ba4f393fde5d
e291ac6e,120748,881869f12562ceaab310d09d73436afc6b29a291551a5a3890ebe477883f09cb
e294fb25,96714,894dfabfd3efea74565d31d27ecd09111f0f5e3aba840bda6747e7891ae3167f
e2ab2733,113401,379aa5048b267b8ba0da8848fc6dd974108d3242b5cb160716f75e3ccd982b50
e2b568c6,1059306,53a383655ec8c72d647d759ca1ca80ef2801b50c69e95cf95b0aba149eed633d
e2b70879,97342,e9039d37d9a90abcf1d3986ee80a94e8d4721c9f8ec0cdc76c5d810488644e42
e2d78bbd,77430,9721491cb898b7d1e9250b745fc9137f3f4a61b7b3b2c6878e3c9d0dfe342c82
e2d92d66,74627,66dffc4f1402ca42809f7d7c2d1157c2a440ed1914fc2c4d22a98f50cdd6bc0a
e2eaf572,106127,447c37176811a448d42adc5252d096c488713aeb0720dc67044181e0c2e6e208
e2eb0cbf,83909,47167374e18066f5800efb38b3ccfcf38d7f6d3d0437de1f4b65cc1aaf942037
e2eb57cf,76479,6cdd3369954d7231dfe1be5b4494afc167cfd9aa1fc94cc819bcca458740274d
e316fd01,74099,a921941b97dfe65dfae1352e34e1ac55b193b6b0c446c34c95cb5add25c7bf87
e3248d89,78610,86010e7651ce35fbcd88a8b519d0eacdbc68b6b96d109c86e1f17dd494008540
e330c85b,79748,e951eee81fb97405a0fa34d6c0bad92dfafd3b943a089833fe56ea86e7db2cc9
e33cc4cc,89709,d3bc729625395b2d19c19e6e5e9fc1be9d4ff55f7cf8ae2dc345bcca8b32aa65
e34f6a23,96810,50c734abd03fe4184679a3ff47c0547f7f3483197e26a608f55ae6ae29dbb152
e350f4c3,264267,443d973e3fadd00c20bdc62f7f4784e6f9c26b0969f2ba938a5811f4e44833e7
e357f4b8,87950,f3a98da5e28c6cd645c6a976de7d5ac65209360e6291205b5529781662d83b5a
e3583114,1945192,e7d1bce3cf9dc80d8c3e1d86d890ce499b95dfa70c1a70802dd4bae8004f9214
e35d3c63,77846,f01503dcf2473a60ada0557c26c4e17f710b71ba031655fcd0c4aa5ff91c6289
e35e6693,102971,34b426b852fe8a8cec83cd1485c72866bb608f44796d5c0a2563ad79f332b8e2
e3603ff4,74406,440f2406d791d6962a89933f316bba963b61f66f8981b0e4653e3b01e0522049
e368fe51,100358,86789efd9d9dfa9933ccbabacca2866392038a62aaa9578855413e9f9c4a1be5
e36bff3b,98911,3b4e09555dbfddd0ee936a2d47673eeee88a572518136758718ed5a83dfe053c
e376f31d,133724,46705f91269e923a2c73b0cbdd6c759dfeacb9df74ef67af5e6a86da00810a26
e3770df0,111991,39f29fdfab383cdff7a29c829b920d949a2b0d234d557fe649367fb0982246a7
e37be9fe,88885,e7e66a598432e0720bf93b47ad6f5954914d6643a3df7fba651f2fd324faac77
e385cf69,84249,e09dc72c21bdd441b91e5a7cbcca0cb7e2b0cf4a94183dbbf71a026f30746af2
e38cd3d1,113095,b72986980a55fc229d70bd5361e7ee7ee0acab9bd03db597145ce489f90a24b3
e399c842,87023,2b3f4cdfdb24930b579cba1584de5cd933a0bf681278f3d7e7d8f24c7e4d655a
e3aa77d6,71770,4b92ba36c72faa789331c88485ad02940572e86176466a1bab08da91570e9c5b
e3c0c538,127717,1eb42b95f243340535503d09af4669cb004f87f19c2d1a70e4ac873ca80b06fc
e3d38bf1,112329,ca5a741fb31f31a292e20effb8e9711e03b9295cfa7a64f4418a00445fab1400
e3d5e9f0,107493,e04c2c5b3c3d955191912c4673ef6840bc6a0b7e9211a6aedb054d226fe4f959
e3e19c21,94973,4428afe02c24b0dc6d60a23d5728039963d13821767d57f26385e2a5351020d4
e3e3f21f,87018,213c45329d82f7c6c0541245f1b22804771f97e5caab737ef4b49e4015d114e9
e3ed398a,77044,c638ee2a4efb9d82c15870fc2dcbf177cb6d215c227becb418b49ae56284ac9a
e3f9323e,100651,39923f6014ece9026708d0f373d56bc3228fe6e1698bb6c0732643ddb80cbbe7
e3faed1b,136765,84ebe521931ac914d7860d3e418abf4be02c4e793bdd6be0286997cf77afb6f5
e3fc5fe5,69956,eb13a82215c11b13eb5e055b94cc9bddd821a06595a8450c1af463da5184343c
e3fe4e89,106918,88797adf198639e9f2e1d785f62414b96ca4ade401067e4451bf3158c065594b
e3ff32cf,96809,f2bba17835881d02d9b173bc97e486093283a3b517be3da355a9ecbba7803788
e4003b1f,111989,866994376ff4c4681a7d5bc7a620fb60426bea73927a1012148fccd69775aab9
e40c12a1,73465,f1653ed4ea33c98c3fdca6b0b412fd90e8ff4fd740c90234c4dc13aaae03b9e0
e414ee34,92734,b211e342bea5b4d4bb89b3c3864ec2693a330b4d28e1f270f7e07df32eefe947
e4155e9d,77208,565565e8d0a25700cb13ca3d69b5c9be58a02fdc9d08b79ba387b5d21c056b97
e4217f80,328492,f47188a31d66d8aa141f36e45baa9721d86b169056f42da2b0b6a01d6557ff0f
e43efd2e,108387,f34743f93e5d7a8c2d8c33e8933def0f5eee470aba990bf4fef448797dfc6711
e445808d,99984,733e3541eaf2c4c21dbdcceb5d8e568f42721effa84eb0da3971e04933d112b2
e447484f,82981,21ce951db4890ae595c999f50e52b848214c7776494a1c5e0d324d9d85dfee20
e4532484,74576,d9b43310df2961ff0ddd80767ef97199ee21c9e9e18f854912f8170398a8fa86
e460a8b0,120267,6413b2f9f8bb95d88d9cb9c9df4012363c09fabb222df82302635a6eba99fb3f
e465e94b,112684,4f184656f8eb8c25a85bac3963f1fc2f352d78d8b1382d72d5e95b2c8a020e3b
e46b7121,111009,eb68ec75d4923f962e2d9bb0d235b692cc506bf3d38d8847bd9c7a8a89111160
e47fa90d,112608,8e305b5c5a78e48ddc0340d855d7ff438cd46a114666371dbcfc3891de727e2a
e4806e7c,541850,de8ef3ba2469762e6c6bac137d40218600d838ccb2c701f1ee18db5f71564dae
e488d239,88970,70d66f1c78188697cfd31fbfb82a91a5261307f05f818d70d8f80f463284b5c4
e48ac185,102036,a8182bbcd332ec0ac232fd1561f172370bed65b4a106d624d729c17a217dc3f3
e49359b6,94602,f7e3665702e5e3caeea4f56af323f8b9baea5b8a270b357173c238d11918c987
e4ac09a3,93187,ab8809e8df99feffae16eb1518175c8efb7fb1178ea1e690b74b00b0e0c6988b
e4ae3657,103983,97b8bad629c8d36f85cade963a701945d6861dba9a14f007df552e5a1cab4da0
e4b34d3f,107054,9f90f3557c23b95df0394555e8669ce2a430fe9cd0667b14bef938bc3a7c0bb1
e4b71416,66029,84a480f8ca2ece89062f44c38fc4c9e92ce6e4ca0319b3ae1a75bb9e1a4d7344
e4bae921,103564,4d6a10d8a89d2549df6f54382f5a2e8c29fd771d0d80d22c3620a5950ac0ffb4
e4bb325a,115114,7e8be30b06aab33c67ab6988279c32cb5500fd4d9ffcc578e5f41ec72d0ba293
e4be4af9,89507,467e6f4bb82b257f2db7b14d853ac3df9f4b6d7fa72f138f2dda42abf365f80a
e4bea93e,91657,979e153e4803e30173e22cb0e1fd1d5c0566bf5766f9bf4c9389306959cde4e5
e4c03a9b,94443,e8141e022aa21a127a193dc3673e890fe8d56be87c70e7597157b538d6d081ca
e4c23c02,320516,2d430c8a1beb18fd38695d0ff1c8b2b1e51e3602a02d9b3d7930279877a3a91c
e4c8d2e3,101756,54050dd3bfd479f5b8c5698a9babe060ed7db91791ca69df19f035a1870d72f8
e4cfc2cd,96478,213b7da76531676ad290f25cfbfdef8b50285d4198d55949b9b7d400d1393065
e4d9fadf,76099,bd901c67101398b75c26d83cfe3e4eb5d98e26a1ae858b4991d4f681c79a8040
e5068471,107583,a6e9494516ddee5bdf7c28aad5f1498538de94e11bf4fd3186f6693d7f09bd46
e50e3353,115638,2ae0286816dcfee728a0ecd3b8b69eb9ccffaddfdeed9c79bc4a8042f735681f
e5155ac7,99738,8cda69f41d07a40a01295c354c3b2e12019a5a93fa7e7bf08448eb385264cb98
e5204e89,94877,704ac84a439b8d7eb3a4acf0ad80ccc76939c83db940c4027c01f757bfcbbf60
e52382ea,297549,e692a33d3fedb1af843617f595a689f6c47cc1fee15c224ec18e0585b272ec3e
e52407cf,75269,96d0c23c4e061ac78880e539345f606daecc6258d06eb58be40be9c7ad283abf
e524a6f9,83032,329b96ef61cc5cc255767d30e1a267ae55ddbc54df9d88559a56a2a54a1a25fe
e526fe79,362300,86ce68efea7623bbba86b4af2d3052bd2730cc2552721bcdbff64c25b0f74fbc
e52f29cb,67860,c0d7a64053dfae3d0b8f2b3704aa4663deda1249b21898c796628fac5b72178e
e53ad648,72048,b3e40a590c2351ae40db3b31ecc6722a1c8d27282a2eaabb29d7b9ff80733667
e53d1e0d,93320,4f498d9d46a1d57fcfb22cf482baab5ce4e9376eca9a95d9eb96652e7e000bfd
e53d5ee5,110184,11e3d1f3608213a4e063a65786c9fdec50e1b17cebcc582450f3d2e57c1b212d
e53d8ef2,84229,8c36e17cbc1972e0d2d0269bb56976284a2334ff80228774a58cde98e98cea52
e53e05c6,82407,da00d0806cc9a116013af7e5b59060cb6b111879e55f7740ecaa1859677b8259
e55682ff,115638,b7ab0e5e7f218824ef5973042684ed503eb4b09906726d3810f07504d94c2dd1
e55b87f4,84937,1920db7909312a048a939d076d4197accc812e9e7a41d3ed594456e56f8167b2
e55df138,103848,aafb6064ca3a35346eb60484377d70de85b119777e700dbe19077df06369a8c2
e56ec723,325998,a7dd4fda4d7600fc32f53ae05130beb82a8cee78edba5df5665ccb917f4a01a4
e5721cb2,104236,4cee8cd3c9e79db98e1091831df0edb0c347d7cdc33561c0c70415b001d740d9
e578b84c,102528,a7aa5a35f015f6c2f81a9d5c5ecb2380410951a9eae114c7229481cce05aac45
e579ef64,94515,1c42a81c581cf38b92e3cd7fd5e8d4d7023ad2d93fc2b0cf009a9f19d0cc2ba8
e57e12ef,103506,58ee2385682bfcf0963782ada8769cba9e3b97fa18f939926746d23cfcee546e
e5874134,89074,9b1a9405540983e1337090b4bae09fd5216751296ff24e96a62cf800395dc5d3
e58df554,102092,dc266ab224e354deaa4c706bc8e2cdfb797786132a384cc2838caad9ecb187c3
e5904e68,114184,141f0dbc826829e217316e7154a5c1069dc0150cb4046befb52f2b1c53425313
e598fdc1,81161,a4e762600fdd4c7139dd4953f343b81d0178f150e9fe2647c4413fb6d9cca45a
e5a3ee00,79968,14577d51c02cd34408b41f6a416cf309815f3c0433579d2a8b244c0ba423558c
e5ac6642,80528,b39458735b4746c9f1765fa3e94cfd406f82e3f557904f0996fec0044fc57007
e5ae35f6,76441,77e5aaafb1bed5eee0c5ed03cfd62f48c41aead5c3539879bb71482c631bf9bb
e5ae7b44,86336,cde8caf69c51a565add16e73d6ea20aef67186c168db5bab6256489bf6140dbf
e5b0f5ab,84952,53640de4faeb2421c477d29b4a63d518ab4c5365786e91eeb14d5cbfa051704b
e5b1782b,95103,b25743bcd3e315c698c85bb00e1688ebefed6333835713fd05904fdd108ee943
e5b3c923,64361,7bb81ce062fea8944611e63ee342c26ecba316f19342d3930aaa12bc357be155
e5b567a9,101571,0e88d2b72a44a59742017ef71ccef09a2a9c31a4271797bbc8a66417bd0ebd4e
e5b6e27a,83810,a75b60f7555621d3b8613de34cb240b852ecb1d2cc70d0872f9d3049dd4971ff
e5b79c6b,88181,aa75a9d62e654fc923ea1cd05b5292f7efcff2fd28d41d360d9be4233aa2b0ba
e5b92cdd,85379,5b6d195ef51fdc26f4c22c2a59ad10f8770d5c9f956c759a69855a266caa21f9
e5ca75cf,307721,2ffcf718da45870e28ce2ddbdb331f8025e83b32d73e8e4ed4e9a563ae268ec7
e5dc7ef1,69087,a4cb0b20b5e46155d27f372e7f4ef6fd20e7461ebd6f0638fd8cd4da6445725b
e5dd8f6a,86018,aaebf01cd90f19a3ba41c480d1bf91dce4aa0c9c3da99844c1aa869d8af9de02
e5ebc0ac,81789,6d8e2bf0b917f40ba03d21e16eef163b960207d38f8c6546bc5ede2ab6c8ad65
e5f1e31a,122669,6f97e745a022e2e0e48b6f55726f54bd3413c186b5451d7be392ddf0f1332e0c
e60c3528,103052,889bc8819f0cfeb878650914429da51f1c6bd18956029722ad1b2a5989282222
e61e4251,103486,4e9c61f4a6227722157162db9b34dc0a87bd3309e9c8e3d246d5ca740a04d6d2
e6263050,102098,a32ecf9aa5884adb7950f35fabc5e6ae8bedc71b6f41fed773826e42431b40a5
e63a0248,106270,5230f979bf275a12a0f617c542e365f1d305e0ad30b904a425f47c62c34bbab5
e644df14,122644,896829a776c5a6ab030ec83da23b9b397c5ae0fc0058ce6074c2dac887378990
e647eb61,92359,36eecc75685efe8e6e250098ea49aac6a4230d4eda61e87c67d67979822921cb
e64df292,74914,5b1eee573f3feb47490f493320bb34ed429b66a284e2c1dacb8c1079d6ed50a0
e6573c01,69684,e6fd6c2df88f4a081f9ab495542408654a1b0936e96b54e4ab44336fda799b59
e6617c79,78755,067c851acb6856aa1db8df7715d9dcfb6914e36b820b60272b026793d6855d60
e6639ec5,111164,a9332e0f701e085ac05998de7efb178f830bba4f8b2d6ba5c35e50cd116d59cb
e665b88d,79683,1afa0886be16f8ca57c5b2f4e88c36fbb852be7e19f29f538b0ef2050dbe6766
e670c436,104590,77346009b88b40d001f6491021f57aa71cef7cdea49063439d6d68e88b1f18dc
e68441d5,78046,7b57b6e21298131f5e4b6373a567611547791813b8bdba92f045bcf2ba8180fd
e68a461b,292101,91bd44e8cfc83dccfd57a46c39e58beb41d8a808e0c2de1267aebf9a093b5b62
e68dc505,82043,fa574e913021f81aec605b92a9391959859543a786a2f7b58e28baf2779efdf9
e69ea794,101234,93571cf9dae3fc0588fb0323815d0c2da88bb1de276f92c5b83fb3b96943a44b
e6b6a1ae,103934,4997f27a81267863128523301383d61bc35381e96e3a8a514ace321b8f10e15c
e6b9ec87,104013,206441080aac632b35d5b783020c32cd19330022e55c1aff7ab30111064cb274
e6d0ad91,119581,1639078e8840d1cbd5d77ccc6f7418fb4b5357d4bac4f78199c56f81bfc8af0a
e6d5604e,739319,fb27f174f7e1d0e5c122383d964bc2aea9acb6dfa08263def2b48cec8f61c3b6
e6d717e7,87731,baf83d4a193220ce880cda945810e258d1fff051de03d9678c1ead794aabc08f
e6db1dc9,73103,335f94e0921c226d61059ef64ca63bf70c12b6f49fc71639af1173281bf773de
e6debd7d,101237,0bb2fa65489cdb1854b58ce78a6fda8bc224b99e764d271abce8c26501fd39a2
e6e05f93,76782,98edb39e971ed6f52c9b15c32452bb0a2273ace3378a1f4a96e8dd2651d204c7
e6e24038,98418,5b6225742411a753d5c8a4377cfe4abdb833451496d61064c76c2b220722759b
e6e625d4,76707,fb4d0319e2d94db3802564f1fa86d0a3afff4b5dbc7487478b04d63cb5f1d212
e6fc76f6,133538,2afd7d7e1d38462c5515b9c8698e67eccf45f2ccf42285a81fd6fc1718be1a75
e6feac10,128202,df6a897dcd25689ea6671e0130f3ab5bc285b89e2e2891b5651b75be0e324b25
e72400df,76404,4782cce425f850f6e5400c590212ec14de4a44b3ed59d76ece369b2fd35de681
e73d5a1e,78525,98a56a575f7d0b1b50e5bf17e5113025e6a1fbe432f5b4d0069acc01933dff01
e73f52a9,119717,2163ddc03f04584768e32bb21a94ed3bae8ccad47c5e0cd4bbbacccc8d83996e
e7559f22,109841,2a37aeef152ee3b8500f1daef69a9250ff112c696ca46b7fd89909240e7e9e2d
e759e706,109363,23251f2885dfe23ecd0bf1e4b358b1554f874e6d3b6014f49358ea1f5ef8b7b4
e75a6ba9,84016,c96a3a8883398a68c1eba969019f94f9ea5601b17d6956185fb5cb4e715e2d17
e760dda7,80538,230e3864af1daced63d38a2435874ad929f6fd941405f9636cc46214eb126613
e760f899,102222,675c2cb7e784b4143f180f70d79653639e6cd2bab63395f4684a6287b3cd7ca9
e76597aa,73973,add5c25137c733b8acde3bef2e7b30c3216654909e921d889c08702651121f85
e77055c7,81234,bd4820119db18c8686c98fdb71cb7853bdd174631dc075510a42a5eab9c59cc2
e7821199,99673,250d402165523ebad593f7ba36751f87646f6651d8d34566f51005fc56261a4b
e7902614,119024,b8efefea846e3b586fef7e9dca42183a6a741085e8e6655ecc9f25d74210d436
e7937237,292713,0ec3f3ad03879eab0869c00ae336325e0c1c0a2a0800e22ac44326e13857edb4
e7a645ee,83138,e1e1acb5a6381117b4465907acd459ce507cdacb984550e74b9c756a3fc82af7
e7b003bc,103469,465d142fe06ceae7e2b26895b56a8f3ec435b3ca500f598e64872bf2ecd2ac0e
e7b2fa72,80355,ada2e1a2beca9e1f34c5a11cf9a92d921c93eba1ade336bdfae0d8e749d4e328
e7b5a794,2012171,7f79a71bb775ec706691a4877a6d91b49986e231e19377e407111f6ff7e97c45
e7ba702f,130658,015ab98bdd4d6645f8108f7397bea857245043bc13164790374a5baa14c16610
e7baa6ed,116022,a477ad8bc0e430416803f008e3c89203e893efd0129e538474dc801135a7ae5a
e7c10609,283758,f7c8919943a7ead3b851094b2b6fe858a3b17d295cf28a176a00fadc2df72106
e7c5cf02,112005,f205d7119250db93472689ff557f69595ac8cf356bd96e03ca283344c09feb2a
e7ccfff6,308431,1b706c6e48661bfcfd0422cbec24256c304b4791ad4ac4d49f4ac51e94e129f7
e7e01bff,86940,c6fafc4ebfdfc15e8d778b5f0a67057aaef79f0fbd7b9f9ef2d34265ae120ce9
e7e16193,71416,fe66827284017c7fc3797b40e99b2dc5b1395675e271fe22e811366e88e59d37
e7e5b2ef,49506,5c3fb5372772dafbcd670791f3edbca96256a326fd728399b591aa57a976ba88
e7e98ef8,101465,b8834b418ab3fa7a8ee057a717e7c6fce54fe0b13be4e58430cfcb04424387b6
e7f8c8c9,112132,42e7ed8e35c1135001cb3060369b46227b48917f83d4e6a0dadf9302216e760a
e7fa3438,127612,d6d2e3268ba2bbfe195954530332ad5834d40dccd7455f6be5f9e935b7ddf54a
e7fd2c09,307841,b3dccbaa00b4044337a38924d45ab3dfcb7b871cafd7d50400600d3b48cfd553
e7ff6aa5,2000646,0a6af90f292130b6d42d331c64c1774547a3e03c0cbacd3c08163b0761b15b90
e8005ac8,107649,38ec2ad2868ad4ca92b5008f0fc0f86fa37d5cba072c2908d37d968737b819f3
e809fb3e,102954,cf7743d889789012c41ab89ef228fae5639b4e1d2eb6e85c99a65d9d7adb046d
e80d1355,78749,525570061e0370ceced01af66cde51845e7961a8e1cba415e3a0d438f777c47b
e8127c96,87074,2fbd38e2ae5a5472af1d8f07da5cb51e23d7008bf74a4540da6eee4c28541d36
e819502d,102832,98ddef5a3a7d7d21dfe5260e6c033f188406da6d0102225e1ef19bca099fd093
e81d2a9f,113557,bac2b6e20676447e49b63b784d02dd2d59e7d4f7ad130842e801f903c055935b
e821f698,47097,a33f6541a23d6433291dbe2754a3c639cf6d61d79b31389ba1b62c91720879f7
e823f1c7,82982,6ac5b111bb2d2b5f6d9d0d2e4c68b63e4a2cda329532fa39c21ede022129aabf
e82fddca,305037,12c29c64a349c27b5712276fd970b124d6b49edb2c6117a68643c7e9dede32c1
e831c34f,111226,ef74d9710346b8a4d2fca95698f9bedff541f2cddfe0975e3807e4360aca3dfc
e83d1af5,81787,36d1964e86de83af100c22478193fcb5fcdbdca7889046ba06d9f88d947edea4
e8583015,1187333,a493c15be2e0f6d03f104141700fe76313977f4e1ca243ed569b8eab9f3fc028
e8634fde,79384,6fa61ffc5474f69ba9c248d2f9a8dcac91822b4d31c2e20b24a80176866bcfec
e8660232,110587,b2b1f51d7e802404bd920aec5def74e5ec5d4934d25a7d7f67b2732933785269
e86e10e3,94904,42d5e114d4f886afc765dd52084e46cb86ac12b7de3e1693759ac32e239550c1
e87351df,116000,f19127162a394338b630a2efa97c0c780372b6b10500357ba06735ddb2b608e5
e875dfe7,96131,12e2e5de48e9fb8bc03259e90c5046eb37aeba05b953a7652ca5fe86180d9dc7
e876bd7a,100469,1f007cb589f9ad7b650bc969be8e8a7ceec48f9fe514281374827098e93b894b
e87b074c,66193,ad4078fb6c4ac8f3be611d3f30ef187c9599e280c65c58e416a9a122cb39c515
e88a4bf0,95717,a8eb67b93b75808df0e49f4553f6adfcfdd4fb7700e0ee143cee17101c23808e
e88b318c,116167,fbe0da94b7a3629d9e476cffc906c12d4d0953eefd9835789184d02f7dcb1574
e898ee52,329158,4b5bde7cbeb8f7db1a1fe06d383506a85b6803f2f5e052371fdf9432748eac10
e89d9f2c,1278887,b55e2da41f78b0364fc5ef145873060a8885eb2f0015303e4055cc089baed43c
e8a3a1ee,75416,f6998b810fbca6dea43ce4eded5395a79eeec7460dd1c5a24e2de121bc0ab72b
e8a4a94b,74897,730ba04b0fbd9dd6a86174ab05130738e64ca83696c1eba7ec2282d030d5f2d6
e8a8eb56,100366,17a1602468609c55fab735ad4325b51c2e0c171dc541721bd4c9285b6d3a2d70
e8bc4840,65241,a5f71becb1e8fb4200c5ec503f2c406136303842339c1ac6f3601ce618eff48a
e8c3d6f6,664817,48c3eea834a5960603ababdf4a8baa136c4d39bc7b730758a3d142cdd72c19d8
e8c570c1,88997,1a276d47b9d8dc1da41c3a6e479256a60b29bf116439c9f8d4d1406044e58341
e8d087e8,83815,ccf8d9c0ffd029d61b48989ba12a27e45141b65a137e3bd8c6927c0b2d95374d
e8da5110,85542,53c985b4d9a2f8cbc2b1a086404bea3e40567f55c796665035246b6282b2fe58
e8da60fc,101015,d86fdbff8a9bf7297212001a09bca0d7b506c64f30e77e0109f993bf0a53dceb
e8deb855,73507,710288c33576f42e601f0628ec2b24760bdc9079ccebaa571a0a9bf397a680c5
e8e15d77,89672,50566e0fb395c9b71757b39dab565c2fce019b4cd52e35341ebad2d435f6f6de
e8ea7af9,342367,4f62d3aa546b870ad76dadacddcce16cee493360a1b87522fe33b405f8732c69
e8f9d453,1267086,2e3817324c2d481fea423973ac6b9fa20de224f32b63e556c522c42673c30fb0
e9030b78,111680,f990eef396cfa87aeabc6f0739d6f2432d49283930de00a9b7700d43a44a9d94
e911fcee,83071,db317ed84e1b969dc68bb43ae549e60ed83be2379ba07fccfe1a4b0a88a04b33
e914f64f,102537,60c18fa8bc6ea34c4d9a1e14aed2a94dba45dba70f879a67774688d700cc4622
e91b100d,97201,6a392d5ad6b3d597bbc1a94b8b0963c35a8c1ae369f3e3502c83cafd9fe1d675
e91ee46a,99882,6f2e2ced2a18f60dac8f456a000d078a2842587cfd078a66802c2fe55f22f33b
e92494ff,106151,fd23da9e2678d19077ca3787e2505bbaf095e9d7b0159c78247c446b8a87ecb5
e92c8ddc,511369,eff97ec3874c5202743f1b93a905fcd8a51a92ad6566943bedd41a9518390baf
e94500d8,92507,49d4e264b004dad95cc10ab16e090d44896bc7e638c9e84b8ff451da6642390d
e95fdb97,85464,2aa7cc287a1fb1137f4112572d97eec73d2748e3de6a6771d5e86f2ce36c9515
e96882f7,83169,a0320de0d12e8e3139462e7977095d78551555e17dd26cfe107cbf57e67a715c
e96953cf,92634,fbc6e3e973fdc1a73cf8fac5fa77ee55134c16e5c16d98c36c2dd169724d1e41
e96befd7,94788,eaa310be204f124e3ac685ef2eaae60eba3afeefae366cf7b4c7210d4f34f2ca
e970f437,95666,8c21a1157100409faaf4215cfdb7e1d78393b3a46be54d4ee7fb1408fae51aa9
e9757504,105175,1430fcd64ac3fa9e56ef8a8449dd10b016af74f8c8ae939013d24aa8113e6e78
e980de2d,94791,23db94d74e75f1861fad54f53821376b27e067865e3ac75a50574a1548ec7363
e9840aab,607344,7062562be320ffb8e675e4efa0192b86d25ae764960435efd652111a7dffee8a
e98a4301,73300,377791dbed41b8999544256705fda7f172666d2455895f66f03cfdd0992c2bb6
e98e7b4e,343955,fef9fcc08b72fa5ab391e00ba2deab88dce042ec6c02454fefbe77d9cf6db1bd
e998a6cc,93160,2b03aab334147c642fe3b5dd4fdc1ee37bc3207acee7e2704b00817b3b4f46be
e9a6d593,63358,f66b833ef4bd6dd9188858bbf5842bb169a22bf51b1d980f9506e06ca41cc285
e9aed780,367165,738433b2a50e770c88b595a8d4a9f91320ca00020dc5dbecd8e3a9128bf2b198
e9cf3597,105818,f32f5faac8a1b3e31922aee0974a01944e27471b4fb7f1dc6ff4605c611c5f4d
e9daf72a,73463,732cf8d7a79d6044bf295b87647db26c9bba6bb85e900d9d6b00930f3a46cb67
e9f31939,76947,a0c7e1d0f83575e7564b7ab5c9b15dada0443311f0f8c37a6f8d20129f69873c
e9f99bc6,82775,d5df27edfbc259f0a31ce199699f780ba02f30afa72e8fb61a4da0dc1526ef3a
e9fcdb3a,76250,5d9a75efcd220cade7fbf28295acb2b7155cc7d979abe930079a5052b582af4d
ea0a764f,112149,c473a447f46dc570a0366b12576682913532599319f15696f23a96b6841afc4a
ea11b9b6,77694,f01b1efffc7f369b6f5262317c073a82144b372bfeb38d8a080fea6bd5cef130
ea46c795,293565,7d8b0589d64c4d10afa30f5c835b43243a77f2c80ff0a74aab2618d4bc57c0e1
ea5800f3,84948,0d7510fd242bbe6a7b46d18014729c4553ff284cdc5559e046373493ceb823bc
ea582e81,77088,548ec6c461c4c9946d3163c876a0925aa07783b26585f355129a06f21929221e
ea59d246,85368,86f879f61de3d24dc8427c78a156f65d02fd391587f2726d7d1d1fa538e67828
ea5f304c,80128,4af56579dfbe46f518a15afe7b4095d632e13bafb7e90992b8374378c12d25e9
ea62fb43,466855,e825f7b9e5cf6c50eec4592137409e39281d0754e982faf1bde10ffdc9a1d242
ea6c9a88,116323,ef551074106ff53fd955641acda7b9dde1c58957f59016454a552b1cdf1804f4
ea6cdefd,92238,196287afdb5e73354a6f10ad5a87ce733e8e9c9d0fc7b25e39463aee20bed7c2
ea6d884f,102895,7c8669b172f310f3e268373f26044f70ed1aadb130840a3bf9b4c6a1ffc857d7
ea720b7a,88580,e56cc8755531658b4fae4a23b4a2f573daf3baa736d42a7400498cafacd7c7a1
ea8cf7e0,93677,2804f5db85044189a7199fa0fc859be988b20681822755cccf27f277a5046e40
ea990073,93094,832d30ba403328243192a5adc415a75e8865e2b1a3758696317abbdf50a36f88
ea9afa6e,67812,5dca301a4c217ee50ff0c7fc03060f558a8483b17fe22c9b47ade8bf6451d6df
ea9bedcd,88998,c30a82898088e1c9e6120ac13bf4038e103fb7b62fadf42f51715ded3a4cedd2
ea9c964a,80997,8fdebb8f57f179f670b18743ff12439cda3d993e550adfb388c8ad5831b95d77
eaa81bf4,102692,206da4ac8ef7fb15051f228b5164d4c64bb44e66c02f107054660ce586966a94
eaa8d1c3,76153,da0a2b3a54b66ce2d583aa641e293c2c456b32de2e13b63b06ff0479d41c7ec5
eaba04e0,86792,2f90055730fae7fbfffc92edee5b5640e503a117cea3a89eae68a3723f4ef9a4
eac2c89b,3576964,70a4d7bf0b58fe9342c13eece1745175bc6d6d7835821e8b6f1bf576db1ffcf5
eacceb80,100758,4e8b3b373cbf358d345f91a14705ce3e9ada5f53290b40effaf25448f7aa3a48
ead12a1c,103085,a8d9070271632e1129a40a863f85bbde8c819b1342642e14efdb8e45f50f8033
ead7651e,84914,2a2b2f6ad7db3ea71d9e2ffc14f593bcb39699da0801b3fd5f7a11d1a4b04ac9
eae168be,70117,9948d945b1be2b0a4ba1efce2bba2254f03caae5822242bab37473f3ba5fc597
eae3e5ac,108470,f8589008b9dd5cf9b6fbb24766d53693fbc86488a876301834b2a5e0f1578db2
eae60c99,122741,4faeb938fb61b316ae3eae8c96547c11ccaad06a44d5d2e2b65893d92d770067
eafa5080,115701,88aed471b7be56328168933e5cdd5e118e26e02933ed5d9791275b7fb02551c2
eb0d81ff,112251,1d132b41c2361d207d1eb993b84f2559e6b8e132b970bf3b39a3609334a54547
eb142fbf,275203,1eb508d7aeaf18dc013fddd7f3627fdfd7791266aa23ac8ef011c631aa302290
eb184651,1655850,315dafa1c5bd2159b43c30a837b72884e0194fde77de94afe3f3f00c788f1e1f
eb1a27d8,90906,b8be009d2575269512760dc8b1d48625ef9ca4633e157e762a81f93b683c0a8c
eb2c1183,73568,5480106096f83aa36046ea811ef9332397a5e495ba23d1f03c942beaa12c5b74
eb4966dd,106705,8b8448d85b37f77f914ddd10e5080764be8233d2c1a29f8c6cbbb17a3c581645
eb6523dd,72877,eaf810beab30f709a9c133416c732cb6d45464565e2c1c9d9f8994b0820a33b4
eb6fe56b,80539,3ef9dc23e8296652e1363e310e802fbad141a35590d68319bfe2334bbeeca1c8
eb70d369,102485,12be8612d3657c5537266b1b0cabeaa65981b59a4ff8f8a8d72fd7fe87220de2
eb79a8b7,87367,3c5f552badf6b98962602bebe586dd50f6d6e5499cda10ee723d040e9a954746
eb9cece1,66205,70a77e9f6ac5e4d804f1d7deb8944b788b59fad5b71de1f29d78ef1d383e7c6d
ebb37a63,105717,9bba5fb871c9a8cde8cdfa3e592686d75423f813ec9e38236d3165140cedb5f5
ebb3e1c3,76544,3052e1f6577bdd0621b715f599cedd68d898fbc892363d8275f021c513afa05c
ebb75cfe,103962,c70855a3677c49bb83d1652a3a067986411cabc7bf8aeedf2605803306b7a388
ebd72c2a,82097,1ef192f8b89ddd9ac2a36dae1379fe38333c89c37ed341d93e7630f99986f054
ebe31442,80600,abf6395ad1e56731e1facaf1ba04ee23038e0f626bf9123ef6e2ce1d534bd0e8
ebf2b1a7,108637,2d509919780ba8075b77ee895c0e7a3c1d623788ff3df813a30d2e741291c1f9
ebf81c99,99037,fa58f5a73ce774ed4db957e875ea893d4d26f76f0a819e802b9e857240bb75ef
ec0208eb,97495,2d17116eead128f98aa77b0432d1246a7529c78d2c38832b7653422f5a5f30ec
ec0e18c8,107555,0c73310023499cab4a4a96262ef59e6b6bf2a00bfb3b7182ac10995d0dfc68a1
ec167ab7,95005,f007e0fa086884be9486d5409f4d16f63772e7821138fc7f16daa9202b9a8a54
ec3cfe7e,88785,581c3e7b25fbc42e360b4b5b46cd1167553b1f9d22dc77cd88da7ea12023e3c5
ec3e8ff6,90395,afe161a53461acf7aa87c33f08785d7b1ad6f55b121ec8101973bae8fbe47b32
ec4dc084,344728,155a2f949e7d90e94ca9494c3c463c6230453ed5e931e8b6144bc34877d602a1
ec56fb64,69680,2a1487192b4b7c350f39868ac34b6620e66cd03bbc81465a1b6a760bcd6e399f
ec62ddf6,104092,a1d1ef522b91fc0f9da70ccac6bda3fec54ec5ccef63ebc8c6a371887508c41d
ec66a265,418350,d92eccc4d6231d671c6cf863805c08ba304bf5889f04c172c93a917313325c73
ec676ae9,76104,5b31b6c34c8744ad8c3715d27e55399759b0dafbfdcd515596101ee3747a253e
ec8e5fee,77345,e812ec2039ca49b377144cdc4df379e31ecb252cb47cfa21f89b1a44a60128aa
ec925e7a,121767,24e4c97312efa823f7842f63f27305eae6546f88b30220311feb8b00a5455bee
ec9d107b,109248,79b6fd32a7a5a14337972649a80fdf6a1c197c0fbdd470ead6a0e717de1760dd
eca7b715,126449,4fbc1bdc52f2e8fa736ce3fa37fd5a16e06209f3b398d3bbdffbb572c1cfe9a9
ecadc630,116600,389d7eda673205b0ddaa62df2e1906050b681f7603e75a4d8051dcf4a2d0f8de
ecb7b167,97033,f5143f3e0de23b49808c17b6490c8acf6084d5fa2a247c3a3ffc7723a8f29bf1
ece1f910,97330,b65da4a47878a7160d00d013ef81e5ed7cb4962456ef7e0a9266b2ce7b87ade9
ece2f0a6,74722,a36c3ad956568ec3ac72097bb654933e4af14ae002495924f69042ec81eccd8f
ecead854,337786,a0a6fc2ed783a9953899c5cfa9f35220216e8b7e692ca2fd27d4a8dcf156c658
ecf301cf,86863,4603eeb233f776e0af83bd4c4623d992995b65c9599e9ea63719d081d6caa073
ecff94e2,103481,44f4e73141cbd1c9176b4d8b2bea8d393ddf71f960a2f26686e23b72e4e1c43a
ed06b8b7,75540,b9721f370438ca909e16bce8e1c81c38906abaaf155fb6ad88876b5e3b60dd96
ed0991d2,102113,9caf3921da88ac4c2f1bec27c88d68b8cbeeaed70de97c22e251fc7ef423b8dc
ed11d33f,1036731,687e26d3ca903f7f0b58b0f16d5c7d6f2de810f5633d38429a47b970c872e585
ed2d70f4,100139,f3a56e6118f4a64139574148224835fc8569d9c64de28ab3bfe049cf5311a383
ed2eb442,105129,7ae2accdc4130f8e58aff45a4cbabe26e85e484a13b4dfeafbcc7ad84e4acfbb
ed392d54,288068,d3e58bf4a303d610a9d7f1591c19b93c62ba1cd2b246d27d3f6c8479cd3d2b18
ed3b58fb,88704,d4d5093d4f932cfeea9c6770923f0b5757a3e04aa8450f612930bf4428ab5f9f
ed3b6774,336736,8ba00bbafc82334dcc9c3956d9783200939ee39406f2b05e76095d43e3e14a21
ed460f83,103292,ccc3ae2c7893d229bda3eb6806cd356b05af7c0ed5fd1a964dbe8fa96fcb8bdb
ed477caa,564546,99c10eb23616556556cf89718e3fe7578f6c6068c3cb1929b16598f967f4fd29
ed4e7ed1,86008,0a4e6ffc919f157d2f864dda0b05d16ba9891716b4b1d4889a8946363b2b7351
ed620e1e,599612,6c53ea7ac2226e8509071bccb18ab41cd415b850f580a9e7ed3b046544fa82e9
ed6cc619,310384,0385e5d1080262a80b4bffc86856e64f77ac238e26e4750b30af2a67b4698714
ed71589d,115347,0e51757b5f32bf4346ed4b04cb5d7c2606690dbd1f6e1fd73760d6ec9089ed7e
ed7cef90,96452,55503d02552cf4fd53f620d85acf231f612672c8bbfa7e4047f4eaaf8a9fe4e1
ed7ff015,459092,a3fbce0eca0043ad382116bf7d442445f974d970e011545ecd1b53244280f9d2
ed812e2a,104893,8f21a8c91d06782e54ae50d34ad95afd57194376daf7cf820480581d8945468a
ed831ae4,109218,d56d28d050f272d802a43068ba89ee5b51258cdaa5c175f0800f7c77c876b032
ed87ab8f,335704,6394edb000c5a36ec5f6699b43f185bc6c1b1fd918bc7a39ce266a02d28946c4
ed895f05,82180,fba5b10489640aed48f623be9702bb868869232bac8c653ffcaae664b9a54b27
ed922904,69923,8bb7fc91be6967ee6191245417058024ac926f81df4b1087cc5afdbdf9b4ecaf
ed94be76,341562,fa8f1444274e8ebe233dfec9f0ab69bddeaa9aee92da88ffde3e71165032d77d
ed97fbe1,105082,6e4dcd2befa9b758477a41fc30405b655cd477d64b92003c4c77c3e199724dc7
ed9aea38,82179,4d3c97868a041ae6da91582b165f50e42b94139a88742ca7b889eed618eb9ecb
eda1fdac,73716,b6ad386c8dc686ad20f6a7545f0b42e14b3f5e14f271287ddfa02b8afc69f8ac
eda42430,81835,a04193477779ead1e47a0660e80a326b11ec6a650b50aa6e1eed8c4654315f5d
edac326d,775858,ba86bc64736446a4a8b4a7f4aab7271d385ba6b9b2c6d2bf732cfeb426bb3955
edb94ac2,73434,f1d7bcef4df590abd7d93dd3bbca7873ffefc632b10045c288ec81590d698a61
edbd1cec,81956,639269c2a232aaec3d0ec358b1f5fed0bbe432cd810705255ca9cbd6e2c1c591
edcbd6ce,73064,10d203084104ff1c632ec840c38c20994dec980372468a00c075ec52e421d70c
edccc0dc,75855,823b8bff6c9cc7d8d08233cef5830650405903cb46ee052f64f4075f1970f959
edcf53d8,95365,660f26efff30b87463e9d4cdaf3ac18e6c811c507477655421b238ab739939c6
edd10a09,119843,2a9779cc40e89d9cb26bcb0ed03340bc10e96c9234ab010737602e63396ddafc
edd89f76,261784,37020ede4455f514c945f90bb5a84ef95ab3235b53a6411fafee933f95da5bc2
edf45005,99447,724221284383b3afa0616b988619b15ccfaf482613553ecda31f271768518ab6
edf47ef7,98693,bf78ba1094ca2014e75b3f1d5bb504c4c8bbd7ee4ba5df251c092121f21d9bd7
edfa1aac,75779,6c9688abda55c1bfdd5e8c1c837137cf06e6d8867af91dc47c68503f5ae87e2b
ee0a5581,82961,83147e04f0dcfd0b4d8363482b842e6d8000006388a88396db5b4becb576ed53
ee0e48e1,91890,863331d25ce400d8437eb9675253e675831605bb2674bc273f19e0e9fbb2f26c
ee340176,91067,adf3888d2777de37751a7fb72ccecaecf1385265cc5feb086de31f41117c621c
ee36f1f4,87236,ce59e1732fe9cbdc685398b60c4d597851d5765f1daeafe851cd7e3e2a7399ea
ee38fbcc,98363,958c05c1f01502b8a7d42fbe937ed6a9e18641758779b62365fc278a1b307fc6
ee42a229,81790,e9c50c0c3639acf8b0fc5ec57b7fa72c60d2a8ccc6b26de79593c6b1bb36c253
ee509e77,657940,4b1b2fb3bbbb3994a17a8a2bdef6fe4aac6d511efa9cb2d4546ab008e51b5a37
ee5103ef,798418,a272e05f0c40ac0ccca16629ace19511ffec86cf699650874e7501bb03009640
ee51cb2f,111209,9d6be2df0839534fa4c74c5bf290cb054329fed1cf0a4bcce5375eed7abc6148
ee60fc63,84924,c6cb92fba2abc1f509124246455a0048084cee38cbf5f5e7f518db45c04b5ef0
ee650122,114368,4f4b625272d76ea3de721331216b93b8371403efa7dfe902d11cb2acec5c556e
ee67040e,58705,39db5000ad6ef864317e4c9903aad2a47eefac5cb6062ba0f534d8509463ca28
ee6d38fa,69712,201867d694be726052dc1f883985077f21f4ae0e53d2548d4192a3e3fd6f33d3
ee724bd3,118081,ec92c2a523f4cea4c383f4865542ec5bede2cc7e40f1334c364ff92624e400cb
ee783e39,108861,2fcf5494b7721cc54c043357e4bd0d54bcf9dce77a9f2a226110a54cffa74f59
ee791ca0,739905,6d7fcbfc37a093f1edf3a7dbdade6f9a6113e1327c355de2773b60ee758681b0
ee7c1085,72495,555e63434adc03b83a0d4a765d91bc925426d8fe0dcdf4d2c9f2472809c32dcc
ee7ed9a8,324134,62c877781083dce1bed3c7f889f5d1ac9e38397287ca2880f4f90adfea25ae87
ee86e582,62233,a5e0acddb2821525473074c8f2b01838007425ef8435defc936ae826b6f2f164
ee872b69,81137,760636c773ec6371151b25f3d700aa75a1e25b5f6a54ba8f5ad00887eee554c2
ee888394,110645,3566c60977c021a2b0858d079cb1e181d3ca69a708ce8771000afcd51548b632
ee8b98eb,119187,9714b2a7eb27bbe1fa08d2bb4d85b8fa07588a706fdb7e08374e63c17d0f49ac
ee8d2947,110555,ae5ff739eec2452af931a9e4168bcf21a6625e1f7405c93db4aabee8f0733111
ee9ad260,79697,6efe5253cc026ecb5bd38c6ddf0689cbc8f8647a35543ad5eaeaf01606af3c65
ee9aeb1e,98731,15050b29f4f81d197ed6e028ac574348b2ea9cfd1dde33271c45904e1fad0f36
eea2df85,106572,71c4524f4f4991d5c11736f542b36809f0d51887a1ee6eb5a961cdb9ec454ce9
eea72a52,112611,5bdb50432ca80901b0d4960919f300640a16b2b3790ce9abb44a1b058fec9389
eeb57902,70713,eacb7da693358ea7199e7e761785dfd99b02315e7e119fff6f777d51deb176a3
eeb693b1,93094,623e477547386d3dd2f3d64753421cb7896a18763f19b42ca0509414acbc8495
eebdf6fb,115082,0064207820c2425785d876e03e20d8492723eed54f59acfd300741bcf798f499
eed97844,78919,4b4cbdbbc6a7fd33d943f22650f4526117226def03174a29a092778674fea6b5
eee5ad42,104237,7c53d701ebb4b3e2062a82afd9421ee1dc1df7d1a96401efed55770fbd6bc8de
eef01343,72883,3c0cea28b9420b3590ba5a54d8d10e84cc2b3dd22adedca9b84efb6743647377
ef079050,81104,4367b3d99b572aa1cecbd84888ebf9c17ee59db40c35029bc5491ea3703526cc
ef0b2834,70782,ffc0350a0c33c883219260c0f5f740b6407a6d2339c25c3569f6e950adf45cac
ef202213,92860,92455222d2887d1d023b99c92c73348a4b189463662a41f268458f3cacd5cfd0
ef20eff4,90123,405f78fc6be9bc185f5c42a028eaca2563fea33b61a22ca1a3f8adb330471148
ef21e145,108441,10830926df0718f6235fe2a393f2746d3f0e7430b141cd1810d4bd6db591f4b4
ef369949,334140,e39ce9ff75ddae74710e66175ee18e12b408adb0bbb657995deb4da309f9ffeb
ef3a91e9,113000,a9cacdbc822d87791d5b30fd6a26f99f6a4860a6c4cb32a7852296b4e10d0c54
ef47c376,109337,744962eeda67d01a0ead599287b06d53526fcc6f3fa9048b5becf362d398a996
ef527f47,67277,4c5f1077d566e318322a8147e9dd790dc68a9de6fcea666747c16db69c80bf0b
ef60f19b,863746,cf166f1ba58187b14436886f9eebbd303885fecd5bd14f0814cb7503e72a4c38
ef61193f,88216,2f05f6a0369586e0fa53d7550d25b4ccfba4e55b3ce3b4c26702416622dd590d
ef61ebdf,86926,10bae1fa42416e80fcc393b86faadeeb31bae503f4e45730f1eef4daf21f23cc
ef7172c6,88309,e6aaa3a2606ccec125653d68359d8afec3c2062c65cee430595e857cf03967ca
ef790b5e,106857,1cf7c85a8c8035f4e5a6848e8c00c6735d242483f958fadf73918322a1b3a2b5
ef86bb89,73463,2588cb3b781902fcb96eabd1e45a8dd1565794800f07ab4b43a93a52ac2ab280
ef9a3de2,105643,3faf2bde40177f8d1faacb359e6f07981305d7dee6eadef3a6c3265e6bf566b6
efa46ce5,79662,97cd5fa91489d05e08eee9bf798b7cff9cee519615125ad8e9d5850e3122149f
efa74ba7,82665,82b9c8611b67001fc9d737dc04b6b3ae6a42d536726ad89d7be9ac71165a17fb
efa8d75f,118204,fe2b92f77bff297b79b19fb731f9b5ac39ab8d7bdcd747ed1c4de2e040d6ea97
efb6bbf4,99345,0f9cf8f383e29e725ed4ded883ecef766b6f56999cac34fff278c6daf0ad34ed
efbe074c,88734,5f0ee800d44b987bbc98508d82068878f002b3518a468a2c0ef6e5f93398aa92
efbf2b02,79455,ae9d12941ae2a93332b6d89812b186c5345f5e3a0fb870ee76f6f90d56e7d0c6
efcaa47a,106143,ffbd8cebf68af47883088117477c06ab895033a182b121b0f5a60698a4f96f2e
efcc1313,117658,0e125fd1c1c694ab855b182a132d878a4ee27dc4ce9db55d04726814f58c5a22
efd08be6,99082,4c29bfc31090792098dca880df6e0f2304b392189ba85a67317e4c3f2c4c0080
efd234fb,111134,b134f13ce9534243247065b770a5f5bab1657957458b6c4327711cf98db558da
efe101ec,78179,22580b63e3eb868d2c58c8cd7284e14cc06685f107c85808c381ee2e6f229572
effe86e5,90353,c4e243b3618951e16eafc239b31edc8a2ac9c762426ac59fc66a626b22e78f5c
f00935fd,108991,63aff969af6974dd70bf75e367bb993dfbe9136b29e6043cece97c68dce82ac5
f00af1df,88811,c62ebff1197150f321e10034a62c019b992ae368290177cffd38be09b1a19f98
f017e8e3,68527,bf2dfef6093e9c0ee80f58d6e55237d24fca72c51eafaa574963bc0777ddc257
f02594dd,94003,41a2ba36969c918ccc727e43f8a69560ad65722e64463c86a0560bfbb5e3172f
f0290219,119897,27b9573f87750737e96752d2f89f54cbedf3b43bb4a4210a0373dd6f04993230
f02df4ed,79483,cf29b2dbf4e33386710f00d2445ae3b9183d10f6cb57774ca9dee96145c5046f
f02fea2e,85613,240d6530560d60e86f8191f7433c55d5d096e3a2e6a2ed30bf682a024a89dacb
f0334377,86391,b4c7117735afaa328ef4e286571c15cbebd51a3742b092e84b0e73ee38704b11
f03e96e5,126657,21c5cec470fef7980885324cf13da05956c02777754e97eeeedd60515264592e
f0517da9,105456,5a3e9370300f888c08e8eb4084cb92c4cc0af3da456a242c378db9f935351bca
f052f823,80243,89e649995a470e5e3b115f2cfa06f90878fbfd1e74a4430f9ed0218bac07fe96
f0550aa2,136887,c16e93571e4da8af1bb02f6f97cae5d96253163d3b3b821da0f52ada433ca083
f05d4f88,81202,8d48d584804a60197b1fb231a4ddaa6bc6bb9eae57937f3694a7d5e4227b6dca
f05db8ef,106772,668bf65b1d532e78ad85722184f642b84366d5e5eec94739cb9c4b96d47dab94
f060d095,89066,d633dc2abeb2207c142dc34951cb92bb1409d4fd87f139f891451ce6ce4c83f7
f0652538,79716,3ff47795ec02991328390be80901121939ecbbee6d1f76d4a2d7b762a5879a63
f07e3e84,86927,983ba9ca28cc907cb5c4aa4473c5cedcad148819607c15bbce66b498ed7e2c34
f08af984,96349,78799c0bddab808b0de69040542873ef8c86c032c7f674f06a2734aa9ca50713
f093c558,307291,2cbc1d0d49cbd36917d411b001d4a3f720ff4d821985e41633ea81b50932e8e4
f095db78,76633,b3d4fc88aa420c82a2802074e4c44e36c846c9955d9cbbc0d02c34a8946ff250
f09edf84,87682,b12dc58e51390e2d96d6043ef295b7ec340da2816ba6650c75ecb7913a07ca22
f0a15028,84117,d023b1e2f7dc441f6eb721624e9c81ed76866484f671aafff92bc618932c0a2c
f0a5be20,83621,22316e5b8b94b07d971e9d45636290b58e7de702dd5b439a9bf1b09522c18677
f0be3d79,93958,26b66fe950277a4bc67ba285d84e2cfaff096f2e528a6a99e3dd887749137567
f0c3957d,74872,51ca7a3a6305c1ea83c1911dae831aa914b26fe9362c67f641d30d5e6f9884c6
f0c54efe,98168,2d49b60cf4cff70d2b7e4ad6deb8467356cd94f06c30ed08f6658b2a34c602f3
f0cbd29e,74602,7818f5d4024856b9acde59003da04a0801aa67061dd33931f23de83087d7a1cc
f0cc0fe5,69715,b0e14de972b1cd1ef8981a77af7d5d8d4e3f9f0c4819553cb77035620785b9ff
f0ce26d4,82577,3d24aee685a213f0e0d192029747f13825286263b54b9e870f64825ac84dbf74
f0cedaad,108452,cc7c4e9bc450439a7ad3c37476e045ed02596539155648e2b3216663a445254b
f0d148c3,76797,e9712f2a3fc0c514974573cc4d0311deb3351545e01d37e941c1ac4c31b8263e
f0d888e6,93908,4e7c441665cffdaa1aa50b9020a88da2a671d98808874808debd3a60265017e9
f0f05f01,84652,50b7f2a45d4fb6f6328ba6df5ee954df1ae9a761b929906490f8f0155f1f069a
f0f233ff,254648,f015e530085e980d5dba7d72e6a59a2fe8a99b99cfeb206fe4f571741d0ae2ca
f0f3b3d6,79646,9ee09746d04fba0415d0ccd4a12d952040d324fb3cfec899004e0bea381bb901
f0f61c76,84310,0e541754623d35f349dc9744f1c23d61fb2e54fccfd32d2d4e8734d2ad415b98
f0f6a69d,99662,6729fbe8c3f9879995aef9293b4609a6b3045657c6911f905123ea2a0904ef4d
f0f7b2c3,284201,dceb0d4dd4c81d4c824600a0594f1d5ae3ca75e8c8a65d087edbe69310391efb
f0f7d2f9,105503,dcd37f3524edb19ed913f68429ccd33fa6ecc2519023891c002e1d53050b60f5
f101c581,88786,7aa4f5fb89f45a12432b6a900e689fa748e6e27b7838e148616a9d05f2c1bbd9
f10a5696,94274,3e75418ebe8648aa52e4a376624482bd32563f64f3c048d7a80f404443cb91fa
f1139b44,100181,e5991bfeaab49036c8303640d348d83ef2bba6c401a66e5cd17153790370c055
f1158fc8,82276,7c77f3686ceaf2b9e8aaaa190322372a54c074fd2b3a5ade204631637bf9b5e2
f117e993,82767,9a6810e1f57d554ee78587148d55061a3b6b9b95a13e02a570241cbddb937648
f135abe0,99015,6a780ecf5de689ba4458692295521aa2b86a64b47a398fb55bd189615782426b
f143a840,110788,47c692a950d24e3084e6d3cff516d6457ba35ad2d61da570fcab1dd5a45f4a19
f1518d1b,63144,e9d331b71f93315631b1e90b2469d73ea5cf944a255933ca7a46d0d19d778f50
f15a1080,107739,1e7ac092d2e21523db0dc0543a8117f816b825c9fc9929a86fabbeb61176190b
f16b3de8,85244,4ac38ecded37ff07d675ad0d733c083383e4008831e960d01c20eef22961a6f9
f1740531,107011,d231a446c8d63d855d99c6dbd7a28bae08904f5115faacc166730864c3f32a37
f174a861,77193,05b4454d9642a4f6ca2c18cbe5b3358c323ddcaf09ea2f10ccbea6bfed445c80
f1766271,97693,77adcc9611f80c668def455101922fe4afb39399b0d5be636c1f969ee09ba0ce
f1811e6e,281384,acca6f7778a3ca811e019b9b2489280913bd4e5858dd539377f60666bb4aa3f1
f1872fd3,123705,b65ad55e25c3c7b93676d660e3c6f810b3422f797c125bc191e4325abde53595
f187e810,88207,feac883b480864b65a5439a242148e730d620634ec2d2425d3c22b9ace4663b3
f199b45d,106678,1bef160867adaca5441b309f5e2b9c6ec5778b8bf88974fd29f5aa39ef8211ee
f19c8a91,114755,a18532ff858a8c8f14d096b551f8150a53ba6fd301a91be2d0b9a69f279362e2
f1a510a1,74964,981a117b73c9d475102c0fd1a21b3c0dd3a5736b3c36b6a01b6ba8661a8b62ef
f1a523d1,78471,af8a92966c2920eee29b99d217d01c9bfdd330c4aa7d51dfac2aa0e8d98fb037
f1a9805f,836751,47e762b4a8769bc03ff7672999e3ab266ff8c036d936d28bcf8553f88cc72604
f1c66ec4,89677,bfae8c3b9435923908f2d719f4c2a495da0bda5cd5ad764115c397f2f255ddf5
f1d28781,111930,1a8eefb0b358c40849cf642eb50b5207e4a8002d12fabd39ca16e5f40b74e94a
f1d497f7,2182464,52113f737d8457f4c7006a175d537e3eaba4b13a27ee52bc130068cec8667aee
f1d86cc0,128690,ac5544238fed505b7abbd9a281d646fad774884488cb88700fbdbb34546e065a
f1dfbb3a,107168,a4389e23f61808c93c1a3141255ae1b79f59e12180ffb8a9a666f0c3c7f83b16
f1e5819f,106118,255bfbe1c81c6f5a8f109e43aa4766b2db343de8a251c8e9b0b7a4d96c45cde9
f1e793dc,75365,b31933a7ed12b59811da0a88b76f6217fcf2040ae22d1141dcfae67659e532d9
f1ead3db,118438,03f2c8311705d7e0c301dde6f7a46da6d2ddacfbcffe4f416c021d298b0c85cf
f1f20f39,80815,8db2f10a34bd41391b2a81ba5221820102115ef54909c6f905ad9505711f6777
f1f3cb35,75004,b74ad93f2b6f667c416d1d8b36044fca6c022bd144f7650cb2e5c86f30e0e509
f217407d,74259,73223a7cc434c3571d434a50448ca3ed9d12e2b35a8d4b3ec8649d1e8534fc71
f218732b,98210,fe455e8481fa4f72a729d28519ef70ef1819939c4392d54cc7e375bc7a60874d
f219456c,123465,874294218d5b64a38567d669610620ba44ca4fa628185783487065326f02662b
f219a3de,75488,dddea6a0f0b06aaec0bba3aa15e891001f2d3be2722ebab75c1f0b574fb9b6e0
f2353dff,79587,a24691d3e51ef140805ee8d1ed6d2a0ac15f034d18b69eacf382f1854db9b877
f23a5730,80628,ac83643212b2a2512cbcd2a7566b2f23624d3525a9648e3c14990a9795338e85
f23d6a34,290539,285c93196b5d12786516b8bf2b2a5aad26de591e64fda8b964b7dfa989412e9e
f2432c2e,113374,598f35f2869682da44749bed7e673216f85dd35088b2f7f2015f0edf3ecbe51e
f24898f8,104866,09f937403ef356ae06726529b8001bbcd3722e6b522f9b144e89bdf2ab21638c
f24fd5a7,109996,54717131f6e9616078341db5a857f572ee9c0f1c692d6769feef24514d6ba6e4
f25694e5,97851,88fb414c953c7dc56419da5c55fb8668460286c90ef454d6c1bb98d68881eccf
f258bffd,94708,21c1744b45be506cdbf2a305a2dea84066a6e8b689c59d10eb5f6e31feca3bd5
f26096ec,591183,1687996f128402c3e1370470c43e5b02a04c2d174142e5a605954988f314852b
f26d174a,3892664,b15cb591a14a5edc8f1a31f5b5766cb6deaf8babd961f9ca7705960193e5701c
f26db64a,100293,ada6b74877d381acb26769bec8546c08f645fda9c35dea6c7631ddc11d347a5d
f2865138,78258,89966c527090ab32ade996ce2c36b9a5d99ce08c18fbf632d9a1cf98aa499939
f286b91c,308346,0511c0ab1bd46d25beb1c54deba66d2e00c4eab818089cfe6ba75c1d57c44707
f291920b,114931,ccc47c81f6cd704b766716beafe5449a3c46b5da55db0bb48e576a02a4a3f484
f29a3498,88946,b66fd30b80e25822bb52e9a93523eebdd71c1e98099c1d58f080773d4dacc4ae
f2a002bd,1874992,b1fb16caf2eb4a9a07430a52ff96ba7810bdbc5d6c8b06e5e59dd4048ee284f2
f2a32c98,75562,b5db2266487931d497d3e9f01f4aa4caa983f6e1372c7de29db6058d50e774af
f2ac3c0c,118286,79058c0f6754222d695ef161468b8366eb46f932f568a80f5da9db3648be3b1d
f2bc2887,98918,1d31424f00e4b9ec4f17487151f62be533a053d3e356639aa762babd02f94db5
f2dd2172,450685,3c043bedad5f77d1897c1daadbac86dbe9006f2d42c85d48e44c9cae1fafb54d
f2e71293,97426,53696e9f0e90d4ce183e9d837f818e16d5410270f54cb4182f2d8f2449471cee
f2e92ff0,85460,c51f5ab1c3a39681f924922358fab94d1bcef0bc9a1db623ca75d52a7edff922
f2f4ec1f,84177,8fa34769b00edaa94bab0ae593f6cabb2194729489904c93c0ece1d706138228
f2f62e55,77130,4c4118c08f421a33b6486109ac3b37688353e745de3c38af51146072cab280d7
f3049eae,109426,a907dd7d85f19b868d972c0c2d617d265f9d4fab54a5df0740a5320af098a121
f307398a,106141,6e4d69b98a630b2ed5dda9b7c520966bd3834339b5b2926cf078c7a03fb948be
f30abe4a,381523,8008c5984cb321167fb938ee86f817ad3fece85eb395ec2782587b84adeee2a7
f3175f7a,114555,eb9aec4e92b355930b09c320ea432134f24c2ab86baffd6eb3db2ba8b9efea08
f3239015,93568,db7e216b5d66c1278ce766f80535cf3878e86299dde9db2026c41a374357f822
f32a40b2,99443,4baf61df425839a5c6244690ff223573316f775362f5882338d0b3b9e21b6bd0
f33a9c5b,103214,b306ceae5575a2bd157902fd625ae2469c3ec604d4405f1272d6d0b53a0a6690
f33cdb95,102972,b18fb6839eb5ce6af4c5bf6e4538fa1d67ff9bfe933104046c1b9d01dbbc99aa
f34a5517,64810,e5ec46dffdb8e185f3e2c17b3dcfcc19845badf52add5acda37e6ed33a150d8f
f362e1e7,109004,5fe48d4441f4116125f312404cf8f50a8df23023631fde64e8d1959c30d12f89
f38511c1,82151,bb2dc6d5dd707ff90d602a46f4a783f4381bb867b90b0195397c08a962fd1b5b
f3a68bd5,93695,b44a1bd5ec80d584580873dd5614c8cfdfa25237c0a88211526f4b6decc3b6fe
f3c098d3,110846,7268051723380729743b6e125413adea38465038a0fd1fba069c1aa91c706b43
f3ca7bd2,92153,ce3e34b73b84a09f3804fc4d5b7e553a27e4e25463a4f98a675d541d2d3e8543
f3d81639,72075,3a1cee733538028934c7adad7eb481de95321ccbca28e7cb3415efe5c8703fb7
f3dbaca2,2653603,1e541d71a965cb24c0bfaaea308f604050f0f9ab8fc1228c910b2fbd441b2674
f3dc8c5d,89150,47707ad91f5946b09e338b194db1e2753d5be4eed95e4d6f4c12f990d58f7980
f3e026db,102776,e543de45ea98ce945dfd0d339a98d14c6f415f4d6660ca99c0446cf6ff6b354c
f3e107a0,101351,573fd32c51c19db6679f328b0a6e3ff5093080dccee9c9a99081adda651da666
f3e87007,73439,8b4fb4ca1963896d8a8b015e6876369113354d3d6651942fcfb1114c7e1064c1
f3ed431c,78944,da3ac29f720d54daee17a89ffc4a17d5ca773ac42d5854dd0209574b03578c6c
f3f652dc,85280,0bac303659b46163648fb432d23d37d6302b3fa6278b457a049160ceece3ebe5
f3fc37d8,76658,c75ee95296b863fc46263830a70b1b8e98c7fa26c3b10c0f2bca6303530f1abf
f3ff3a1f,85244,ebcacf77d60780fde6fe9e16768ab4fa1726da223b7e37fa66e898805fec879e
f41bb831,86051,35490c7afcfb47cab877cdb0f1c464ae5ae5977cb6189c59c77167a913f0ee23
f428ca64,73312,bb507b88adf158674a323df35dfea7fca751b6876839be225e4938489cbbbbcb
f42adbdd,76937,1f6606911a7f791fe7e96e2971653e73272b61b0472c6a92a2914377f2fcfd3f
f4381804,101665,034af3480dc91cdd9537017535bc873305d9db586dbf26ef946ca25c69df0a36
f440ce07,80376,9a2e442cb9aa530cd581f60c3f73b02d5b8c1324e92871d80c4173a6a756c836
f44658aa,77884,1147b9c3c83b148ddc803d3cd888fd74725bbb2829d3b4ffa2a0577d3d088cc0
f44f2a60,102396,88696526a382211f5799b12d490ca0741db052b8768e353a670ca65390499a8f
f452bbf8,91088,189127cf8a277970e3e3a0efda974071974f7a1a152a7f1b2a5877f356e72893
f45d5984,92496,46a82e33d2a410f383062f1dff4d40045770b769c7fe20b657b36c3b38628f05
f4632966,67050,4b7cba28402d7b821ba077acca584bf61919690c02a854383262084f5794643c
f4714a35,100401,3415d96af5e84e403843be47b9ffbffca730c9f66eca88e8b7e1da8da800b1b5
f479e635,273360,68562d309e7fdf2549133039e301255bc9dce01f6aa8c42fd95e5a4756fc8a82
f48189c9,77870,96dc7c46162f29e9474efdf6820dc5a7df160d38f3c3ead7475d1b63a0588143
f4907440,341976,f039c98912874f4430aba0ed617427e5c53e5ca98f3ccd4e36df06783a0f6a3d
f4995257,717876,8712f9f7607e2819bfa921fe8d71515cd72c2dba49d4e13e9e506e7211e7d416
f4a1f423,101610,344c2b72d2e2002bf1e2661afdd41a1a82a9c494f7d9d99fb14907c3ed80f559
f4aa4333,74306,491ae60e00235d05205bc5746d4d44b2a08f1d3fcce8ed947ae96b5e84b1bc44
f4b1c64f,101198,1f37ab9060f539e415cc8bcea8c2bf200410322221f9c9f95c2f50490e2e3d11
f4b867ea,110730,648cde76e663577a3cfb7f0ed7375e343483169439f3d60d4da8eff76deb6ffe
f4c32e8b,103903,a5cdb378b88b4777239f614542d3c51f8f65f7ba6fd7c561514b22509ad3bfd4
f4d42e14,96051,f354bba180dfc225b5c2410448ccb3acb5c47e526c6f4744a544882f1dbba56c
f4e40958,75191,8d3e2b8c816d55cf648a860b1eba4ba75cf07a27965d06e729fc227d0aff7cbb
f4e69e4f,2284546,5f0e72294cac61ed669ff6d80e9b87f50a6dbc10e974c8517b5a1ff645cb6a38
f4eab160,101774,dc6db2a80421bd7bf81308726a9cb800e78f2439c34ee489874551d4a0a4203c
f4f291f8,117101,ccf70a1da159e014701f5dc35f2cd0ac1eeda86899a76fb8d1922e43f4c65e81
f50be01b,83719,8e9ee15fb2066618d84453113d2c4dcb9f7efd5fc3492772cd37c2b52b69e3d2
f50f4d3b,132045,78ef845e572f387fbb700c11f41605062e44fadef99e8df625b2e392c2197574
f514758f,128162,e108412bd498667dde4e209f1497d1e2a9e8a6ee4c0b7ff95df5e9cdf69e6cfa
f52d440b,118311,927efa0636b572d8d8e87511e917e38525d4f46f70f3ec977415df8b92367399
f54d397c,66690,b32658400628b0fd68ca560439cd865f42db07322a5bdce6f2450aaec98f5e48
f56f8a40,115702,cab9f04e16cef34639645ca38690e72affac7668ed05b9338669cf9d7ab66e19
f57070e2,77816,a9864a0e051a9bb499b3d203039998cb1089ec9672ced915b05ec80c3484ceee
f574153d,99520,94d618cf36f3bb6345709fbaf54609d2ded342ff51184dabf07c9f587a98c6bf
f57a4462,84218,1178d286afd10f0ea77cafb4ab32eb114e5277e1161bf85b5bebcba4e9f8d13d
f5861b81,89794,577e17ec773f0c42621b3e7cce03ee123c60deb968b012ab6dc77ec6771c356e
f590bfae,80143,663aae4d83f7f307b33416a2f8904c2d7a88057c6e0eb91ffeb0581589d651fc
f5939c2c,345670,24f83fb293ce7d4dd18e9285b298b10ad88773b238667b333ec150e438e72f4e
f5a308a5,67767,a663e5c7acd2d05c58015d509e226ab99fb5d4f98b6d2060367ab893f77bbff5
f5b2e372,73586,12c5468ee1968f086b956641037d93d6fc4b0ec78718e06748e271ec4a92e56d
f5b345af,105984,1da7436240512a2361183cf8815197515aab466f58700294fc44c99411a8c345
f5bb8239,1639697,3c96209bcc900c68280a63d28b1443fea3a4b4ee75cae02d4ad42217f4354f04
f5d24afa,731046,3cba1a839dd5cbdac3e7888d78b6867397a2bc2454e850c42cd0e947fc6cd80f
f5d40341,115248,b2cb639e0541e6bcf46395b57ccbd1148e5523314dc92bf6715dd933cf6d584f
f5d93877,66673,4065a13833e5bd75b58830125bcf0db1fc028b6fc1f51b48efb68af462385be9
f5dd58ef,2082816,677860a05b133d1aa96b937b4db8f27faec03a9872415f6d7383e69d0f4f75dc
f5e6179b,336392,0c7be9367832adfd2fc3937007752db3d4949ee59453c28627c077c81967be5d
f5ee5fa0,80872,8d1e187396069d170cb51604233571adaf135f53807ecefd03dc3c356f9cf2a8
f5f90094,1451010,d6b7498c7f16c85e8957fe5652a1d91e322a94cbb55b4bb8aebec29674bb85a9
f5f9cd11,67834,c7c7c8562cbf8c88ac7ed1f722df0ff3572ad6adf4735ce646e0b788d127cbae
f5fa2ffd,73260,cbdecc609d1452ff1ff3bbb1ecbf49e62ab536453a47b19a815be9797e859f6d
f5ff52ba,87702,e67fcd1a08e13927a2ee879505d4763ee868f4739ebca659e4603318ff3ac114
f609c5e2,102741,8c846161822d3bd034f620ddb71d44de0a37e2b6c77e323c39a3980685b51e65
f614adc4,2330715,9eb194bf37df460deaabea3d8609ce6357a0a5f24760204e504ac9f8f9ebceb7
f6186d87,97858,e1eb4833359c016f06a93e57dfe5d7a7aebc53fcc203a8d07986cbcaef8090f8
f61a1be7,80387,da5e91f9cc05e9e5dfbe04e0bfea8f5b0a1983b2850ffe3bd6cd8ed5b1605af8
f6257798,96120,1dce6da337fb618e481836268d285d7570f102b9ff038c765c0cded1eb73ab82
f62c7eb8,96384,c18d61c385513532be8d00f7bfe2488c96e288e37710c870201eacbf87d4c08f
f6328291,108787,c308076423cf36750c04f56be7239b2702c858147efb4fea9e4c4143e541902d
f6479ef9,70886,bab66efdd54b1162a4b4b199ed8f1d66357863b3956e55706d4ce624f0be8f48
f6498669,84839,dfbfefcc42b0af62f629ecd8295caf908e4835ed943de3cc61c25c3f0cca97ba
f64bf68a,96498,4cb8c22cfcd0e8e9dbe25d4d836c401ebee95b06f09d39acb9b14c04cb91f6ec
f64cc6ef,98764,1a0e2529706e853577a3f99cefa5660a1ec5d213bd78c1c59437287f8920bb08
f6531ef3,63203,9f2fd6290aaf8480141e1f03fda807e5ee25887204618d7fe5d822182183df3f
f656c17f,118938,68cded606be75132e9f7f7c06a021d3470d5d1ccb2946172477c52556554abfb
f65b5607,75941,ee12b520f34930f2c7f88c061fcae7859d2442ecb386c2f19f6e9113f240365a
f677efa0,95753,da704c7d91a205e0158e4898dcbd5ebb12b199d3fdc634f9a3205811fec4bb65
f678dfbc,223324,a93a7302b8f4dce9413db19404046d6e8abb3c7f768e90c6550617e4aeea11fa
f6915f81,104123,74324dbb41855a46f806f72c40d7454de8c62befb8867bc4a6ff56a6ed3f4b89
f69ca29a,92339,603d308bad00bb2f5a838f4865c0390cc7ddc07671f1aee1e45614650e903527
f6b0e0c1,92902,ceb660cbdcd3712a709575906a4b1126079bd58a7f6839f4f6f31e5a3ff498b0
f6b25e3e,88826,77cfad2c7bde7f9c78b64b4d3ce4bf299c5f5c9074321bae7ded4a525d8e41da
f6c52be2,342145,86148d952febe88d22f582dbcaa35f471aa36a84da3628be68f204967abaab09
f6cfe522,93668,4316f15c6b8f7dcfaef82a7fd86f0765e00a409725d6e96b6280c60a8f8b994e
f6d368b0,105648,d3073e4daba91d03808eec2cdf9a830a22f74935df45ff006eb87850eabbc370
f6dbe428,111344,eebc23f755680d34c914678e1313522d649b451de94f4804dd3db6e8e0f389a1
f6e1b90f,86895,fb2a82d1e10fa37313466eb7cf3941d7e858281f48356069009b4014852d11e1
f6e49c3b,91652,9c7dea816d646727b6b4514a48c553f3b3b46de519b9a85aa5d33d84e9ee4383
f6ea506b,84574,c269680c492124a1e5157c8c0d58d713723143f7b86f36dbc9def993e48ae03f
f6ee2eb8,75703,3c9f9cf4e2fe607ccea0ced921637a9ded81d181ddbfa1320129c86b2c8bd181
f6f3c88d,84547,edde9637c2cded298754c366933c0ba710556e2da807cfddbf8e41a5db9d9691
f6f91a81,88790,99ac766093017ddba2ae65299f9d9927bb24141d3f951876eec6c3b2694985b8
f6fa39b4,103706,2b61b55d59dd9a495491179fd7b1efcf4cdb4dc99c18fc4259c30f2a9adf6af0
f707c069,71544,2b012961bac51002fec6eee535c41e05e8f241a9126a7f857c61cecff119b005
f70d4995,115583,ccd171d14df4adedc32f1835e038f3e389e2a606929f13a37843d70485203676
f70d9292,69392,38a7bdeec2847e49a7b9febf8f9b262586e1d7d9674be368f1eb5b0f57c0b359
f7149cfa,240853,d3e0442c47ef7b17c77a12dd0175141363d2f76818002b7f3feaae7f9fe211a8
f714e688,87768,4a106295a2301f9c226665645b6b329e6f024305e9bac8b2e3b705d0e5642187
f71bb806,85833,1d85206f31bb724640c13c6299a1ceb12f8c69a08c4b11ff3b6058ee9c551e96
f71cc10e,103899,b3cdc0faac28e03f0b7de3f82662e2d925af4f8af1e5d76a129db92904c11b5a
f71f790a,61692,2a418f41bd99f320f4f71f787cadc97b34b2f33245c4d3407ecd2258cbb2d2fb
f72b7ef5,127256,0c6b8930687eee4936dea17caf3b2d694f7397b8f1dcad0bfc866cf26bf4556b
f72f7b1b,68913,72f0482d8e20e7ed88f146a6d4ce3365742743618245ebf1792367ba413bd719
f74829d3,102679,a3b6885039651bd5fa0555ed757c860a322b8a6f82264a4b9623c853e5a548d1
f748f675,75382,e8aa062b3ce7417531ce9a106549648d9bf6920778e06902e2f28971de2f9117
f74b8411,94704,2adc9d6e6248c3791b0c972bee4adc40847a591c37ca58df0aee91f6c46195ec
f75480d5,93863,defb67c35bb2e2b4be97343de6c077df4b8955f981cd74a2425a113f144c0363
f7599574,93964,a49efe2c47f6043375a43428edb9095f85866bfdb89a695a901f7ca464207131
f75b1b9e,1722534,1d4eecaefce96a67d69a2b8af5e2fc2577a3c9e00b8dec33c7cb37c8d92c4c89
f761d9b6,105735,dc1332e11bea5d4016c32966975ea124c9633a866c9498abcc300b1b082caad9
f761e136,88790,9d641911d9736cf7d42e860b1adaf14489f07b177bdcecd4f33338ed6efc11ea
f764eca7,74121,271568082fb1959d04b022c3ac687b95dc325d76d20f61e7f8c4674ddb6391d0
f76f49d1,91783,47e426783df75a3dc396a8d86ad1e13b23949d3aaca189192980d3264c007a8f
f76ffc49,102860,2d1749a8c96294f6ed9d7734985b64ef46c40c6fc73ca002283ed20c19415269
f7792288,107559,d242a6f7ad8264b067a81ddd65ba0e858a0f1398464c09b219cf01ab0284471f
f7935c28,79744,bc997c46392cf5e6145602f849dd6732e2f2a617a0bcb768d0622ec5c5ed4b0d
f79d144c,94089,8c2bc06b04e844512b9e524efb63df84a7493df19be4a3e57f6f5487e3c3ff32
f7af45e2,109748,f8a552b2e4d5b385c5ebc966ec39deb1a8881d932a4d53f97306f4bc1baf8a42
f7b10962,94687,4b5dbe0003891d951b94633ab6775302176740663d00e63b7ea057fd9075c1bc
f7b312ed,73155,52cf156488a4f04b8bbbd4ffbc109a160579bfd499202232b715dc0da340a728
f7c236f4,73179,645362d281a0a650f8a08c9f83982a08190a50cdf0f2d0c8bddb0b94fc295e2c
f7cd1bb2,2282296,c9b6e8c749f6af8aea3868ef93e8857dd9e37fea1d2b3a785042272bfad9d038
f7dc3b84,91325,7255159288a3fa0b0bde7dc8a6e1206a40a94438a26c18e752f6bd16ff5e8fe1
f7e26b0f,89065,16d0a1945e54d5a41451b37e1c665ee8f8d7206ab57a15e55ff8db487066ce32
f7e90bbb,107498,9dd2b4d739f850143f333b539623a823b280c89842436f247ae47e781fb90831
f7e989b0,108269,3512547d9d1df6f6f76da739fb7311ecd9eda4f745c33a42335448f2e77e6e3f
f7eaef47,74728,5581856693c839f4eff8c783d61035777822b0e4afeac8a83df271420c3e3e3d
f7f183d3,76849,eedc4b43f21c288a657fffbf3d7f2b00405759c0c94e26f90fe282644b1cec38
f7f2c020,90227,e7f49a629e9441b05afa6bff068b3ed3eec8847d07c1e86327400ed6d1614373
f7f367c1,80329,0086e64f17722ab2d2f8470af04093994385f4b805240f103c636aa46d454f50
f7f65251,93683,80bb661dd1248e6d09247d743064243e07210c833bac761debc30797ce76a5db
f81c8838,83389,62d8d131b8d4ac57002d3c949d07d7fba041166867cc9e95b920aa0f8b1bac07
f81e5144,73468,424ce780a502624f77b60ecdf2575d88c311653b940ccd9a6dc0cc8f3aa9be65
f830883d,1432753,b2625e23ca2c8513b255df85f0462358e131d503e9596b8eb889351ae932b251
f8389866,123245,9298c6a9e7975875ba639566ea4a027cf66c9fa7078f3bea7130354bf93da787
f839631a,115410,5c830401b1920ae3c1dc38f53a473ec7990722f11203a98f6d2108ad103395c8
f83a4de8,80406,af29363d4420d8048c9afe3899a4ca0f849251a29d82a71a794875d4e0b8fb58
f83f55b9,84096,37c14f394d29851c24e4bcb023c010fa41f4cf18dd2113f5f7e951970f0fd1f3
f8440faf,92096,d65f0f8602af3a2905831ba05e722d96cc69e78e855377d8b5d9d240eb5b7e4e
f84f96ea,108508,b806be1f85922684a3b2ed2ecd2bbb46dc7a772d3ae011e792865ed5f9f6af0f
f863759d,636470,c55c418313402448943cc82f149eaae6862b49be43e130536ee01d68582984da
f87ff01e,74748,cb362e64d4180b21b17da47a1707dad6c0c59a1e2dab94b63658a2dbf808ac25
f880f53d,80654,c16a6ef2da4f21f0432f8ec09eecb86ab7a5f3e72c7c48b3aa4f944fc64616b3
f892ff94,99009,2427ae0a1d5932a1fabd70dbc65acb9db6043403707746dc65b9ee39d9c41289
f89cbcc2,98264,6b72f73be0003e90809f8efb23262d37407575b06b3651a2eb6701d6097a3b82
f8a1d36e,99203,015a566a983e4243e150726b4f8504c65542718fea008575014409722a059abb
f8ac6d67,81736,95563221ef6001a5befd16e43529373440beec41dc4eecab2e20bd4d537641bc
f8b6853a,91898,7962e9b6c6b83c6911a0f1596b542983f4576bbeddf4e5162af46ed0a1574ab6
f8b6ad8c,104342,ddcf4f37d477683bb48abbf528d089845c9e4aac6b5a8a292685fe070d3c0f7a
f8b97fd1,96241,c49b6bd52e7e6ff5813cdf2c49475ec182b00e7fea63704d37852c56790cc80f
f8bc510e,92224,b31ab72e21a10c8c6e94ad688c5b6acd553037fc1e6b3e8cc45d1edfc7ad46fc
f8c66b0c,114714,a370e13be530921f1c58e1f9f35d6ec4709bf4890ba5becc60e9f71351294a2a
f8cec46a,85318,8cda9196f90d8c803af603c85a7e9cb9275d5b577313eeee17d48aaea13481e5
f8e3ddc6,89971,94ae20232820e5c29d2273657878e946dd157226614fd42e0d665ee88e26332d
f8e47f0b,79648,4d6541b932c98aef46b19acbc64e0214029fd69f308c8144c91802c073600a3b
f8e8777f,1777505,89b9578baf0962cfb25468ed3c0e35c9a54cf737ea256a11cb78bc95c14b135d
f8e93c70,111859,6680c7d602ff6f37f9c3563ba57769cdbb8e9ba57ddb26a17fc1c638edbd9f6d
f8e9e1c8,86769,73d871f67a77f7d8cdba34574423a070650a4acd7a02284173a9e1f56a0d7df9
f8e9fe71,104042,41ec5f9e4b98fa963ca9b83bbc9a183f6201bfc5c4e794ee4251f1a5a0fd3842
f8ef9cab,80129,8c9624420b4b832baceefb754d150dfed89bb06468588ba380613f54f91c10aa
f8efd4b7,419830,3b91b4eb05eac81d7a381a1b15b3b4dbd5292f37a6da0828519b3e43beed2aec
f8f23e5c,116933,0bf8e6077382a64506112d6fd101b26b08cfdaf469fd551fe23f483bda6fe385
f8f29aba,960122,572c39ba32e78398eb2d8e7d3528441b3aff8b07e37fa8be7bb034867d2f506c
f8f79720,92346,f0e412b6f40fe67e2d9974bb7261e85d39336e18770fd5a2363200d44e09c312
f902f3e8,93722,da0435e924f004ae01379b908a3871c6bb90a550f0979f18376725d280cf6807
f904950c,90003,db7bfe42a89c6747461dab1978867988595cc46cd970c13b55cf306fc60eadfe
f90e675b,112578,6557caa43e3f98c1cfbf5cbc16463981e5f8f0671993e04f43a3176b487dffb8
f90e8a16,242897,d8bef83e57ca9ba4db6dc9209c4e8f5186f50966bbe96382089e19fc30ae435e
f91a6966,94148,4be27913d6cdd3b55e8394fe1a84e31ce269884a94102ebadee8b63be5b1c1fb
f93c490d,116613,9661dd29849a9673e2c83ae4ab49f666a595e27c76608b0a165cd87083b76567
f93fcb16,93171,5ea686e4368c492561a74c21eebf7e1bafc9d81382a28273ec7d668ad57d0acb
f9454c77,1488261,75f16be708f2d450f39fc30bd0377ecdd986248941fd580e70e928af10fc372d
f94aa022,112331,2837d4815f978a406661c726a6b8f48dc9b7a9f8f14545a54d43822c55247ad4
f951f497,89266,b1db8ae5b7940ad7472520019a367ba828aab60302f2f17a50728258e39b08dc
f95242e5,90629,b97a0a0f739f9b6a9c9b62a2780cf43564e4516680da94d6a01ce3067c1dff36
f95e6de9,124700,e2c73bb239e0b264787c2f86d5ff10b45f83cc793edb8ea29d6cc2d6899840a0
f9617919,67248,b87564870cbd6de3f0c984bbc37ada02b67123271664db1d3b1e6736b3ada138
f9685d81,74142,147f59f511e47a201973fa66c1f38d1e69cac0831316eefc00667298e59d3fe5
f968cb15,1516558,85b6c6525d4605890193e9c311f249b3f7732f2fb7873b74950f6343e224e1b9
f96919f4,121741,a21f160f87cd35e995117b837488b1f903590c08018080867a1182b57bcb1ad7
f96c91b4,88020,3e9f388d2cf12ed37f32b33e0c922ec3e9dff24244cd9ebde9bf429bcacf188e
f999a730,79273,18dfcb84d57ab1748337593d28c661f04a5d23af00bb6b73e3a9d5f4ec210283
f9ab7b56,339114,2055b7a93ddee4129bd13ab826b8eb9d2ddcc2de8a16cd6f1f37b912458dd125
f9b45b26,97123,16e0a2d76ec5b6050ad1d036b4fac7a2853b8b0af7f9e08f6c69f1c1201021a9
f9b5885d,77039,3a617e1a7e6e3aae8cf842393f6d18283a01a4aa878c5be2f9fc2545ff08bd9f
f9c3358f,71128,ba8dfeaf8e668978d271c9df18b0d1017486994caf9c6e0211bda2d84a2b05d6
f9c877ab,84015,34002596fd872a6fbc24b15d1fe6ceffd6e588a32d95a2948dc70947b79fad30
f9d24928,108971,44ca89c68ad4e29c4c419d1e49523c788e7f190cc9dfdc55bee0b69e749ba811
f9d896b4,99108,77daa5365383a4fc8a706a1c90565bb7ee9c7ed3286a8222b5dc1929bba45096
f9eaf6c3,78841,6fd9ecb34119d770f23f5a289cbb796793890e585ccf1a7966de34a4f5cace98
f9fd7c71,115901,b9b7773ad9c61ac819f62afa79f25c0a249564aa1aa5af62b08e81b9e358e85a
fa0832f4,75476,1e9e31ad7a7f49c96e55559377fa0e4cfc5d82ff5025959976d5d42edc7927d7
fa1286ab,75188,d261e308d7e7973d3c4700795abb379c14ff801669a602f1918facdc45d8a3a3
fa12fd6a,81088,c8f2f130c0f8db9439fe03d5bbb71ad2e8330e42818496fb33f14c74e8e077dd
fa18146b,371572,e35c9603d71f88ff7e0fda40da505f174927b8cb7d34afa9517463b2cfcbb4fd
fa19df67,86590,7717ea477cc680e6030c3a45e02df39d60de71695154aad1a4ab9d039f81c562
fa250ab5,84310,b6fbc364366149f22768701cf55971dcfa7db0be3b198a9d89c9727013621f3a
fa2a3b49,81916,fe5c5ff3cc0926b30dde3f3c3ac16dbace7f5d499dacce4d913d43434bcf6d95
fa2ba502,74892,5c06f662988375a30bdfc6b1bd496c9a0ca7055fadc4e77d9874e325bdbb1059
fa3922a3,379529,92030975409c2eeb15d8cd8692bb8b4a2ca466261e9c10e876c640c7e9d29b37
fa3a8b52,77593,9268a79e2b066cb325b2f063223c5223a37c8d2b698672aac3da0e09fd23fa25
fa4b251a,86420,404d706bed4ef6b267ec99004fdccaba25c0001174558b6138a1dfd74467360b
fa4ccbed,116737,a502f059fb97d8bdecdb578e99ae9dfee77dd6ee535669b65993702c91b3174c
fa4fa688,90556,99df9fac12919e9db6dc6bd271ebe09d97b114608912bfa2c983557091b0ce57
fa50653c,93531,2b5ab53c0c894e842b910a24227850997f96e9a57696f675f9ebb0bf70540bd0
fa5efc3c,271849,6e9527e05248d4aa53324d7be2c773906a4b82cdf0bb9b626e352b76a39dc6e7
fa6b1fe2,92177,adbc43dc92c81695769b7124e71b38710dfb817fbb61d491bf3bcd11d05ff82e
fa727b49,137154,19ad2a328ddf1f793583644a6c427d4f4253e54ad36bc83eab053702e2441849
fa77f906,111508,3b6de2c908162a9310e417440bf5fda8f9d2d7ca1126649baa40213354a3c4d7
fa8084be,95743,ae756fe27354b072c4afaa2d1c2d1414fcb3f62b7d48bd844da9b009edac59c0
fa8f8341,114476,817dcd152e49537bb7c13466fc3a02e1ebda4a53ea54166b8ee41773a33d170e
fa917c85,373962,a47639d248c6846d60a1d7b155958c941f27e36761820139a7ddf29c72d4d28c
fa9dd547,100601,7957d9be846fed35bca76a0f19132d8483c5f0f2549e4e2ec21f5a8f56f6ce5b
fa9eb233,96961,26c758e450951943bce31aa786bb384c76ef02499916f95532976ced48d72131
faa2b23b,67127,8931edc48ade6ac2f8f13ac10832f4c7c2e56655921919b8f94fe1c024b0e5a3
faa654bb,94958,fb682e0edefb5c200860d42f829a8ec1ac827df3ef5eaf33fe23e1167d0d4129
faaa17c6,70076,d0699fdf5e87f416467cb38ed7aa89f7222bf9b618cdbd71e27ef92d12df7c64
faac1e18,100033,094b673c410e75abf9214dfc1de151cd68ebc206958d8daede10d6f15271bd21
fab7cf52,82780,6472f964a42284a98c3ff04056a090c6bacad6cfcc14402a81377db4516ecd2c
fac80298,94951,08644c0be361dd684e3983ce3df7654cd26e6e4ee2487f2b56d6f230d30e7b95
fac8f678,1915773,4a175384c116aa3326b0f50fd6427374d5bedfedee9b66c703e8fcffcd8072a5
fad008a3,102314,1c4875f8246dab8bce9f11afa0f95ed2bf4c13f95b249ed75ab8a06e92b1c27b
fad0f09b,104540,7e3f5c70dc2d0772ac0eb273bba215007087fa5c2dde4fe9a3e38aa989a18744
fad33743,79943,f01d42a512a5efb1b954a9577d1c4fa3343ef0415bee6b526c1e51def7e92c83
fade1d38,82764,af1d0ff7bd492ccf3ea3eaaf94da8cd6375116c89056fe4556d9cdfb797a6f1d
fadf6bdc,135443,f2a0ef9607e1ec58fbb02b91f242941158b15584012704f101969489b5242f74
fae44785,87577,c45664aa1b99dd1d35b4335094a0abec8c006c9e3754cad558dcc9a1188062cd
fae92dc8,114040,1cea9c0c19c032b5059b886757acf2a597fbcf55b1ad4f882df61187335b0ef1
faf0ddf8,83396,d6c7181cb692f3a5c8e4465c7bcb93c7cc43cc40a2b7bba96df59d0e90a1589d
faf2acd8,66285,cc79c816541cf4800919f8f46f474d68d882d50c167000e554bc5a56360bd90f
faf4eee2,124245,f624e99868424d0e9d8282a1fd96f4238c9e93bf5fd4aa8e73d9902792279456
fafa370e,76383,442c0e718ceaf583af682772707805a173431d33eb30f9e9080e006b6291cbbe
fb030d77,67879,555de3c6858ae29bbb6839b8037a232bb86b0f7155d003531d65476085f706a2
fb06e01e,71922,0997a3f534b542c4561c87a2f9712f062a28abab5203436ebcd23984ecb1445d
fb247ac7,99203,62e90d6e41df56d865d21032bb3dd2a17798d70bab77d49f008752bf9c34c47d
fb3bcfcd,107692,247111fc132139b31328d3d697170bfd5faceae08a55a7072a133595f80a28d8
fb408499,107638,7758d2fb92884ade3454a59ba04152dba154d3b5cdedf9fb0bac2efab6dee4fa
fb415321,111601,3bae218dd555afaf56f0a326e219316ea4ff33058ab61524c3a0cef8f899a88d
fb469a52,95565,ec9f28ae73825cb5cb35f973685a6f5bf7ba4563656ada11e27aa9cd785797f8
fb4c394f,108551,c4a3fa1bc1873b8c48974af570cb3c64f48318105100487f146dea4491820490
fb57c71d,129365,635c486e5c08997c835f9c4359eccb74c247510f0a8ffd9e2da653c8b1c4f51a
fb6798e7,81716,ee8242c2f768c18a52b8f4887c06dd543c45afc4e401fdf31cbb751b9eb6f5dd
fb68d45a,91668,464f41e470165f6447c5b606f11cd922a10e8e13b23f856e1cb680b10b81683b
fb6c2633,81005,ad4aa3402f758df140175cd565a57c54e5e052cc63a1aa8bdbba9c47b4df7d4c
fb6e0fa8,116355,75b98e21d18323906cdeab53ba84bdb56b7bfe681dd46f37fb5f8c9aa8835d7f
fb784ae6,88865,a1b1277f59e468aedf40e0f3d6eb5b8b08d9b6a7537a6b44bf59ecd87dba13e2
fb8cef8a,95143,8b61d2fbd4432a7ad8639c8b2195aa904ac839c3b950d68170ade16de6eaf678
fb8f076a,65204,1f84ff9b074f66c69ab2d60b9c7a455b77f9a3bdc9c778425cba287d91b023ba
fb9bd56c,107098,ae2891575f1254df48dc1544485c846e840b7d39002d0bf414d8b119447d00d5
fb9c7fcb,100393,3f5ca43504cc1929766c7fcbfb18fd090d52dd5ec3579106c694180e00f987f9
fba210c8,76712,4a8f0ed251654f7d22aeddb743249f7776e1cbea4ccc5961f910eeffeb971f37
fba39c51,81798,8d2d480f912739ff1eda275f9fc3b8e8f107cde4d706c557628728f9c5ceab57
fba5723d,108611,d067425f698779e05c173f251620f9aed7f70c9976d9de6790c19e78a3d50a97
fba63db9,84661,d015fda300465097e511cdeead7b77a9f4563e04673724cc0321e48dce8468e3
fbaf6a85,67993,0cd21f802ab115c6556b48dfb88e4305fb8cb78642e4d2f2b2fcff2a8a250393
fbc50fc0,108105,d8cf4d9b3b611c2fe488574bde47dcd9e2ed3612a36f369371e5b88199a89f59
fbd56d4b,71366,b42b3c50d7ba413e2e6f155ae5dd71194fbfb01d06e394d2ee852ba00b2b8a47
fbdaa653,74390,0aea08915856144a702af64e4877fc59f0506a6ff2f83394b2f9f9e85831ec86
fbdca58d,624729,a0d4b0ba39d30114897a5bec85dfb3e3e2cab39e00525d3c6959805c11dd1900
fbdd9bbb,2062800,0e965de98e4cf46346c277b0e13efcdaf9aecffb2e195e3ed4c82973b5028fb7
fbdf6ce6,245266,dc4d1194c055964a12db45d0641845f730cbdc7969d3fea7d74148853339e3e9
fbee4ff8,122964,9699086b57f91da7261d43334cfdf7ff739c97924eed6828c3dab037425d8be0
fbf17e4c,103413,420afa5af24a9f649110f34766e07cbcb22986fd438c90f1112010aaeb3540da
fc0459e9,89848,c5760b3fc905086af55e2f46191e688c591f9fe48ad6cd86a158260af93064c2
fc0493a3,76576,e24e52a109cd95cf4ee3c78e46ad4ce146b305ea5e5b17df0d0f6e52c778115a
fc0b572d,731663,3978198f86d35bbe87a257bb495ebf060924b3c2b7364e51d1228f3a96c45324
fc0dbba2,79256,7661359339ff5054d3a10e48eeb94acbfaab9d97772895ceb2cc1fd8621d67ba
fc0fce36,94087,188c4ba5140139225738e8c2b7eb6bd68d2bd0915df68866b56195ffe3fa0e04
fc2e57a0,75661,bda642740eb090155b2cbe940afab26eda3ec4c6c5b3a9e1f658618900f6874d
fc2f6e00,74166,23606f8f60df1464cba7de0c285c52935707862bef92997affde906723f1d72d
fc3e11a2,111980,25480861c28c06f1b3f9a96a1e8950af411769752ca2dfcad2bfdabc35a3b96a
fc40aa9a,74422,92c544dce17c65132125d56d570bb95f7b3a37a512fcf815b9805ed577739f9f
fc4c3b49,87086,1414ad1a5f44399c2dc3d332a45bf2f07731d59aec4d017dabfc08ebe9bd26e0
fc58d073,95026,73a0866c9c7ae1c419efde5e73d0b1b9dcd4ec2fd050b5172bd53d9f49b324c1
fc6c5203,125854,7e4ce8539bca01700f424a95575a41a147d1a8cb02d7e3c85d340810c332c8b1
fc714974,73989,85ec9ffccce80cca5f6906854afbe3123bdd6f742a69fa985334ef8c2851a8df
fc73bbf0,544522,d7c56aeb23e30e4fee0881a65a42af7cc3418febad9e9e93a20dc1d7283deb53
fc7b738b,116827,62644d52ca65ff171928bb7f121275e58bc5e7484d692531485abf3da3053fc4
fc8c847d,86251,2e835b25b554706dcd6463a0b58f918c655cff847783ce7510ac41bc3a301098
fca5ca1e,99921,86b5a26c4cca5d6d625ec933073938d04d32a8995774dcb583a27b4359b1e53c
fcbfb4d1,105827,0eb7332012dd767a99b4e2f595c8a8e8c842ecd7e5bd5db8823dd8c9418a16f6
fcc62737,95477,d4feb13ab70e3a7573c1d5ab3e6ec15302061d8a61af589c5be53043123dcdd5
fcd06cfe,354704,97f37333b049eadd40cf6cc81c4874e56ef8550c2e5ce8b4d44ed681ad81e332
fcd4ed3e,94814,c99ce1d44512b03f60ad76d72103a12c7579aa1c282a43dc26251619d9db1153
fcdaa31d,76495,550c110a51850d92104ff26dfff5dc165482fc92ac7467ee8bf500950f03a764
fce009ab,93274,3a4f5a69d62127f8caa7ef65cd77c098c029fd373912d3789ee9ebc0ad024c91
fce434e1,70778,d2dfb3412af1f956950e286f3190561bdabed89f6c2961100ee13a6a82906347
fce517ec,106160,e077c16ced85d34d537bf29ff0ad568736f2e7c22620e7951928e5865d49830c
fcec7b7e,74804,46178ab9bc973d4c07e72e653828a9a7366630572235dfcb1ef483c55cf24093
fcf2d8ed,74629,11ef09246ab552148bf24afd885853632ee4865c0440f3405e216ed3e3654535
fcf34a13,275370,13d7f0320f819693ff26118152c79de87a5b33624090c3d3175a53bd70484348
fcf45cc0,89168,67b2bad147d8bccc1b6bdb730304ee8d7afc3b46da72695a1becf3a1eaeb68fa
fcf856a9,72428,111f57fbfc5270684c895dfd49a58610559835e74c50208e79e1804367f2da46
fd1ea350,109812,2c3a26359b35713ca40444168205f4bb4e51f0086f71684e1e121bc80cf61203
fd293f80,80646,19e3e5c1b2caba17f7f1d309776c42a7696aeaf3373cced4952ae380440ea58d
fd2b04a4,96926,83b17c3d8081f8ada627a9faf543aed0599b4254ad9287219268c6245e771f91
fd3119bf,83103,0895db34464ee60c665a8bf0d7cc70bc713b49fed9884c8df69db7a0ecc94013
fd33fb3e,75578,81adf3c1aed4b94a7bad615a6a909274acdfad213c932e37357d70cf2b0f54f4
fd379315,69934,c31ecad95fccfe09f6e4f07daa6e9b21e4239390368496854db278159841af36
fd39f776,96130,1e9b3a5f5763b61c1901e3870705e7a25e4dbe66526c8c2c8692bf545da27c67
fd4081d2,83774,581e13d42474d058a6cdec20dedfe08c51e34d9352fef6e909599aac23fd2077
fd432a33,85357,31352f5d10e82f8bc5fffbcda89c8dcf21b64e4f59f3a222d1123430d7a6bf3c
fd47fd39,108405,75c2a115cb0edb70151cc8f7d59dcc037f49ab49a25153c59fe4fc2ff5f6c4c2
fd57ff1e,95307,75fed4b7546d2d0739f7e444c111da4d4739956cdd01d4bf8275424ff4e3614a
fd59877f,388191,c2f1b346c528b0c1f5dbe30ef3c9c8070f8c8ee9d557ab54219164dfed9e7b74
fd630138,100784,d1aa3f01fe53a40e2d1f113c37ed48f1adbef717c2c84a99204e331eb3426d8e
fd6817bd,1922066,42ef3de4dfcf50702cd75cd3e1a6919cda02c299f2100f28ba1c4c88055cbbb3
fd6fabfc,91586,cb6fcf4d8960a93c544a97926ca8c930458617991e8bec35898524f10641f8c5
fd7533d4,313189,ff13aed3a6e843581e289b4d63128ef89a3816a5ca14d7cb3cbcf2f2b7cbfa06
fd75e6a7,76603,cd079a8b680fd8c84541dd20f49b6b911edd6359f2f8610649a2147c5876459d
fd7637ff,299997,6618bfd84901401e5e9f26d560a6348014a78588d9661da507ba39d2887f5a5c
fd871e73,115635,65885de412d91d38d390ade6196a70ce84f219204dd1fd95c61316f25dd10849
fd8b3f67,124894,8c2d104421592de2eb3682caa642552b5ecaadeb592a104d61d5ffb428f4edbb
fd90c3b4,75875,766ade4f73db767943a5e55477514667b06887544d670d497ff6606a5d73eb16
fd9ca546,106262,10c8e7ea5f5af1c272ebaa3ce80df694bb21ef961890c7b55bd02c2f03fab811
fd9da01f,72524,a2d6a2853176f753c9a472518842d9ebef5374dbcc882d3b9a0fb5427b68bcda
fda2a3c3,75034,dbfe11247c2e960420dd4fa6d4b91af1d10f6c240c3e23edc1ac9b0e7891017d
fdab8a80,94188,4738a683abe759c6f6f5c1fa93f5ad8713a0cfbb129a89c663d2159b53d9c948
fdacd2d0,117243,cd5d8afa0aa1fda7fcb2d06324e51c68fd1c26b3a7c07cb06b553ab9734c7c1a
fdbf4199,448109,94c7d0c68fcb43bbdeebd05df0a1aaa1dc2d727ba7a244778300a8a22434d2e4
fdcb8f3d,98535,60bec11c831df76cdc76d8032d1e8b02c57b8100ef5ef46373d5209370432b38
fdd787c8,74710,3828020765a415c1506554367e60fd5c1591c9a7973c656d0ba0ab2448341f25
fdd88fb4,96981,5471b41c8e02729252ac32b616b70cfe49e068a31405e8e6a23f42bb794d1ff2
fdf4f9ea,105796,640224c2c9efe71b5c6de4a183305b42743374e2afd2dd824cb68f8c6a950147
fdfc2e3c,238645,4078b6f27df91b745acd95a2c6b1ffeb294ecb86b1625984b4132200796ff27a
fe098398,903753,582f45ce9ec962bcdb013cb9de31f7afc8332d886c30f9fe5657e32d41262018
fe0a0152,98595,a3a732da54c93b47d83b5322c17d6dfe03b4bfacc8c8d61f4013f4818e0a2e37
fe0fd8bd,92632,45b82a3cfba0168986f7c9729d97d25d0f7c247cc96b22b379288410656b84ed
fe111d7c,101125,22faf684a037e4f33ac4cbf2c197dc9a46ef60401a5ff6d8ed3f7265524877c7
fe1420da,106149,3b070dbdd2b5f62895117e91a5974ced6edc67aa4e5dcdf9e834283bd3756b07
fe17b6e5,118911,015384887b04e812b3c210ab91b4ecc2ca50e12b64b0fb5fed993f648fefb162
fe1ccc05,100126,2ff5824fb3b1f3d19803d1b030f844c7251130bb042d1dd831b0b24e667b2e71
fe1f3276,1744114,c582827b39d385225de54895fac667c8274e5e0675e7dd97112c090cca51e9de
fe1f70f2,114367,cb1235648fcba1789940a53b82cb9ad5ed23572bac7cdd46df913278fef87b8a
fe29b06f,72386,10817b2da53de9d746be6936e9f24f28a74c294e4e8baf6f627b3d406c278be2
fe357d49,88348,1d59305a958938d282a7dcfe6cb1b5fe6b886f532b2afae6e2665eefe56f44df
fe3c5e1a,122895,0779a89bc46a9c9845aa3d242a9121829348e9619008e275f7fccf84f7485792
fe40415d,79544,ad047b870e8b6ff8b9c4376840647ec69cc8a09afd4708125f31bccd894d4970
fe422e4b,107639,aee1b2a6415672d47b46b87cc8b8c22c2e835d24803f3a41a95002f0269693db
fe431e94,111620,eef9c3b842c8a1d87edfa50d3f9f2a608f591b4aa0fa6bcda9c1837c2d4f3237
fe4cc2d3,100044,809f8dbab23fd3b5cf138b8a058d98e556e4224f642804a4273245dac0b71432
fe521629,99745,30de9763f26967d262dc84aa03707a5bffbd3b797edd79dfaad7c92aa5d0164c
fe60f3e9,73345,267d66876760e1fb12fa23da0e539c72319f2a776215f78264521b3e6d8d1b51
fe670668,82287,9b99bd67dbfa49b2c515617cded6b8bafdae70517028423ddf56c35759638075
fe7bb888,86235,fbef81054990db2f1d039ae9f611432d6fb65b7ef1175a9a7cd29f6249cb7e13
fe8235d3,2096517,af725ebe3cd12feaa753e7d69e38e6e799acd49b9fc994253d0869149c71918f
fe873ff2,89085,07df1d99e5e32f46f5c06552ebd0bede913079aa13d3b11908337228ba68d0c5
fe9355f6,63139,cbd9dd7b1eef6340c47972b652962053e505597827ee901de5bb1b7a5e405986
fe9753dc,110620,c9edee71dd28b1a1b884f4f98234c1d02b9b2f72d40d5ae604733d3156604f42
fea82657,100645,75560d16c1216d14b36285da99eb79d9529fed0fe6079242cfc9aab1d7ec2e3d
fea863cd,79548,320a5d08f599a5fefe3e10d867cde404436cde836709247cde04195a1c3a6e18
feb1c4d9,94994,c73b9f57362e9ea65bb5dab19fdf04697dfcd3bd711454421719bfc0d28982d2
febe6c7b,110337,0dbeafbb793261a05d716cb6b4e53a653a3bf6abf7f0d6c3d0c3deff85df9bf1
febec94b,113165,36f1c7b51d0e0329f62d04b3887f6d5a24c008d02fb75d4164f91f4a6b8c52e4
fec1209d,71103,aa1c67f417b3e7e14e10b3018e8fccccba6307f3fb6dccd8dd75af511d5ef3bd
fec709d0,87140,705a243706f41dae5773cbd01163d2c6b5bc3cfd668cbdc23207db0c2b8ed826
fecd773c,95449,b10e8ebecbe85b1dc30227ba57628220bc21d2ff415880304a5c9f6bd98d69bb
fed3818d,363464,a9a457dec0b5d34a5c53c81fc5cbb2563c3d120e118e7a9b42c8d1526c7ba12d
fed7924a,77334,bb6419fe49e608123446f33d4582129e2787a616091abaf99d0130a48052de58
fedae336,99961,591ca2e2ed24cc5a8f3bdda9a395dba2b12876d42acf184d53634e6f3c4b69e8
fedefcb2,91527,890bc1a837430b9f37080c670e2b1028498756f2e9257ab90ad40447b4d0a813
fee1c30f,115240,e0a8e009185c3c463020c661b101ece1b540d7c977cbb440f6826e4f47ffcf2b
fee4c4e9,107568,f96e736be37513e4d9c8075bfc145333fe91b61ed738856b3cb7161eb5e99f01
ff0331e4,107666,6fe0ab93aa04b66b8fe8d5ca0310da5f8da521fae6e0d950d3acb895610e500b
ff05feb9,107263,3f5a8f76947d71d92e1fb4828fd84b2af8170e93907e3ddb58591c39fae1d837
ff0a844d,79317,fe4f51f87acec170f53aefb82a277ec2676b524a5e58a425f2db41ed6aaae440
ff23ede2,115630,23f15d27be794e23bf2d2163debf738dc863a8290308eea9bb2e6940ce66c4d6
ff257135,105343,23293b9841ab1eba9527703d976884325689225c4190b008df7969a7564f6d57
ff2bd129,86052,e7deafba4e3c0e3eaee7ac707572aef35712f0b76644e815c4c75a4ba6d73cd8
ff2e8c1d,117954,763261f5a30a54952a519e988b394997a95ea012205fa4e39093853a817a5ef5
ff33cb1e,88506,ab3e6416ba6eaa3266b60f5d2282ce0551040b8b5b85fbfbd69f8474fe30994a
ff3d264c,84231,df36f7afa827afbfcebe0e5110cadb6424b045307d5df66669dcdebbbc90b51e
ff44742d,79318,ac4ce47a545adf4801cfd2b56e8ea0989952842740ea68bfe27324963361927c
ff454e2e,94561,25f9591a5a248edf7cbaf76105942f54c35e12eb95e8aab23afbb173683da8b4
ff49adb0,74127,73abe3013ac23ac10460c45c201104b1d3e73b9dd3b31ac60fe600a4fc9220e8
ff524493,90177,307ab2ef4fd200a31aea6c603cd0d27a5353c696d5e82cf32b7eb6686da05895
ff52d7cb,108997,fbe5c50128f1f32570ceea7a24a4b20a1620f72eeb34641f67fd9d1ad0f621cd
ff612f72,105475,53a80e04298498f10a6ca12abd5d7f7ecbc14a007fc1db6a04b5492fc254073a
ff690897,70397,9f50f95c12832f11720fd96dfeccaacf98621f373cfb96117f979fea29a61953
ff696789,113299,6f1c3718e123d2a77e07ed25f17bac1c77e094db3fd9e4dd3cf3a3b9aed7498c
ff6a6477,50935,35001b567ac51fb1efc97a8b57bbfaa0936765fe7c6291bf0254acc84554de05
ff7b6d64,84508,86c5702f5dcbb6514e458603f5febc818469f4db3c6087e946a4e9440b4bc9ba
ff7c9f8a,105819,102bc1fe802b22d711cdf2787e50a46a46a23b0af2cb55450e6f05848f09d243
ff856a60,72624,d2d8cdcfc1669772f76f66561551c93a986d103ac719fe2ebbb78b9734af0a81
ff859e54,71563,5da22d8797fe8bd9076387771d823656bca8c024aaff4c80f37e66c7a7aee0b0
ff87da54,72125,df1576ea3fe9a252f43306ba15a0c96ae26049eef2a65ed913dd68054142d791
ff8d8d53,76697,73758443ebe1e3ea4b58b61605dc49c74e77296481c3a589cbc38c30127f2f3c
ff907cd1,85481,bc895b96a970dc29206018c36df602865baf897042386e86ff05f6c6ed19ae0d
ff92e655,195257,dff97616e1b0274c64770580d25ccbbe7ba7d6e08eddac22406bf55328e5f6ad
ff9a5d12,75434,c3d2fcca2270a9dd410017c45f00aeda87d9409d86bd4a96ff289e01eec2e29f
ff9ae0be,90392,00d6b42b233aa1a5fb8a5d616bb32b46042a0f2e4b4b434975a61dad5be7f379
ff9bd90d,106334,4dd33e6599c40072dd5c260804b86c59c9a890d4c532e76d527eea0522730096
ffa47519,68689,a5faa41d5a154685badc38807588a911c9b262318a994aca5b271f6bf51bd1b4
ffa6e1bc,119240,a09da99742febdb6cb5546f196c10f799422c1868e2cd920b4492e20ac2f107d
ffb52bd3,100454,1c06094680d679fccf2aafd7516f5a54341b2a48b2e07509e48b9d9d2ca95cb7
ffbd5bc8,123588,085f09b69160ada13ff79162b6af59ddc935118872d5dafa7459ed450ef98e7e
ffbe0e90,112309,d943dc835c8d2312fa6e03d737c54813d859b358dbc5d3b6c14f0eb878ed9268
ffcb19dc,96802,6fce88bebd0bbff897d529f5417ccc837d42149dd6f09fed611941a644a24ada
ffcda8e2,100165,b25df3d4f0dddd019d6842beb2961abbef4e540ed9071a87e9a0a9206da2afd8
ffcdd6cd,76409,bd718753fda032eaca20cf3f1ad720188b6364d015e8622e5602791a24dec1b7
ffd009ca,91451,32bc7c71165a9253254d76e8284ec3282f19381287176e3584b66a925c5b8d76
ffe97150,72801,5e0be0b0ac41ff50558ce121dd15e740e6620dd499417463cdf7b967dba9de51
ffed30fd,362099,dab4eda871902e6ce6d287f2356aa3eab7044a64d59c3f6429182d0f3ee952bc
fff0d182,75941,9a0cdfe0bd031e31b1eb6d8f85d19b04fcf77248900318c8b22908684d6edde7
fff38732,76276,10e2ec7a37d11fdc65acbb1d5713b9636e9f7acb91fe3cfa877a0efa64321645
